NAME	SYMBOL	TITLE	RANK IN GENE LIST	RANK METRIC SCORE	RUNNING ES	CORE ENRICHMENT	
row_0	Gm43000	predicted gene 43000 [Source:MGI Symbol;Acc:MGI:5663137]	9837	0.2526496350765228	-0.30953145	No	
row_1	Speer4e	spermatogenesis associated glutamate (E)-rich protein 4e [Source:MGI Symbol;Acc:MGI:2668871]	11331	0.11561787128448486	-0.33046782	No	
row_2	Gm30613	predicted gene, 30613 [Source:MGI Symbol;Acc:MGI:5589772]	11576	0.09402991086244583	-0.3085675	No	
row_3	Speer4c	spermatogenesis associated glutamate (E)-rich protein 4C [Source:MGI Symbol;Acc:MGI:1914023]	13101	7.769059739075601E-4	-0.36945152	No	
row_4	Gm21083	predicted gene, 21083 [Source:MGI Symbol;Acc:MGI:5434438]	14028	0.0	-0.40660447	No	
row_5	Gm21149	predicted gene, 21149 [Source:MGI Symbol;Acc:MGI:5434504]	14055	0.0	-0.40764764	No	
row_6	Speer4d	spermatogenesis associated glutamate (E)-rich protein 4D [Source:MGI Symbol;Acc:MGI:2668869]	14172	0.0	-0.4123018	No	
row_7	Gm17019	predicted gene 17019 [Source:MGI Symbol;Acc:MGI:4868370]	15711	0.0	-0.4740094	No	
row_8	Gm10354	predicted gene 10354 [Source:MGI Symbol;Acc:MGI:3809109]	16429	0.0	-0.50277686	No	
row_9	Gm9758	predicted gene 9758 [Source:MGI Symbol;Acc:MGI:3704245]	16430	0.0	-0.50277686	No	
row_10	4930572O03Rik	RIKEN cDNA 4930572O03 gene [Source:MGI Symbol;Acc:MGI:2441686]	18536	-8.192579261958599E-4	-0.58695745	No	
row_11	Gm21190	predicted gene, 21190 [Source:MGI Symbol;Acc:MGI:5434545]	19204	-0.035400163382291794	-0.6017882	Yes	
row_12	Speer4cos	spermatogenesis associated glutamate (E)-rich protein 4C, opposite strand transcript [Source:MGI Symbol;Acc:MGI:1923108]	19742	-0.08737008273601532	-0.5938881	Yes	
row_13	Gm43391	predicted gene 43391 [Source:MGI Symbol;Acc:MGI:5663528]	21738	-0.30191004276275635	-0.5721812	Yes	
row_14	4930519H02Rik	RIKEN cDNA 4930519H02 gene [Source:MGI Symbol;Acc:MGI:1922308]	22289	-0.37946364283561707	-0.4663609	Yes	
row_15	Gm3510	predicted gene 3510 [Source:MGI Symbol;Acc:MGI:3781687]	22884	-0.4653233289718628	-0.33336934	Yes	
row_16	Gm21847	predicted gene, 21847 [Source:MGI Symbol;Acc:MGI:5434011]	22933	-0.47418221831321716	-0.17548557	Yes	
row_17	Cacna2d1	calcium channel, voltage-dependent, alpha2/delta subunit 1 [Source:MGI Symbol;Acc:MGI:88295]	24134	-0.7596262097358704	0.032378476	Yes	
