NAME	SYMBOL	TITLE	RANK IN GENE LIST	RANK METRIC SCORE	RUNNING ES	CORE ENRICHMENT	
row_0	Tasl	TLR adaptor interacting with endolysosomal SLC15A4 [Source:MGI Symbol;Acc:MGI:1918648]	9715	0.26296156644821167	-0.31131738	No	
row_1	Tab3	TGF-beta activated kinase 1/MAP3K7 binding protein 3 [Source:MGI Symbol;Acc:MGI:1913974]	11493	0.10213445872068405	-0.35214368	No	
row_2	Mageb11	MAGE family member B11 [Source:MGI Symbol;Acc:MGI:2684890]	14087	0.0	-0.4561716	No	
row_3	Dcaf8l	DDB1 and CUL4 associated factor 8 like [Source:MGI Symbol;Acc:MGI:101758]	14351	0.0	-0.46672282	No	
row_4	Tsga8	testis specific gene A8 [Source:MGI Symbol;Acc:MGI:1194903]	15765	0.0	-0.5234106	No	
row_5	4932429P05Rik	RIKEN cDNA 4932429P05 gene [Source:MGI Symbol;Acc:MGI:3588287]	15791	0.0	-0.5244136	No	
row_6	Nr0b1	nuclear receptor subfamily 0, group B, member 1 [Source:MGI Symbol;Acc:MGI:1352460]	17374	0.0	-0.58788145	No	
row_7	Gm14773	predicted gene 14773 [Source:MGI Symbol;Acc:MGI:3642821]	17542	0.0	-0.5945813	No	
row_8	4930415L06Rik	RIKEN cDNA 4930415L06 gene [Source:MGI Symbol;Acc:MGI:3588286]	18202	0.0	-0.62101954	No	
row_9	Samt3	spermatogenesis associated multipass transmembrane protein 3 [Source:MGI Symbol;Acc:MGI:1920745]	18469	-7.313337409868836E-4	-0.631473	No	
row_10	Mageb4	MAGE family member B4 [Source:MGI Symbol;Acc:MGI:2148568]	20697	-0.18450675904750824	-0.6657827	Yes	
row_11	Gk	glycerol kinase [Source:MGI Symbol;Acc:MGI:106594]	22107	-0.3521885275840759	-0.6172591	Yes	
row_12	Il1rapl1	interleukin 1 receptor accessory protein-like 1 [Source:MGI Symbol;Acc:MGI:2687319]	22638	-0.42794379591941833	-0.51087475	Yes	
row_13	Gm14762	predicted gene 14762 [Source:MGI Symbol;Acc:MGI:3705212]	23191	-0.5236921906471252	-0.3768132	Yes	
row_14	Fthl17a	ferritin, heavy polypeptide-like 17, member A [Source:MGI Symbol;Acc:MGI:1919246]	24055	-0.735357403755188	-0.19209297	Yes	
row_15	Dmd	dystrophin, muscular dystrophy [Source:MGI Symbol;Acc:MGI:94909]	24145	-0.7630342245101929	0.031934626	Yes	
