NAME	SYMBOL	TITLE	RANK IN GENE LIST	RANK METRIC SCORE	RUNNING ES	CORE ENRICHMENT	
row_0	Fgf11	fibroblast growth factor 11 [Source:MGI Symbol;Acc:MGI:109167]	3652	1.0493532419204712	-0.079246335	No	
row_1	Rab9b	RAB9B, member RAS oncogene family [Source:MGI Symbol;Acc:MGI:2442454]	5696	0.7106654047966003	-0.11563608	No	
row_2	Sctr	secretin receptor [Source:MGI Symbol;Acc:MGI:2441720]	7359	0.49863606691360474	-0.15034623	No	
row_3	Gm16894	predicted gene, 16894 [Source:MGI Symbol;Acc:MGI:4439818]	8509	0.37626612186431885	-0.17231645	No	
row_4	Bean1	brain expressed, associated with Nedd4, 1 [Source:MGI Symbol;Acc:MGI:1929597]	8701	0.3572112023830414	-0.15703991	No	
row_5	Ncam2	neural cell adhesion molecule 2 [Source:MGI Symbol;Acc:MGI:97282]	10010	0.23745228350162506	-0.1943123	No	
row_6	Ephx4	epoxide hydrolase 4 [Source:MGI Symbol;Acc:MGI:2686228]	11284	0.12013699114322662	-0.23771532	No	
row_7	Tmem63c	transmembrane protein 63c [Source:MGI Symbol;Acc:MGI:2444386]	11510	0.10035926848649979	-0.24030384	No	
row_8	Gm16083	predicted gene 16083 [Source:MGI Symbol;Acc:MGI:3802163]	11592	0.09284833818674088	-0.23759218	No	
row_9	Gm12371	predicted gene 12371 [Source:MGI Symbol;Acc:MGI:3652322]	12349	0.027808984741568565	-0.26616478	No	
row_10	Syt4	synaptotagmin IV [Source:MGI Symbol;Acc:MGI:101759]	12448	0.019118288531899452	-0.26887208	No	
row_11	Gng4	guanine nucleotide binding protein (G protein), gamma 4 [Source:MGI Symbol;Acc:MGI:102703]	12717	0.002654011594131589	-0.2794638	No	
row_12	Lime1	Lck interacting transmembrane adaptor 1 [Source:MGI Symbol;Acc:MGI:1919949]	14789	0.0	-0.3626298	No	
row_13	Gm15624	predicted gene 15624 [Source:MGI Symbol;Acc:MGI:3783068]	15266	0.0	-0.38174474	No	
row_14	Rtbdn	retbindin [Source:MGI Symbol;Acc:MGI:2443686]	18563	-8.643407491035759E-4	-0.51404804	No	
row_15	Tac1	tachykinin 1 [Source:MGI Symbol;Acc:MGI:98474]	18612	-9.678952628746629E-4	-0.5159134	No	
row_16	Acap3	ArfGAP with coiled-coil, ankyrin repeat and PH domains 3 [Source:MGI Symbol;Acc:MGI:2153589]	18855	-0.004131804686039686	-0.5253661	No	
row_17	Prrt1	proline-rich transmembrane protein 1 [Source:MGI Symbol;Acc:MGI:1932118]	19360	-0.049392517656087875	-0.54243255	No	
row_18	Vwc2l	von Willebrand factor C domain-containing protein 2-like [Source:MGI Symbol;Acc:MGI:2444069]	19369	-0.05014081671833992	-0.5395329	No	
row_19	Zbtb8b	zinc finger and BTB domain containing 8b [Source:MGI Symbol;Acc:MGI:2387181]	20712	-0.1866443157196045	-0.5814344	Yes	
row_20	Gm29514	predicted gene 29514 [Source:MGI Symbol;Acc:MGI:5580220]	20919	-0.20696406066417694	-0.57641184	Yes	
row_21	Zcchc12	zinc finger, CCHC domain containing 12 [Source:MGI Symbol;Acc:MGI:1919943]	21020	-0.21770450472831726	-0.56644267	Yes	
row_22	Gm9831	predicted gene 9831 [Source:MGI Symbol;Acc:MGI:3642047]	21318	-0.252557635307312	-0.5621456	Yes	
row_23	Pnck	pregnancy upregulated non-ubiquitously expressed CaM kinase [Source:MGI Symbol;Acc:MGI:1347357]	21557	-0.2807469964027405	-0.5536684	Yes	
row_24	Dbh	dopamine beta hydroxylase [Source:MGI Symbol;Acc:MGI:94864]	21853	-0.31808871030807495	-0.5450814	Yes	
row_25	Syngr3	synaptogyrin 3 [Source:MGI Symbol;Acc:MGI:1341881]	21949	-0.3305828273296356	-0.52766025	Yes	
row_26	A230006K03Rik	RIKEN cDNA A230006K03 gene [Source:MGI Symbol;Acc:MGI:3644205]	22023	-0.34172746539115906	-0.5086398	Yes	
row_27	Kndc1	kinase non-catalytic C-lobe domain (KIND) containing 1 [Source:MGI Symbol;Acc:MGI:1923734]	22362	-0.3875163495540619	-0.49731967	Yes	
row_28	Gm28905	predicted gene 28905 [Source:MGI Symbol;Acc:MGI:5579611]	22819	-0.4545394480228424	-0.48643264	Yes	
row_29	Rap1gap	Rap1 GTPase-activating protein [Source:MGI Symbol;Acc:MGI:109338]	23211	-0.5275954604148865	-0.46824244	Yes	
row_30	Ntng1	netrin G1 [Source:MGI Symbol;Acc:MGI:1934028]	23317	-0.5474075675010681	-0.43729448	Yes	
row_31	Olah	oleoyl-ACP hydrolase [Source:MGI Symbol;Acc:MGI:2139018]	23443	-0.5767150521278381	-0.40526703	Yes	
row_32	Car10	carbonic anhydrase 10 [Source:MGI Symbol;Acc:MGI:1919855]	23793	-0.6623424887657166	-0.3767343	Yes	
row_33	Ssh3	slingshot protein phosphatase 3 [Source:MGI Symbol;Acc:MGI:2683546]	23945	-0.700782060623169	-0.33778107	Yes	
row_34	Krt222	keratin 222 [Source:MGI Symbol;Acc:MGI:2442728]	24341	-0.8452833890914917	-0.29934376	Yes	
row_35	Syt3	synaptotagmin III [Source:MGI Symbol;Acc:MGI:99665]	24397	-0.8670523166656494	-0.24585456	Yes	
row_36	Pla2g4e	phospholipase A2, group IVE [Source:MGI Symbol;Acc:MGI:1919144]	24586	-0.991378903388977	-0.18971977	Yes	
row_37	Hcrtr2	hypocretin (orexin) receptor 2 [Source:MGI Symbol;Acc:MGI:2680765]	24588	-0.9921282529830933	-0.12602739	Yes	
row_38	Tafa1	TAFA chemokine like family member 1 [Source:MGI Symbol;Acc:MGI:2443695]	24682	-1.0896049737930298	-0.059767783	Yes	
row_39	Hs3st4	heparan sulfate (glucosamine) 3-O-sulfotransferase 4 [Source:MGI Symbol;Acc:MGI:1333792]	24685	-1.0916932821273804	0.010280307	Yes	
