NAME	SYMBOL	TITLE	RANK IN GENE LIST	RANK METRIC SCORE	RUNNING ES	CORE ENRICHMENT	
row_0	Nr1h2	nuclear receptor subfamily 1, group H, member 2 [Source:MGI Symbol;Acc:MGI:1352463]	6147	0.649808943271637	-0.13452756	No	
row_1	Ttc39d	tetratricopeptide repeat domain 39D [Source:MGI Symbol;Acc:MGI:1914987]	7821	0.44725650548934937	-0.12450524	No	
row_2	Trem2	triggering receptor expressed on myeloid cells 2 [Source:MGI Symbol;Acc:MGI:1913150]	8384	0.38841143250465393	-0.08006178	No	
row_3	Pparg	peroxisome proliferator activated receptor gamma [Source:MGI Symbol;Acc:MGI:97747]	12042	0.05374817177653313	-0.21750022	No	
row_4	Ces1c	carboxylesterase 1C [Source:MGI Symbol;Acc:MGI:95420]	12086	0.05016491934657097	-0.21057332	No	
row_5	Ces1a	carboxylesterase 1A [Source:MGI Symbol;Acc:MGI:3648919]	13292	5.368679412640631E-4	-0.25882187	No	
row_6	Ces1f	carboxylesterase 1F [Source:MGI Symbol;Acc:MGI:2142687]	13370	4.014324222225696E-4	-0.26184165	No	
row_7	Ces1e	carboxylesterase 1E [Source:MGI Symbol;Acc:MGI:95432]	19079	-0.023766936734318733	-0.48673123	No	
row_8	Ces1g	carboxylesterase 1G [Source:MGI Symbol;Acc:MGI:88378]	22102	-0.3515971004962921	-0.5473253	Yes	
row_9	Ces1d	carboxylesterase 1D [Source:MGI Symbol;Acc:MGI:2148202]	22155	-0.3589048385620117	-0.4875111	Yes	
row_10	Ces1b	carboxylesterase 1B [Source:MGI Symbol;Acc:MGI:3779470]	22828	-0.456528902053833	-0.4357323	Yes	
row_11	Nr1h3	nuclear receptor subfamily 1, group H, member 3 [Source:MGI Symbol;Acc:MGI:1352462]	23474	-0.5843643546104431	-0.3608226	Yes	
row_12	Ttc39b	tetratricopeptide repeat domain 39B [Source:MGI Symbol;Acc:MGI:1917113]	24053	-0.7350486516952515	-0.2572365	Yes	
row_13	Ppard	peroxisome proliferator activator receptor delta [Source:MGI Symbol;Acc:MGI:101884]	24310	-0.833256721496582	-0.12379476	Yes	
row_14	Ppara	peroxisome proliferator activated receptor alpha [Source:MGI Symbol;Acc:MGI:104740]	24394	-0.8643158078193665	0.02194401	Yes	
