NAME	SYMBOL	TITLE	RANK IN GENE LIST	RANK METRIC SCORE	RUNNING ES	CORE ENRICHMENT	
row_0	Cyp2s1	cytochrome P450, family 2, subfamily s, polypeptide 1 [Source:MGI Symbol;Acc:MGI:1921384]	6142	0.6503265500068665	-0.19108357	No	
row_1	Cyp2c68	cytochrome P450, family 2, subfamily c, polypeptide 68 [Source:MGI Symbol;Acc:MGI:3612287]	8535	0.3725811541080475	-0.25531438	No	
row_2	Cyp2j6	cytochrome P450, family 2, subfamily j, polypeptide 6 [Source:MGI Symbol;Acc:MGI:1270148]	9977	0.2412368357181549	-0.29257557	No	
row_3	Cyp2j11	cytochrome P450, family 2, subfamily j, polypeptide 11 [Source:MGI Symbol;Acc:MGI:2140224]	10073	0.23095642030239105	-0.27667126	No	
row_4	Cyp2t4	cytochrome P450, family 2, subfamily t, polypeptide 4 [Source:MGI Symbol;Acc:MGI:2686296]	12559	0.009799416176974773	-0.3756098	No	
row_5	Cyp2f2	cytochrome P450, family 2, subfamily f, polypeptide 2 [Source:MGI Symbol;Acc:MGI:88608]	12955	0.0010623740963637829	-0.3913787	No	
row_6	Cyp2a12	cytochrome P450, family 2, subfamily a, polypeptide 12 [Source:MGI Symbol;Acc:MGI:105055]	13080	8.074065553955734E-4	-0.39628848	No	
row_7	Cyp2b10	cytochrome P450, family 2, subfamily b, polypeptide 10 [Source:MGI Symbol;Acc:MGI:88598]	13410	2.5464524514973164E-4	-0.4094764	No	
row_8	Cyp2a4	cytochrome P450, family 2, subfamily a, polypeptide 4 [Source:MGI Symbol;Acc:MGI:88596]	13535	0.0	-0.41445515	No	
row_9	Cyp2a5	cytochrome P450, family 2, subfamily a, polypeptide 5 [Source:MGI Symbol;Acc:MGI:88597]	13536	0.0	-0.41445515	No	
row_10	Cyp2c37	cytochrome P450, family 2. subfamily c, polypeptide 37 [Source:MGI Symbol;Acc:MGI:1306806]	17567	0.0	-0.57626355	No	
row_11	Cyp2b23	cytochrome P450, family 2, subfamily b, polypeptide 23 [Source:MGI Symbol;Acc:MGI:3646735]	18098	0.0	-0.59754354	No	
row_12	Cyp2b19	cytochrome P450, family 2, subfamily b, polypeptide 19 [Source:MGI Symbol;Acc:MGI:107303]	18099	0.0	-0.59754354	No	
row_13	Cyp2a22	cytochrome P450, family 2, subfamily a, polypeptide 22 [Source:MGI Symbol;Acc:MGI:3648316]	18289	-4.333927936386317E-4	-0.6050951	No	
row_14	Cyp2c40	cytochrome P450, family 2, subfamily c, polypeptide 40 [Source:MGI Symbol;Acc:MGI:1306815]	18328	-5.426753778010607E-4	-0.6065745	No	
row_15	Cyp2c70	cytochrome P450, family 2, subfamily c, polypeptide 70 [Source:MGI Symbol;Acc:MGI:2385878]	18675	-0.001297638867981732	-0.6203559	No	
row_16	Cyp2c65	cytochrome P450, family 2, subfamily c, polypeptide 65 [Source:MGI Symbol;Acc:MGI:1919553]	18723	-0.0014938724925741553	-0.6221155	No	
row_17	Cyp2c67	cytochrome P450, family 2, subfamily c, polypeptide 67 [Source:MGI Symbol;Acc:MGI:3612288]	18727	-0.0015165392542257905	-0.62210643	No	
row_18	Cyp2c50	cytochrome P450, family 2, subfamily c, polypeptide 50 [Source:MGI Symbol;Acc:MGI:2147497]	20462	-0.1618552803993225	-0.6779093	No	
row_19	Cyp2c38	cytochrome P450, family 2, subfamily c, polypeptide 38 [Source:MGI Symbol;Acc:MGI:1306819]	21886	-0.32200393080711365	-0.7075521	Yes	
row_20	Cyp2b13	cytochrome P450, family 2, subfamily b, polypeptide 13 [Source:MGI Symbol;Acc:MGI:88599]	21942	-0.32994434237480164	-0.6815903	Yes	
row_21	Cyp2b9	cytochrome P450, family 2, subfamily b, polypeptide 9 [Source:MGI Symbol;Acc:MGI:88600]	22213	-0.36984938383102417	-0.660854	Yes	
row_22	Cyp2c66	cytochrome P450, family 2, subfamily c, polypeptide 66 [Source:MGI Symbol;Acc:MGI:1917138]	22316	-0.38224485516548157	-0.632314	Yes	
row_23	Cyp2j9	cytochrome P450, family 2, subfamily j, polypeptide 9 [Source:MGI Symbol;Acc:MGI:1921769]	22530	-0.41165265440940857	-0.60572004	Yes	
row_24	Cyp2j5	cytochrome P450, family 2, subfamily j, polypeptide 5 [Source:MGI Symbol;Acc:MGI:1270149]	22716	-0.43813422322273254	-0.5757409	Yes	
row_25	Cyp2c55	cytochrome P450, family 2, subfamily c, polypeptide 55 [Source:MGI Symbol;Acc:MGI:1919332]	22957	-0.4777674078941345	-0.54458624	Yes	
row_26	Cyp2e1	cytochrome P450, family 2, subfamily e, polypeptide 1 [Source:MGI Symbol;Acc:MGI:88607]	23152	-0.5163202285766602	-0.50829303	Yes	
row_27	Cyp2j13	cytochrome P450, family 2, subfamily j, polypeptide 13 [Source:MGI Symbol;Acc:MGI:2385197]	23161	-0.5178508758544922	-0.46440107	Yes	
row_28	Cyp2c29	cytochrome P450, family 2, subfamily c, polypeptide 29 [Source:MGI Symbol;Acc:MGI:103238]	23216	-0.5285267233848572	-0.4214446	Yes	
row_29	Cyp2c54	cytochrome P450, family 2, subfamily c, polypeptide 54 [Source:MGI Symbol;Acc:MGI:3642960]	23612	-0.6176360845565796	-0.38457158	Yes	
row_30	Cyp2g1	cytochrome P450, family 2, subfamily g, polypeptide 1 [Source:MGI Symbol;Acc:MGI:109612]	23689	-0.6340945959091187	-0.33348522	Yes	
row_31	Cyp2c69	cytochrome P450, family 2, subfamily c, polypeptide 69 [Source:MGI Symbol;Acc:MGI:3721049]	23926	-0.6954424977302551	-0.28358525	Yes	
row_32	Cyp2j8	cytochrome P450, family 2, subfamily j, polypeptide 8 [Source:MGI Symbol;Acc:MGI:2449817]	24421	-0.8799036741256714	-0.22829527	Yes	
row_33	Cyp2c39	cytochrome P450, family 2, subfamily c, polypeptide 39 [Source:MGI Symbol;Acc:MGI:1306818]	24456	-0.9014958739280701	-0.15269235	Yes	
row_34	Cyp2j12	cytochrome P450, family 2, subfamily j, polypeptide 12 [Source:MGI Symbol;Acc:MGI:3717097]	24570	-0.9836563467979431	-0.073246635	Yes	
row_35	Cyp2c23	cytochrome P450, family 2, subfamily c, polypeptide 23 [Source:MGI Symbol;Acc:MGI:1888897]	24635	-1.031909465789795	0.01228624	Yes	
