NAME	SYMBOL	TITLE	RANK IN GENE LIST	RANK METRIC SCORE	RUNNING ES	CORE ENRICHMENT	
row_0	Gstm5	glutathione S-transferase, mu 5 [Source:MGI Symbol;Acc:MGI:1309466]	5	3.50329852104187	0.049200594	Yes	
row_1	Park7	Parkinson disease (autosomal recessive, early onset) 7 [Source:MGI Symbol;Acc:MGI:2135637]	59	3.041778802871704	0.089962415	Yes	
row_2	Gclm	glutamate-cysteine ligase, modifier subunit [Source:MGI Symbol;Acc:MGI:104995]	103	2.9031033515930176	0.12917094	Yes	
row_3	Gpx4	glutathione peroxidase 4 [Source:MGI Symbol;Acc:MGI:104767]	183	2.766568183898926	0.1650061	Yes	
row_4	Gsta4	glutathione S-transferase, alpha 4 [Source:MGI Symbol;Acc:MGI:1309515]	184	2.7648298740386963	0.2039943	Yes	
row_5	Eef1g	eukaryotic translation elongation factor 1 gamma [Source:MGI Symbol;Acc:MGI:1914410]	608	2.2808613777160645	0.21914393	Yes	
row_6	Hmgn5	high-mobility group nucleosome binding domain 5 [Source:MGI Symbol;Acc:MGI:1355295]	662	2.226714611053467	0.24841213	Yes	
row_7	Glo1	glyoxalase 1 [Source:MGI Symbol;Acc:MGI:95742]	672	2.2240164279937744	0.27941206	Yes	
row_8	Sod2	superoxide dismutase 2, mitochondrial [Source:MGI Symbol;Acc:MGI:98352]	720	2.173707962036133	0.30817413	Yes	
row_9	Gstm1	glutathione S-transferase, mu 1 [Source:MGI Symbol;Acc:MGI:95860]	839	2.088419198989868	0.33287776	Yes	
row_10	Gstt2	glutathione S-transferase, theta 2 [Source:MGI Symbol;Acc:MGI:106188]	891	2.0471792221069336	0.3596947	Yes	
row_11	Clic1	chloride intracellular channel 1 [Source:MGI Symbol;Acc:MGI:2148924]	998	1.9816309213638306	0.38337508	Yes	
row_12	Ptges2	prostaglandin E synthase 2 [Source:MGI Symbol;Acc:MGI:1917592]	1102	1.9168962240219116	0.4062633	Yes	
row_13	Sod1	superoxide dismutase 1, soluble [Source:MGI Symbol;Acc:MGI:98351]	1207	1.86297607421875	0.42835093	Yes	
row_14	Nfe2l1	nuclear factor, erythroid derived 2,-like 1 [Source:MGI Symbol;Acc:MGI:99421]	1257	1.839290976524353	0.4523168	Yes	
row_15	Gsr	glutathione reductase [Source:MGI Symbol;Acc:MGI:95804]	1305	1.812654733657837	0.47598746	Yes	
row_16	Gstm7	glutathione S-transferase, mu 7 [Source:MGI Symbol;Acc:MGI:1915562]	1441	1.7384446859359741	0.49507213	Yes	
row_17	Ethe1	ethylmalonic encephalopathy 1 [Source:MGI Symbol;Acc:MGI:1913321]	1466	1.7243198156356812	0.5184223	Yes	
row_18	Gstk1	glutathione S-transferase kappa 1 [Source:MGI Symbol;Acc:MGI:1923513]	1544	1.68778657913208	0.5391255	Yes	
row_19	Ggt5	gamma-glutamyltransferase 5 [Source:MGI Symbol;Acc:MGI:1346063]	1679	1.627562165260315	0.55668676	Yes	
row_20	Gsto1	glutathione S-transferase omega 1 [Source:MGI Symbol;Acc:MGI:1342273]	1691	1.62325918674469	0.5791347	Yes	
row_21	Arl6ip5	ADP-ribosylation factor-like 6 interacting protein 5 [Source:MGI Symbol;Acc:MGI:1929501]	1720	1.6067190170288086	0.60066557	Yes	
row_22	Gstm2	glutathione S-transferase, mu 2 [Source:MGI Symbol;Acc:MGI:95861]	1903	1.53510582447052	0.61499244	Yes	
row_23	Mgst1	microsomal glutathione S-transferase 1 [Source:MGI Symbol;Acc:MGI:1913850]	2330	1.3801401853561401	0.6173199	Yes	
row_24	Hpgds	hematopoietic prostaglandin D synthase [Source:MGI Symbol;Acc:MGI:1859384]	2528	1.3147625923156738	0.62793624	Yes	
row_25	Gpx3	glutathione peroxidase 3 [Source:MGI Symbol;Acc:MGI:105102]	2680	1.2771929502487183	0.639873	Yes	
row_26	Gpx1	glutathione peroxidase 1 [Source:MGI Symbol;Acc:MGI:104887]	2768	1.2548232078552246	0.6540686	Yes	
row_27	Txnrd3	thioredoxin reductase 3 [Source:MGI Symbol;Acc:MGI:2386711]	2824	1.2407187223434448	0.66935235	Yes	
row_28	Gstm4	glutathione S-transferase, mu 4 [Source:MGI Symbol;Acc:MGI:95862]	3009	1.1940444707870483	0.6787893	Yes	
row_29	Idh1	isocitrate dehydrogenase 1 (NADP+), soluble [Source:MGI Symbol;Acc:MGI:96413]	3181	1.1518769264221191	0.6881545	Yes	
row_30	Gstz1	glutathione transferase zeta 1 (maleylacetoacetate isomerase) [Source:MGI Symbol;Acc:MGI:1341859]	3610	1.0589451789855957	0.6858722	Yes	
row_31	Mmachc	methylmalonic aciduria cblC type, with homocystinuria [Source:MGI Symbol;Acc:MGI:1914346]	3756	1.0298460721969604	0.6945623	Yes	
row_32	Gstm6	glutathione S-transferase, mu 6 [Source:MGI Symbol;Acc:MGI:1309467]	3973	0.9896093010902405	0.69982934	Yes	
row_33	Slc1a1	solute carrier family 1 (neuronal/epithelial high affinity glutamate transporter, system Xag), member 1 [Source:MGI Symbol;Acc:MGI:105083]	4868	0.8332179188728333	0.67562044	No	
row_34	Gstp1	glutathione S-transferase, pi 1 [Source:MGI Symbol;Acc:MGI:95865]	6163	0.6471846699714661	0.63269943	No	
row_35	Hbb-bt	hemoglobin, beta adult t chain [Source:MGI Symbol;Acc:MGI:5474850]	6779	0.5662299990653992	0.61594754	No	
row_36	Nat8f1	N-acetyltransferase 8 (GCN5-related) family member 1 [Source:MGI Symbol;Acc:MGI:1913366]	7138	0.5245312452316284	0.6089447	No	
row_37	Hagh	hydroxyacyl glutathione hydrolase [Source:MGI Symbol;Acc:MGI:95745]	7337	0.5012227892875671	0.60804874	No	
row_38	Chac2	ChaC, cation transport regulator 2 [Source:MGI Symbol;Acc:MGI:1915294]	7691	0.46083682775497437	0.6003489	No	
row_39	Gss	glutathione synthetase [Source:MGI Symbol;Acc:MGI:95852]	7862	0.44360843300819397	0.5997667	No	
row_40	Gsta3	glutathione S-transferase, alpha 3 [Source:MGI Symbol;Acc:MGI:95856]	8201	0.4082811176776886	0.591929	No	
row_41	Nat8f4	N-acetyltransferase 8 (GCN5-related) family member 4 [Source:MGI Symbol;Acc:MGI:1922791]	8564	0.3701452612876892	0.5825882	No	
row_42	Gstt1	glutathione S-transferase, theta 1 [Source:MGI Symbol;Acc:MGI:107379]	8737	0.3545627295970917	0.5806699	No	
row_43	Gsta5	glutathione S-transferase alpha 5 [Source:MGI Symbol;Acc:MGI:3704339]	10090	0.22962813079357147	0.5295278	No	
row_44	Chac1	ChaC, cation transport regulator 1 [Source:MGI Symbol;Acc:MGI:1916315]	10946	0.14988254010677338	0.49725154	No	
row_45	Slc1a2	solute carrier family 1 (glial high affinity glutamate transporter), member 2 [Source:MGI Symbol;Acc:MGI:101931]	11171	0.13006474077701569	0.49007592	No	
row_46	Hbb-bs	hemoglobin, beta adult s chain [Source:MGI Symbol;Acc:MGI:5474852]	11271	0.12198018282651901	0.48781404	No	
row_47	Oplah	5-oxoprolinase (ATP-hydrolysing) [Source:MGI Symbol;Acc:MGI:1922725]	11273	0.12190689891576767	0.4894929	No	
row_48	Ggt7	gamma-glutamyltransferase 7 [Source:MGI Symbol;Acc:MGI:1913385]	11396	0.11032569408416748	0.48614156	No	
row_49	Nat8f7	N-acetyltransferase 8 (GCN5-related) family member 7 [Source:MGI Symbol;Acc:MGI:3782661]	12298	0.03243500366806984	0.4503589	No	
row_50	Nat8f2	N-acetyltransferase 8 (GCN5-related) family member 2 [Source:MGI Symbol;Acc:MGI:2136446]	12915	0.0012195879826322198	0.4255993	No	
row_51	Gstm3	glutathione S-transferase, mu 3 [Source:MGI Symbol;Acc:MGI:106026]	13066	8.245118078775704E-4	0.41957763	No	
row_52	Gdap1l1	ganglioside-induced differentiation-associated protein 1-like 1 [Source:MGI Symbol;Acc:MGI:2385163]	13420	2.0999427943024784E-4	0.40538222	No	
row_53	G6pd2	glucose-6-phosphate dehydrogenase 2 [Source:MGI Symbol;Acc:MGI:105977]	13428	1.692664372967556E-4	0.40510306	No	
row_54	Nat8f5	N-acetyltransferase 8 (GCN5-related) family member 5 [Source:MGI Symbol;Acc:MGI:1916299]	13549	0.0	0.40027642	No	
row_55	Nat8f6	N-acetyltransferase 8 (GCN5-related) family member 6 [Source:MGI Symbol;Acc:MGI:3779382]	13550	0.0	0.40027642	No	
row_56	Hbb-bh2	hemoglobin beta, bh2 [Source:MGI Symbol;Acc:MGI:96025]	13579	0.0	0.3991502	No	
row_57	Gstp2	glutathione S-transferase, pi 2 [Source:MGI Symbol;Acc:MGI:95864]	15518	0.0	0.32119992	No	
row_58	Gstt4	glutathione S-transferase, theta 4 [Source:MGI Symbol;Acc:MGI:1923136]	15536	0.0	0.32051614	No	
row_59	Gstt3	glutathione S-transferase, theta 3 [Source:MGI Symbol;Acc:MGI:2143526]	15537	0.0	0.32051614	No	
row_60	Dpep1	dipeptidase 1 [Source:MGI Symbol;Acc:MGI:94917]	16710	0.0	0.27337593	No	
row_61	Nat8	N-acetyltransferase 8 (GCN5-related) [Source:MGI Symbol;Acc:MGI:1915646]	18048	0.0	0.21959908	No	
row_62	Ggt6	gamma-glutamyltransferase 6 [Source:MGI Symbol;Acc:MGI:1918772]	18463	-7.236561505123973E-4	0.20295736	No	
row_63	Gsta1	glutathione S-transferase, alpha 1 (Ya) [Source:MGI Symbol;Acc:MGI:1095417]	18783	-0.0021239728666841984	0.19015649	No	
row_64	Nat8f3	N-acetyltransferase 8 (GCN5-related) family member 3 [Source:MGI Symbol;Acc:MGI:2136449]	19056	-0.02128566801548004	0.17951626	No	
row_65	Gclc	glutamate-cysteine ligase, catalytic subunit [Source:MGI Symbol;Acc:MGI:104990]	19087	-0.024434255436062813	0.17865416	No	
row_66	Clic3	chloride intracellular channel 3 [Source:MGI Symbol;Acc:MGI:1916704]	19410	-0.054719530045986176	0.1664743	No	
row_67	Mgst2	microsomal glutathione S-transferase 2 [Source:MGI Symbol;Acc:MGI:2448481]	19586	-0.07197539508342743	0.1604504	No	
row_68	Eif2ak3	eukaryotic translation initiation factor 2 alpha kinase 3 [Source:MGI Symbol;Acc:MGI:1341830]	20053	-0.11875730007886887	0.1433816	No	
row_69	Cth	cystathionase (cystathionine gamma-lyase) [Source:MGI Symbol;Acc:MGI:1339968]	20659	-0.18034760653972626	0.121590436	No	
row_70	Gdap1	ganglioside-induced differentiation-associated-protein 1 [Source:MGI Symbol;Acc:MGI:1338002]	20807	-0.1954953521490097	0.11843457	No	
row_71	Ggt1	gamma-glutamyltransferase 1 [Source:MGI Symbol;Acc:MGI:95706]	21012	-0.21661065518856049	0.113283806	No	
row_72	Gsto2	glutathione S-transferase omega 2 [Source:MGI Symbol;Acc:MGI:1915464]	21519	-0.2767879366874695	0.096834585	No	
row_73	Nfe2l2	nuclear factor, erythroid derived 2, like 2 [Source:MGI Symbol;Acc:MGI:108420]	21722	-0.300658255815506	0.092949465	No	
row_74	Clic5	chloride intracellular channel 5 [Source:MGI Symbol;Acc:MGI:1917912]	21791	-0.31074613332748413	0.09459635	No	
row_75	Gsta2	glutathione S-transferase, alpha 2 (Yc2) [Source:MGI Symbol;Acc:MGI:95863]	22147	-0.3580898940563202	0.08536713	No	
row_76	Ctns	cystinosis, nephropathic [Source:MGI Symbol;Acc:MGI:1932872]	22217	-0.3705894649028778	0.08781767	No	
row_77	Gstp3	glutathione S-transferase pi 3 [Source:MGI Symbol;Acc:MGI:2385078]	22444	-0.3980712294578552	0.084340885	No	
row_78	G6pdx	glucose-6-phosphate dehydrogenase X-linked [Source:MGI Symbol;Acc:MGI:105979]	22936	-0.47454366087913513	0.07128364	No	
row_79	Slc7a11	solute carrier family 7 (cationic amino acid transporter, y+ system), member 11 [Source:MGI Symbol;Acc:MGI:1347355]	23786	-0.6610152125358582	0.046456434	No	
