NAME	SYMBOL	TITLE	RANK IN GENE LIST	RANK METRIC SCORE	RUNNING ES	CORE ENRICHMENT	
row_0	Emc6	ER membrane protein complex subunit 6 [Source:MGI Symbol;Acc:MGI:1913298]	201	2.7423038482666016	0.07109791	Yes	
row_1	Emc4	ER membrane protein complex subunit 4 [Source:MGI Symbol;Acc:MGI:1915282]	320	2.5832595825195312	0.14093548	Yes	
row_2	Get1	guided entry of tail-anchored proteins factor 1 [Source:MGI Symbol;Acc:MGI:2136882]	506	2.384920358657837	0.20235862	Yes	
row_3	Emc10	ER membrane protein complex subunit 10 [Source:MGI Symbol;Acc:MGI:1916933]	712	2.1814560890197754	0.25710556	Yes	
row_4	Get3	guided entry of tail-anchored proteins factor 3, ATPase [Source:MGI Symbol;Acc:MGI:1928379]	714	2.1811535358428955	0.3200306	Yes	
row_5	Mmgt1	membrane magnesium transporter 1 [Source:MGI Symbol;Acc:MGI:2384305]	781	2.1336469650268555	0.37897566	Yes	
row_6	Ubl4a	ubiquitin-like 4A [Source:MGI Symbol;Acc:MGI:95049]	838	2.089245319366455	0.43704027	Yes	
row_7	Mmgt2	membrane magnesium transporter 2 [Source:MGI Symbol;Acc:MGI:2448491]	921	2.0241596698760986	0.49218258	Yes	
row_8	Wdr83os	WD repeat domain 83 opposite strand [Source:MGI Symbol;Acc:MGI:3041257]	1369	1.778803825378418	0.52559394	Yes	
row_9	Tram1	translocating chain-associating membrane protein 1 [Source:MGI Symbol;Acc:MGI:1919515]	1378	1.7710459232330322	0.57639915	Yes	
row_10	Emc3	ER membrane protein complex subunit 3 [Source:MGI Symbol;Acc:MGI:1913337]	1840	1.5589615106582642	0.60290235	Yes	
row_11	Emc7	ER membrane protein complex subunit 7 [Source:MGI Symbol;Acc:MGI:1920274]	1897	1.5382156372070312	0.6450599	Yes	
row_12	Tram1l1	translocation associated membrane protein 1-like 1 [Source:MGI Symbol;Acc:MGI:2443503]	1905	1.5329338312149048	0.6890315	Yes	
row_13	Get4	golgi to ER traffic protein 4 [Source:MGI Symbol;Acc:MGI:1914854]	2062	1.474723219871521	0.725343	Yes	
row_14	Bag6	BCL2-associated athanogene 6 [Source:MGI Symbol;Acc:MGI:1919439]	2470	1.3357220888137817	0.74756885	Yes	
row_15	Sgta	small glutamine-rich tetratricopeptide repeat (TPR)-containing, alpha [Source:MGI Symbol;Acc:MGI:1098703]	2729	1.2645494937896729	0.77371967	Yes	
row_16	Ccdc47	coiled-coil domain containing 47 [Source:MGI Symbol;Acc:MGI:1914413]	2828	1.239650845527649	0.8055728	Yes	
row_17	Emc2	ER membrane protein complex subunit 2 [Source:MGI Symbol;Acc:MGI:1913986]	3451	1.0927156209945679	0.81215525	Yes	
row_18	Sec61a1	Sec61 alpha 1 subunit (S. cerevisiae) [Source:MGI Symbol;Acc:MGI:1858417]	6234	0.637843132019043	0.7189222	No	
row_19	Emc9	ER membrane protein complex subunit 9 [Source:MGI Symbol;Acc:MGI:1934682]	7034	0.5364906787872314	0.70234436	No	
row_20	Emc8	ER membrane protein complex subunit 8 [Source:MGI Symbol;Acc:MGI:1343095]	9055	0.3252013027667999	0.6306663	No	
row_21	Emc1	ER membrane protein complex subunit 1 [Source:MGI Symbol;Acc:MGI:2443696]	18790	-0.0022088123951107264	0.24008878	No	
row_22	Caml	calcium modulating ligand [Source:MGI Symbol;Acc:MGI:104728]	19609	-0.07384869456291199	0.20939295	No	
row_23	Tram2	translocating chain-associating membrane protein 2 [Source:MGI Symbol;Acc:MGI:1924817]	20414	-0.15756866335868835	0.18167578	No	
