NAME	SYMBOL	TITLE	RANK IN GENE LIST	RANK METRIC SCORE	RUNNING ES	CORE ENRICHMENT	
row_0	Rps3	ribosomal protein S3 [Source:MGI Symbol;Acc:MGI:1350917]	49	3.082003355026245	0.1027581	Yes	
row_1	Hmgb1	high mobility group box 1 [Source:MGI Symbol;Acc:MGI:96113]	309	2.5986881256103516	0.1806644	Yes	
row_2	Igf2	insulin-like growth factor 2 [Source:MGI Symbol;Acc:MGI:96434]	1035	1.9615099430084229	0.21821539	Yes	
row_3	Pycard	PYD and CARD domain containing [Source:MGI Symbol;Acc:MGI:1931465]	1142	1.895215392112732	0.27835917	Yes	
row_4	Cd24a	CD24a antigen [Source:MGI Symbol;Acc:MGI:88323]	1530	1.6950246095657349	0.32042181	Yes	
row_5	Igf1	insulin-like growth factor 1 [Source:MGI Symbol;Acc:MGI:96432]	1565	1.675004482269287	0.3759729	Yes	
row_6	Il23a	interleukin 23, alpha subunit p19 [Source:MGI Symbol;Acc:MGI:1932410]	1890	1.5409528017044067	0.41532892	Yes	
row_7	Icosl	icos ligand [Source:MGI Symbol;Acc:MGI:1354701]	1958	1.5118708610534668	0.46401227	Yes	
row_8	Fadd	Fas (TNFRSF6)-associated via death domain [Source:MGI Symbol;Acc:MGI:109324]	2278	1.4028240442276	0.49887544	Yes	
row_9	Igfbp2	insulin-like growth factor binding protein 2 [Source:MGI Symbol;Acc:MGI:96437]	2815	1.2427585124969482	0.5195897	Yes	
row_10	Il27ra	interleukin 27 receptor, alpha [Source:MGI Symbol;Acc:MGI:1355318]	3140	1.1624655723571777	0.54608494	Yes	
row_11	Epo	erythropoietin [Source:MGI Symbol;Acc:MGI:95407]	3487	1.0870850086212158	0.5691358	Yes	
row_12	Tnfsf9	tumor necrosis factor (ligand) superfamily, member 9 [Source:MGI Symbol;Acc:MGI:1101058]	3649	1.0494338274002075	0.59833276	Yes	
row_13	Il2	interleukin 2 [Source:MGI Symbol;Acc:MGI:96548]	4149	0.9541011452674866	0.61072373	Yes	
row_14	Cd86	CD86 antigen [Source:MGI Symbol;Acc:MGI:101773]	6488	0.6024142503738403	0.5373506	No	
row_15	Il4	interleukin 4 [Source:MGI Symbol;Acc:MGI:96556]	10395	0.2009189873933792	0.38739842	No	
row_16	Il12b	interleukin 12b [Source:MGI Symbol;Acc:MGI:96540]	15725	0.0	0.17350262	No	
row_17	Il12rb1	interleukin 12 receptor, beta 1 [Source:MGI Symbol;Acc:MGI:104579]	19111	-0.02605506405234337	0.03852057	No	
row_18	Ager	advanced glycosylation end product-specific receptor [Source:MGI Symbol;Acc:MGI:893592]	20108	-0.1254529505968094	0.0028058756	No	
row_19	Ppp3ca	protein phosphatase 3, catalytic subunit, alpha isoform [Source:MGI Symbol;Acc:MGI:107164]	20744	-0.18919426202774048	-0.01625308	No	
row_20	Il18	interleukin 18 [Source:MGI Symbol;Acc:MGI:107936]	20894	-0.20473849773406982	-0.015276745	No	
row_21	Gpam	glycerol-3-phosphate acyltransferase, mitochondrial [Source:MGI Symbol;Acc:MGI:109162]	22747	-0.4435262680053711	-0.074541666	No	
row_22	Tnfsf4	tumor necrosis factor (ligand) superfamily, member 4 [Source:MGI Symbol;Acc:MGI:104511]	23383	-0.5630207657814026	-0.080898196	No	
row_23	Jak3	Janus kinase 3 [Source:MGI Symbol;Acc:MGI:99928]	23609	-0.6173852682113647	-0.06895083	No	
row_24	Il2ra	interleukin 2 receptor, alpha chain [Source:MGI Symbol;Acc:MGI:96549]	23813	-0.6670343279838562	-0.054433383	No	
row_25	Stat5b	signal transducer and activator of transcription 5B [Source:MGI Symbol;Acc:MGI:103035]	24136	-0.7602249383926392	-0.041525792	No	
row_26	Slamf1	signaling lymphocytic activation molecule family member 1 [Source:MGI Symbol;Acc:MGI:1351314]	24395	-0.8646656274795532	-0.02250053	No	
row_27	Stat5a	signal transducer and activator of transcription 5A [Source:MGI Symbol;Acc:MGI:103036]	24803	-1.3059539794921875	0.0055389097	No	
