NAME	SYMBOL	TITLE	RANK IN GENE LIST	RANK METRIC SCORE	RUNNING ES	CORE ENRICHMENT	
row_0	Alms1	ALMS1, centrosome and basal body associated [Source:MGI Symbol;Acc:MGI:1934606]	3497	1.0848565101623535	-0.08202288	No	
row_1	Gnat2	guanine nucleotide binding protein, alpha transducing 2 [Source:MGI Symbol;Acc:MGI:95779]	4222	0.9408168792724609	-0.060436755	No	
row_2	Thy1	thymus cell antigen 1, theta [Source:MGI Symbol;Acc:MGI:98747]	6007	0.6676217317581177	-0.0961323	No	
row_3	Naglu	alpha-N-acetylglucosaminidase (Sanfilippo disease IIIB) [Source:MGI Symbol;Acc:MGI:1351641]	7218	0.5153681039810181	-0.11697441	No	
row_4	Prdm1	PR domain containing 1, with ZNF domain [Source:MGI Symbol;Acc:MGI:99655]	7674	0.46197137236595154	-0.11037062	No	
row_5	Bbs4	Bardet-Biedl syndrome 4 (human) [Source:MGI Symbol;Acc:MGI:2143311]	8736	0.35460367798805237	-0.13388586	No	
row_6	Nrl	neural retina leucine zipper gene [Source:MGI Symbol;Acc:MGI:102567]	8801	0.34847134351730347	-0.11769117	No	
row_7	Fscn2	fascin actin-bundling protein 2 [Source:MGI Symbol;Acc:MGI:2443337]	9629	0.27313774824142456	-0.13619572	No	
row_8	Pdgfb	platelet derived growth factor, B polypeptide [Source:MGI Symbol;Acc:MGI:97528]	9930	0.24453623592853546	-0.13507578	No	
row_9	Ahi1	Abelson helper integration site 1 [Source:MGI Symbol;Acc:MGI:87971]	10385	0.2023812234401703	-0.14241059	No	
row_10	Rpgrip1l	Rpgrip1-like [Source:MGI Symbol;Acc:MGI:1920563]	10453	0.19596730172634125	-0.13454863	No	
row_11	Cfh	complement component factor h [Source:MGI Symbol;Acc:MGI:88385]	11145	0.1324116736650467	-0.15516935	No	
row_12	Rpgr	retinitis pigmentosa GTPase regulator [Source:MGI Symbol;Acc:MGI:1344037]	11240	0.12447115033864975	-0.15224175	No	
row_13	Crb1	crumbs family member 1, photoreceptor morphogenesis associated [Source:MGI Symbol;Acc:MGI:2136343]	11511	0.10034418851137161	-0.15768166	No	
row_14	Trpm1	transient receptor potential cation channel, subfamily M, member 1 [Source:MGI Symbol;Acc:MGI:1330305]	11548	0.0967906042933464	-0.15391532	No	
row_15	Hcn1	hyperpolarization activated cyclic nucleotide gated potassium channel 1 [Source:MGI Symbol;Acc:MGI:1096392]	12286	0.03339565917849541	-0.18171537	No	
row_16	Dzank1	double zinc ribbon and ankyrin repeat domains 1 [Source:MGI Symbol;Acc:MGI:2139080]	12480	0.015807198360562325	-0.18861517	No	
row_17	Th	tyrosine hydroxylase [Source:MGI Symbol;Acc:MGI:98735]	12665	0.0037445814814418554	-0.19580309	No	
row_18	Pax6	paired box 6 [Source:MGI Symbol;Acc:MGI:97490]	12788	0.0018310234881937504	-0.20060408	No	
row_19	Nr2e3	nuclear receptor subfamily 2, group E, member 3 [Source:MGI Symbol;Acc:MGI:1346317]	12875	0.001382371294312179	-0.20398346	No	
row_20	Gngt1	guanine nucleotide binding protein (G protein), gamma transducing activity polypeptide 1 [Source:MGI Symbol;Acc:MGI:109165]	13679	0.0	-0.23623246	No	
row_21	Mfrp	membrane frizzled-related protein [Source:MGI Symbol;Acc:MGI:2385957]	15712	0.0	-0.31783888	No	
row_22	Bhlhe23	basic helix-loop-helix family, member e23 [Source:MGI Symbol;Acc:MGI:2153710]	16137	0.0	-0.334867	No	
row_23	Gnat1	guanine nucleotide binding protein, alpha transducing 1 [Source:MGI Symbol;Acc:MGI:95778]	18222	0.0	-0.41856176	No	
row_24	Miat	myocardial infarction associated transcript (non-protein coding) [Source:MGI Symbol;Acc:MGI:2444886]	18638	-0.001137125538662076	-0.4351672	No	
row_25	Prkci	protein kinase C, iota [Source:MGI Symbol;Acc:MGI:99260]	19413	-0.05499718710780144	-0.46328998	No	
row_26	Cabp4	calcium binding protein 4 [Source:MGI Symbol;Acc:MGI:1920910]	19834	-0.09772119671106339	-0.4748952	No	
row_27	Dio3	deiodinase, iodothyronine type III [Source:MGI Symbol;Acc:MGI:1306782]	20171	-0.1315799355506897	-0.4813037	No	
row_28	Olfm3	olfactomedin 3 [Source:MGI Symbol;Acc:MGI:2387329]	20767	-0.19154754281044006	-0.49488455	No	
row_29	Rpgrip1	retinitis pigmentosa GTPase regulator interacting protein 1 [Source:MGI Symbol;Acc:MGI:1932134]	22331	-0.38398972153663635	-0.536978	Yes	
row_30	Rorb	RAR-related orphan receptor beta [Source:MGI Symbol;Acc:MGI:1343464]	22959	-0.4780331254005432	-0.53641695	Yes	
row_31	Tulp1	tubby like protein 1 [Source:MGI Symbol;Acc:MGI:109571]	23087	-0.5047714710235596	-0.5143357	Yes	
row_32	Ush1c	USH1 protein network component harmonin [Source:MGI Symbol;Acc:MGI:1919338]	23153	-0.5163238048553467	-0.4891424	Yes	
row_33	Gabrr2	gamma-aminobutyric acid (GABA) C receptor, subunit rho 2 [Source:MGI Symbol;Acc:MGI:95626]	23433	-0.573823094367981	-0.4694472	Yes	
row_34	Pde6c	phosphodiesterase 6C, cGMP specific, cone, alpha prime [Source:MGI Symbol;Acc:MGI:105956]	23587	-0.6123665571212769	-0.4426162	Yes	
row_35	Rdh13	retinol dehydrogenase 13 (all-trans and 9-cis) [Source:MGI Symbol;Acc:MGI:1918732]	23783	-0.6598752737045288	-0.41491362	Yes	
row_36	Ntrk2	neurotrophic tyrosine kinase, receptor, type 2 [Source:MGI Symbol;Acc:MGI:97384]	23874	-0.6806687712669373	-0.38187447	Yes	
row_37	Cnga3	cyclic nucleotide gated channel alpha 3 [Source:MGI Symbol;Acc:MGI:1341818]	24153	-0.7670531868934631	-0.35173377	Yes	
row_38	Crb2	crumbs family member 2 [Source:MGI Symbol;Acc:MGI:2679260]	24463	-0.9063225984573364	-0.31533846	Yes	
row_39	Vegfa	vascular endothelial growth factor A [Source:MGI Symbol;Acc:MGI:103178]	24862	-1.4622588157653809	-0.25258064	Yes	
row_40	Rp1	retinitis pigmentosa 1 (human) [Source:MGI Symbol;Acc:MGI:1341105]	24899	-1.6304473876953125	-0.1662278	Yes	
row_41	Thrb	thyroid hormone receptor beta [Source:MGI Symbol;Acc:MGI:98743]	24941	-3.117480993270874	1.1774682E-7	Yes	
