NAME	SYMBOL	TITLE	RANK IN GENE LIST	RANK METRIC SCORE	RUNNING ES	CORE ENRICHMENT	
row_0	Ugt2b34	UDP glucuronosyltransferase 2 family, polypeptide B34 [Source:MGI Symbol;Acc:MGI:2140962]	11920	0.06513355672359467	-0.43655512	No	
row_1	Ugt2a3	UDP glucuronosyltransferase 2 family, polypeptide A3 [Source:MGI Symbol;Acc:MGI:1919344]	12869	0.0013925408711656928	-0.47370145	No	
row_2	Ugt2b36	UDP glucuronosyltransferase 2 family, polypeptide B36 [Source:MGI Symbol;Acc:MGI:3576103]	13190	6.597121828235686E-4	-0.48611876	No	
row_3	Ugt2b37	UDP glucuronosyltransferase 2 family, polypeptide B37 [Source:MGI Symbol;Acc:MGI:2148239]	13250	5.887147272005677E-4	-0.48810893	No	
row_4	Ugt2a1	UDP glucuronosyltransferase 2 family, polypeptide A1 [Source:MGI Symbol;Acc:MGI:2149905]	15087	0.0	-0.5617788	No	
row_5	Ugt2a2	UDP glucuronosyltransferase 2 family, polypeptide A2 [Source:MGI Symbol;Acc:MGI:3576095]	15088	0.0	-0.5617788	No	
row_6	Ugt1a6b	UDP glucuronosyltransferase 1 family, polypeptide A6B [Source:MGI Symbol;Acc:MGI:3580629]	15089	0.0	-0.5617788	No	
row_7	Ugt1a6a	UDP glucuronosyltransferase 1 family, polypeptide A6A [Source:MGI Symbol;Acc:MGI:2137698]	15090	0.0	-0.5617788	No	
row_8	Ugt1a8	UDP glucuronosyltransferase 1 family, polypeptide A8 [Source:MGI Symbol;Acc:MGI:3576090]	15154	0.0	-0.5643067	No	
row_9	Ugt1a9	UDP glucuronosyltransferase 1 family, polypeptide A9 [Source:MGI Symbol;Acc:MGI:3576092]	15155	0.0	-0.5643067	No	
row_10	Ugt1a2	UDP glucuronosyltransferase 1 family, polypeptide A2 [Source:MGI Symbol;Acc:MGI:3576049]	15156	0.0	-0.5643067	No	
row_11	Ugt1a5	UDP glucuronosyltransferase 1 family, polypeptide A5 [Source:MGI Symbol;Acc:MGI:3032634]	15157	0.0	-0.5643067	No	
row_12	Ugt1a1	UDP glucuronosyltransferase 1 family, polypeptide A1 [Source:MGI Symbol;Acc:MGI:98898]	15160	0.0	-0.5643869	No	
row_13	Ugt2b38	UDP glucuronosyltransferase 2 family, polypeptide B38 [Source:MGI Symbol;Acc:MGI:2140794]	18481	-7.51862651668489E-4	-0.6971207	No	
row_14	Ugt1a10	UDP glycosyltransferase 1 family, polypeptide A10 [Source:MGI Symbol;Acc:MGI:3580642]	18624	-0.001033784355968237	-0.70215607	No	
row_15	Ugt2b35	UDP glucuronosyltransferase 2 family, polypeptide B35 [Source:MGI Symbol;Acc:MGI:3576100]	18717	-0.0014673504047095776	-0.7049073	Yes	
row_16	Ugt1a7c	UDP glucuronosyltransferase 1 family, polypeptide A7C [Source:MGI Symbol;Acc:MGI:3032636]	20469	-0.16242514550685883	-0.6710856	Yes	
row_17	Ugt2b5	UDP glucuronosyltransferase 2 family, polypeptide B5 [Source:MGI Symbol;Acc:MGI:98900]	21836	-0.31623879075050354	-0.5232529	Yes	
row_18	Ugt2b1	UDP glucuronosyltransferase 2 family, polypeptide B1 [Source:MGI Symbol;Acc:MGI:1919023]	22353	-0.38635045289993286	-0.2963867	Yes	
row_19	Prkce	protein kinase C, epsilon [Source:MGI Symbol;Acc:MGI:97599]	23641	-0.6245238184928894	0.05216286	Yes	
