NAME	SYMBOL	TITLE	RANK IN GENE LIST	RANK METRIC SCORE	RUNNING ES	CORE ENRICHMENT	
row_0	Bin1	bridging integrator 1 [Source:MGI Symbol;Acc:MGI:108092]	5795	0.6975104808807373	-0.14737123	No	
row_1	Scn1b	sodium channel, voltage-gated, type I, beta [Source:MGI Symbol;Acc:MGI:98247]	6989	0.5419432520866394	-0.12908381	No	
row_2	Myoc	myocilin [Source:MGI Symbol;Acc:MGI:1202864]	9286	0.30272960662841797	-0.18425344	No	
row_3	Cntn2	contactin 2 [Source:MGI Symbol;Acc:MGI:104518]	10007	0.23795056343078613	-0.18409584	No	
row_4	Scn8a	sodium channel, voltage-gated, type VIII, alpha [Source:MGI Symbol;Acc:MGI:103169]	11165	0.13076896965503693	-0.2145559	No	
row_5	Cdh1	cadherin 1 [Source:MGI Symbol;Acc:MGI:88354]	18976	-0.013889598660171032	-0.52622557	No	
row_6	Nfasc	neurofascin [Source:MGI Symbol;Acc:MGI:104753]	18999	-0.01593175157904625	-0.52516353	No	
row_7	Nrcam	neuronal cell adhesion molecule [Source:MGI Symbol;Acc:MGI:104750]	19101	-0.0253568347543478	-0.52612066	No	
row_8	Dlg1	discs large MAGUK scaffold protein 1 [Source:MGI Symbol;Acc:MGI:107231]	21699	-0.2975178062915802	-0.59400374	Yes	
row_9	Dag1	dystroglycan 1 [Source:MGI Symbol;Acc:MGI:101864]	22223	-0.3713689148426056	-0.5696554	Yes	
row_10	Scn2a	sodium channel, voltage-gated, type II, alpha [Source:MGI Symbol;Acc:MGI:98248]	22555	-0.415865421295166	-0.5321718	Yes	
row_11	Scn1a	sodium channel, voltage-gated, type I, alpha [Source:MGI Symbol;Acc:MGI:98246]	23172	-0.5198420882225037	-0.4934309	Yes	
row_12	Bcan	brevican [Source:MGI Symbol;Acc:MGI:1096385]	23245	-0.5342281460762024	-0.43110672	Yes	
row_13	Hapln2	hyaluronan and proteoglycan link protein 2 [Source:MGI Symbol;Acc:MGI:2137300]	23386	-0.5633357167243958	-0.3679578	Yes	
row_14	Kcnq2	potassium voltage-gated channel, subfamily Q, member 2 [Source:MGI Symbol;Acc:MGI:1309503]	23733	-0.6450802087783813	-0.3030958	Yes	
row_15	Sptbn4	spectrin beta, non-erythrocytic 4 [Source:MGI Symbol;Acc:MGI:1890574]	23897	-0.6883653998374939	-0.22560737	Yes	
row_16	Ank3	ankyrin 3, epithelial [Source:MGI Symbol;Acc:MGI:88026]	23923	-0.6946769952774048	-0.14181143	Yes	
row_17	Kcnq3	potassium voltage-gated channel, subfamily Q, member 3 [Source:MGI Symbol;Acc:MGI:1336181]	23970	-0.7096713781356812	-0.05702772	Yes	
row_18	Spock1	sparc/osteonectin, cwcv and kazal-like domains proteoglycan 1 [Source:MGI Symbol;Acc:MGI:105371]	24198	-0.7860076427459717	0.029811963	Yes	
