NAME	SYMBOL	TITLE	RANK IN GENE LIST	RANK METRIC SCORE	RUNNING ES	CORE ENRICHMENT	
row_0	Snrpd2	small nuclear ribonucleoprotein D2 [Source:MGI Symbol;Acc:MGI:98345]	9	3.475626230239868	0.11849542	Yes	
row_1	Snrpf	small nuclear ribonucleoprotein polypeptide F [Source:MGI Symbol;Acc:MGI:1917128]	60	3.0357251167297363	0.22030242	Yes	
row_2	Snrpe	small nuclear ribonucleoprotein E [Source:MGI Symbol;Acc:MGI:98346]	77	2.9701948165893555	0.32123265	Yes	
row_3	Snrpd1	small nuclear ribonucleoprotein D1 [Source:MGI Symbol;Acc:MGI:98344]	141	2.8210957050323486	0.41517833	Yes	
row_4	Snrpb2	U2 small nuclear ribonucleoprotein B [Source:MGI Symbol;Acc:MGI:104805]	208	2.7311480045318604	0.5059277	Yes	
row_5	Snrpb	small nuclear ribonucleoprotein B [Source:MGI Symbol;Acc:MGI:98342]	330	2.571861505508423	0.58902305	Yes	
row_6	Snrpg	small nuclear ribonucleoprotein polypeptide G [Source:MGI Symbol;Acc:MGI:1915261]	373	2.5148990154266357	0.67334026	Yes	
row_7	Snrpc	U1 small nuclear ribonucleoprotein C [Source:MGI Symbol;Acc:MGI:109489]	465	2.421379804611206	0.7524933	Yes	
row_8	Snrpd3	small nuclear ribonucleoprotein D3 [Source:MGI Symbol;Acc:MGI:1914582]	948	2.00819993019104	0.8018285	Yes	
row_9	Snrpa	small nuclear ribonucleoprotein polypeptide A [Source:MGI Symbol;Acc:MGI:1855690]	2087	1.4628543853759766	0.8061933	Yes	
row_10	Prpf40a	pre-mRNA processing factor 40A [Source:MGI Symbol;Acc:MGI:1860512]	10203	0.2203260213136673	0.48812497	No	
row_11	Prpf39	pre-mRNA processing factor 39 [Source:MGI Symbol;Acc:MGI:104602]	11785	0.07645537704229355	0.42730415	No	
row_12	Snurf	SNRPN upstream reading frame [Source:MGI Symbol;Acc:MGI:1891236]	14887	0.0	0.3028809	No	
row_13	Snrpn	small nuclear ribonucleoprotein N [Source:MGI Symbol;Acc:MGI:98347]	21095	-0.2271144837141037	0.061600525	No	
row_14	Luc7l3	LUC7-like 3 (S. cerevisiae) [Source:MGI Symbol;Acc:MGI:1914934]	21144	-0.23213593661785126	0.06761298	No	
row_15	Snrnp70	small nuclear ribonucleoprotein 70 (U1) [Source:MGI Symbol;Acc:MGI:98341]	23060	-0.49846363067626953	0.007822363	No	
row_16	Prpf40b	pre-mRNA processing factor 40B [Source:MGI Symbol;Acc:MGI:1925583]	23707	-0.6406756043434143	0.0038118127	No	
row_17	Luc7l	Luc7-like [Source:MGI Symbol;Acc:MGI:1914228]	23805	-0.6648046374320984	0.022654254	No	
row_18	Luc7l2	LUC7-like 2 (S. cerevisiae) [Source:MGI Symbol;Acc:MGI:2183260]	23828	-0.6692395210266113	0.04465762	No	
