NAME	SYMBOL	TITLE	RANK IN GENE LIST	RANK METRIC SCORE	RUNNING ES	CORE ENRICHMENT	
row_0	Slco2b1	solute carrier organic anion transporter family, member 2b1 [Source:MGI Symbol;Acc:MGI:1351872]	7649	0.4643428921699524	-0.24976297	No	
row_1	Slco1a6	solute carrier organic anion transporter family, member 1a6 [Source:MGI Symbol;Acc:MGI:1351906]	9697	0.2657512426376343	-0.2991774	No	
row_2	Slco2a1	solute carrier organic anion transporter family, member 2a1 [Source:MGI Symbol;Acc:MGI:1346021]	10190	0.22119323909282684	-0.29167777	No	
row_3	Slco4c1	solute carrier organic anion transporter family, member 4C1 [Source:MGI Symbol;Acc:MGI:2442784]	10947	0.14979906380176544	-0.3035658	No	
row_4	Slco1a4	solute carrier organic anion transporter family, member 1a4 [Source:MGI Symbol;Acc:MGI:1351896]	12109	0.04859882593154907	-0.34417102	No	
row_5	Gm6614	predicted gene 6614 [Source:MGI Symbol;Acc:MGI:3647159]	13613	0.0	-0.40448642	No	
row_6	Slc22a26	solute carrier family 22 (organic cation transporter), member 26 [Source:MGI Symbol;Acc:MGI:2385316]	17380	0.0	-0.5556161	No	
row_7	Slc22a6	solute carrier family 22 (organic anion transporter), member 6 [Source:MGI Symbol;Acc:MGI:892001]	17655	0.0	-0.5666117	No	
row_8	Slco3a1	solute carrier organic anion transporter family, member 3a1 [Source:MGI Symbol;Acc:MGI:1351867]	18959	-0.012169199995696545	-0.6174023	No	
row_9	Slc22a27	solute carrier family 22, member 27 [Source:MGI Symbol;Acc:MGI:3042283]	19275	-0.04092636704444885	-0.6250025	No	
row_10	Slco6c1	solute carrier organic anion transporter family, member 6c1 [Source:MGI Symbol;Acc:MGI:1921691]	20014	-0.11465412378311157	-0.64049685	No	
row_11	Slco1b2	solute carrier organic anion transporter family, member 1b2 [Source:MGI Symbol;Acc:MGI:1351899]	20898	-0.20521323382854462	-0.6506562	Yes	
row_12	Gm5724	predicted gene 5724 [Source:MGI Symbol;Acc:MGI:3643685]	20956	-0.21064817905426025	-0.62699884	Yes	
row_13	Slc22a19	solute carrier family 22 (organic anion transporter), member 19 [Source:MGI Symbol;Acc:MGI:2442751]	21333	-0.2545800805091858	-0.61073196	Yes	
row_14	Slco4a1	solute carrier organic anion transporter family, member 4a1 [Source:MGI Symbol;Acc:MGI:1351866]	21851	-0.3178836703300476	-0.5923265	Yes	
row_15	Slc22a30	solute carrier family 22, member 30 [Source:MGI Symbol;Acc:MGI:2442750]	22343	-0.3852536678314209	-0.5645799	Yes	
row_16	Slco6d1	solute carrier organic anion transporter family, member 6d1 [Source:MGI Symbol;Acc:MGI:1918116]	22434	-0.3967858850955963	-0.51932085	Yes	
row_17	Slco1a1	solute carrier organic anion transporter family, member 1a1 [Source:MGI Symbol;Acc:MGI:1351891]	22791	-0.4516870379447937	-0.47797436	Yes	
row_18	Slc22a29	solute carrier family 22. member 29 [Source:MGI Symbol;Acc:MGI:3605624]	23166	-0.518779993057251	-0.42908657	Yes	
row_19	Slco1c1	solute carrier organic anion transporter family, member 1c1 [Source:MGI Symbol;Acc:MGI:1889679]	24505	-0.9359845519065857	-0.36749846	Yes	
row_20	Slco1a5	solute carrier organic anion transporter family, member 1a5 [Source:MGI Symbol;Acc:MGI:1351865]	24558	-0.975703239440918	-0.24941112	Yes	
row_21	Slc22a28	solute carrier family 22, member 28 [Source:MGI Symbol;Acc:MGI:3645714]	24632	-1.028890609741211	-0.12561558	Yes	
row_22	Slco5a1	solute carrier organic anion transporter family, member 5A1 [Source:MGI Symbol;Acc:MGI:2443431]	24704	-1.120234727859497	0.00951074	Yes	
