NAME	SYMBOL	TITLE	RANK IN GENE LIST	RANK METRIC SCORE	RUNNING ES	CORE ENRICHMENT	
row_0	Psmb5	proteasome (prosome, macropain) subunit, beta type 5 [Source:MGI Symbol;Acc:MGI:1194513]	26	3.2155508995056152	0.123968124	Yes	
row_1	Psmb6	proteasome (prosome, macropain) subunit, beta type 6 [Source:MGI Symbol;Acc:MGI:104880]	87	2.9348433017730713	0.23565894	Yes	
row_2	Psmb1	proteasome (prosome, macropain) subunit, beta type 1 [Source:MGI Symbol;Acc:MGI:104884]	227	2.7046115398406982	0.33522925	Yes	
row_3	Psmb3	proteasome (prosome, macropain) subunit, beta type 3 [Source:MGI Symbol;Acc:MGI:1347014]	233	2.692302703857422	0.4396976	Yes	
row_4	Psmb4	proteasome (prosome, macropain) subunit, beta type 4 [Source:MGI Symbol;Acc:MGI:1098257]	250	2.6772937774658203	0.54314107	Yes	
row_5	Psmb7	proteasome (prosome, macropain) subunit, beta type 7 [Source:MGI Symbol;Acc:MGI:107637]	284	2.63240647315979	0.64415735	Yes	
row_6	Psma4	proteasome subunit alpha 4 [Source:MGI Symbol;Acc:MGI:1347060]	809	2.109053373336792	0.7051265	Yes	
row_7	Psmb2	proteasome (prosome, macropain) subunit, beta type 2 [Source:MGI Symbol;Acc:MGI:1347045]	1072	1.934671401977539	0.76982856	Yes	
row_8	Psmb10	proteasome (prosome, macropain) subunit, beta type 10 [Source:MGI Symbol;Acc:MGI:1096380]	1638	1.6426371335983276	0.8110197	Yes	
row_9	Ggt5	gamma-glutamyltransferase 5 [Source:MGI Symbol;Acc:MGI:1346063]	1679	1.627562165260315	0.8726897	Yes	
row_10	Asrgl1	asparaginase like 1 [Source:MGI Symbol;Acc:MGI:1913764]	6788	0.5649950504302979	0.6897038	No	
row_11	Psmb8	proteasome (prosome, macropain) subunit, beta type 8 (large multifunctional peptidase 7) [Source:MGI Symbol;Acc:MGI:1346527]	7910	0.4382493197917938	0.6617632	No	
row_12	Psmb9	proteasome (prosome, macropain) subunit, beta type 9 (large multifunctional peptidase 2) [Source:MGI Symbol;Acc:MGI:1346526]	10318	0.20975621044635773	0.5733404	No	
row_13	Ggt7	gamma-glutamyltransferase 7 [Source:MGI Symbol;Acc:MGI:1913385]	11396	0.11032569408416748	0.5344165	No	
row_14	Tasp1	taspase, threonine aspartase 1 [Source:MGI Symbol;Acc:MGI:1923062]	12584	0.007688341662287712	0.48708868	No	
row_15	Prss50	protease, serine 50 [Source:MGI Symbol;Acc:MGI:2447303]	13357	4.17926290538162E-4	0.45612952	No	
row_16	Ggt6	gamma-glutamyltransferase 6 [Source:MGI Symbol;Acc:MGI:1918772]	18463	-7.236561505123973E-4	0.25132677	No	
row_17	Psmb11	proteasome (prosome, macropain) subunit, beta type, 11 [Source:MGI Symbol;Acc:MGI:1921152]	18805	-0.002379030454903841	0.23773713	No	
row_18	Ggt1	gamma-glutamyltransferase 1 [Source:MGI Symbol;Acc:MGI:95706]	21012	-0.21661065518856049	0.1576457	No	
