NAME	SYMBOL	TITLE	RANK IN GENE LIST	RANK METRIC SCORE	RUNNING ES	CORE ENRICHMENT	
row_0	Gpx4	glutathione peroxidase 4 [Source:MGI Symbol;Acc:MGI:104767]	183	2.766568183898926	0.09487161	Yes	
row_1	Gsta4	glutathione S-transferase, alpha 4 [Source:MGI Symbol;Acc:MGI:1309515]	184	2.7648298740386963	0.19702397	Yes	
row_2	Mgst3	microsomal glutathione S-transferase 3 [Source:MGI Symbol;Acc:MGI:1913697]	288	2.6288936138153076	0.29001984	Yes	
row_3	Gpx8	glutathione peroxidase 8 (putative) [Source:MGI Symbol;Acc:MGI:1916840]	555	2.3306381702423096	0.36545378	Yes	
row_4	Prdx6	peroxiredoxin 6 [Source:MGI Symbol;Acc:MGI:894320]	580	2.3033578395843506	0.44959283	Yes	
row_5	Gstt2	glutathione S-transferase, theta 2 [Source:MGI Symbol;Acc:MGI:106188]	891	2.0471792221069336	0.5127878	Yes	
row_6	Gstm7	glutathione S-transferase, mu 7 [Source:MGI Symbol;Acc:MGI:1915562]	1441	1.7384446859359741	0.5549833	Yes	
row_7	Gstk1	glutathione S-transferase kappa 1 [Source:MGI Symbol;Acc:MGI:1923513]	1544	1.68778657913208	0.61324817	Yes	
row_8	Gpx7	glutathione peroxidase 7 [Source:MGI Symbol;Acc:MGI:1914555]	1813	1.566816806793213	0.6603809	Yes	
row_9	Mgst1	microsomal glutathione S-transferase 1 [Source:MGI Symbol;Acc:MGI:1913850]	2330	1.3801401853561401	0.6906626	Yes	
row_10	Gpx3	glutathione peroxidase 3 [Source:MGI Symbol;Acc:MGI:105102]	2680	1.2771929502487183	0.7238435	Yes	
row_11	Gpx1	glutathione peroxidase 1 [Source:MGI Symbol;Acc:MGI:104887]	2768	1.2548232078552246	0.7667137	Yes	
row_12	Gstp1	glutathione S-transferase, pi 1 [Source:MGI Symbol;Acc:MGI:95865]	6163	0.6471846699714661	0.6544021	No	
row_13	Alox5ap	arachidonate 5-lipoxygenase activating protein [Source:MGI Symbol;Acc:MGI:107505]	6376	0.619112491607666	0.6687676	No	
row_14	Ptges	prostaglandin E synthase [Source:MGI Symbol;Acc:MGI:1927593]	7496	0.48149576783180237	0.6416447	No	
row_15	Gstt1	glutathione S-transferase, theta 1 [Source:MGI Symbol;Acc:MGI:107379]	8737	0.3545627295970917	0.6049756	No	
row_16	Gsta5	glutathione S-transferase alpha 5 [Source:MGI Symbol;Acc:MGI:3704339]	10090	0.22962813079357147	0.55919516	No	
row_17	Ltc4s	leukotriene C4 synthase [Source:MGI Symbol;Acc:MGI:107498]	12484	0.01567760296165943	0.46372783	No	
row_18	Gpx2	glutathione peroxidase 2 [Source:MGI Symbol;Acc:MGI:106609]	13082	8.052585180848837E-4	0.43979612	No	
row_19	Gstp2	glutathione S-transferase, pi 2 [Source:MGI Symbol;Acc:MGI:95864]	15518	0.0	0.3420638	No	
row_20	Gstt3	glutathione S-transferase, theta 3 [Source:MGI Symbol;Acc:MGI:2143526]	15537	0.0	0.34134138	No	
row_21	Gpx6	glutathione peroxidase 6 [Source:MGI Symbol;Acc:MGI:1922762]	18184	0.0	0.23514028	No	
row_22	Gpx5	glutathione peroxidase 5 [Source:MGI Symbol;Acc:MGI:104886]	18185	0.0	0.23514028	No	
row_23	Gsta1	glutathione S-transferase, alpha 1 (Ya) [Source:MGI Symbol;Acc:MGI:1095417]	18783	-0.0021239728666841984	0.2112573	No	
row_24	Mgst2	microsomal glutathione S-transferase 2 [Source:MGI Symbol;Acc:MGI:2448481]	19586	-0.07197539508342743	0.18172713	No	
row_25	Gsta2	glutathione S-transferase, alpha 2 (Yc2) [Source:MGI Symbol;Acc:MGI:95863]	22147	-0.3580898940563202	0.092208154	No	
row_26	Prdx6b	peroxiredoxin 6B [Source:MGI Symbol;Acc:MGI:1336888]	23266	-0.5384206771850586	0.06722865	No	
