NAME	SYMBOL	TITLE	RANK IN GENE LIST	RANK METRIC SCORE	RUNNING ES	CORE ENRICHMENT	
row_0	Chrnb2	cholinergic receptor, nicotinic, beta polypeptide 2 (neuronal) [Source:MGI Symbol;Acc:MGI:87891]	6567	0.5933539271354675	-0.14713044	No	
row_1	Chrm3	cholinergic receptor, muscarinic 3, cardiac [Source:MGI Symbol;Acc:MGI:88398]	8757	0.35315945744514465	-0.16570655	No	
row_2	Chrnb1	cholinergic receptor, nicotinic, beta polypeptide 1 (muscle) [Source:MGI Symbol;Acc:MGI:87890]	10684	0.1734742969274521	-0.20896496	No	
row_3	Chrnb4	cholinergic receptor, nicotinic, beta polypeptide 4 [Source:MGI Symbol;Acc:MGI:87892]	11321	0.11623341590166092	-0.21169038	No	
row_4	Hrh4	histamine receptor H4 [Source:MGI Symbol;Acc:MGI:2429635]	11497	0.10130249708890915	-0.19884735	No	
row_5	Chrna5	cholinergic receptor, nicotinic, alpha polypeptide 5 [Source:MGI Symbol;Acc:MGI:87889]	13219	6.296610808931291E-4	-0.2677738	No	
row_6	Chrm5	cholinergic receptor, muscarinic 5 [Source:MGI Symbol;Acc:MGI:109248]	13975	0.0	-0.29806587	No	
row_7	Chrm4	cholinergic receptor, muscarinic 4 [Source:MGI Symbol;Acc:MGI:88399]	13976	0.0	-0.29806587	No	
row_8	Hrh3	histamine receptor H3 [Source:MGI Symbol;Acc:MGI:2139279]	15103	0.0	-0.3432432	No	
row_9	Chrna3	cholinergic receptor, nicotinic, alpha polypeptide 3 [Source:MGI Symbol;Acc:MGI:87887]	17414	0.0	-0.43592498	No	
row_10	Chrna1	cholinergic receptor, nicotinic, alpha polypeptide 1 (muscle) [Source:MGI Symbol;Acc:MGI:87885]	17415	0.0	-0.43592498	No	
row_11	Chrnb3	cholinergic receptor, nicotinic, beta polypeptide 3 [Source:MGI Symbol;Acc:MGI:106212]	18636	-0.0011058286763727665	-0.48465693	No	
row_12	Chrna4	cholinergic receptor, nicotinic, alpha polypeptide 4 [Source:MGI Symbol;Acc:MGI:87888]	19107	-0.025860529392957687	-0.49844328	No	
row_13	Anxa9	annexin A9 [Source:MGI Symbol;Acc:MGI:1923711]	22847	-0.45889073610305786	-0.5584756	Yes	
row_14	Chrna7	cholinergic receptor, nicotinic, alpha polypeptide 7 [Source:MGI Symbol;Acc:MGI:99779]	23223	-0.530460774898529	-0.46950352	Yes	
row_15	Chrna2	cholinergic receptor, nicotinic, alpha polypeptide 2 (neuronal) [Source:MGI Symbol;Acc:MGI:87886]	24095	-0.7475194931030273	-0.35786897	Yes	
row_16	Chrm2	cholinergic receptor, muscarinic 2, cardiac [Source:MGI Symbol;Acc:MGI:88397]	24231	-0.8019225597381592	-0.20603679	Yes	
row_17	Chrm1	cholinergic receptor, muscarinic 1, CNS [Source:MGI Symbol;Acc:MGI:88396]	24756	-1.1957968473434448	0.0074226023	Yes	
