NAME	SYMBOL	TITLE	RANK IN GENE LIST	RANK METRIC SCORE	RUNNING ES	CORE ENRICHMENT	
row_0	Cct7	chaperonin containing Tcp1, subunit 7 (eta) [Source:MGI Symbol;Acc:MGI:107184]	120	2.871438503265381	0.052387573	Yes	
row_1	Pfdn2	prefoldin 2 [Source:MGI Symbol;Acc:MGI:1276111]	187	2.762385845184326	0.10477096	Yes	
row_2	Hspa8	heat shock protein 8 [Source:MGI Symbol;Acc:MGI:105384]	196	2.749600648880005	0.15922867	Yes	
row_3	Pdcl3	phosducin-like 3 [Source:MGI Symbol;Acc:MGI:1916083]	239	2.6886990070343018	0.21110776	Yes	
row_4	Cct4	chaperonin containing Tcp1, subunit 4 (delta) [Source:MGI Symbol;Acc:MGI:104689]	389	2.4967241287231445	0.25486556	Yes	
row_5	Hsp90ab1	heat shock protein 90 alpha (cytosolic), class B member 1 [Source:MGI Symbol;Acc:MGI:96247]	412	2.4661099910736084	0.30311322	Yes	
row_6	Tcp1	t-complex protein 1 [Source:MGI Symbol;Acc:MGI:98535]	414	2.4652788639068604	0.35218763	Yes	
row_7	Cct5	chaperonin containing Tcp1, subunit 5 (epsilon) [Source:MGI Symbol;Acc:MGI:107185]	431	2.45452618598938	0.40044546	Yes	
row_8	Cct2	chaperonin containing Tcp1, subunit 2 (beta) [Source:MGI Symbol;Acc:MGI:107186]	742	2.155855417251587	0.4309472	Yes	
row_9	Hspb1	heat shock protein 1 [Source:MGI Symbol;Acc:MGI:96240]	1027	1.9639636278152466	0.45867005	Yes	
row_10	Cct8	chaperonin containing Tcp1, subunit 8 (theta) [Source:MGI Symbol;Acc:MGI:107183]	1088	1.9246069192886353	0.49460372	Yes	
row_11	Hspa9	heat shock protein 9 [Source:MGI Symbol;Acc:MGI:96245]	1233	1.8525772094726562	0.5257293	Yes	
row_12	Wdr83os	WD repeat domain 83 opposite strand [Source:MGI Symbol;Acc:MGI:3041257]	1369	1.778803825378418	0.5557465	Yes	
row_13	Pfdn1	prefoldin 1 [Source:MGI Symbol;Acc:MGI:1914449]	1777	1.579430341720581	0.57086927	Yes	
row_14	Tor1a	torsin family 1, member A (torsin A) [Source:MGI Symbol;Acc:MGI:1353568]	1779	1.5781301259994507	0.6022695	Yes	
row_15	Dnajb3	DnaJ heat shock protein family (Hsp40) member B3 [Source:MGI Symbol;Acc:MGI:1306822]	1947	1.5165411233901978	0.62577677	Yes	
row_16	Hspa14	heat shock protein 14 [Source:MGI Symbol;Acc:MGI:1354164]	2032	1.4869508743286133	0.6520274	Yes	
row_17	Cct3	chaperonin containing Tcp1, subunit 3 (gamma) [Source:MGI Symbol;Acc:MGI:104708]	2089	1.4613018035888672	0.67889154	Yes	
row_18	Hspa2	heat shock protein 2 [Source:MGI Symbol;Acc:MGI:96243]	2100	1.4576414823532104	0.70752984	Yes	
row_19	Fkbp8	FK506 binding protein 8 [Source:MGI Symbol;Acc:MGI:1341070]	2258	1.408888339996338	0.729294	Yes	
row_20	Hspa5	heat shock protein 5 [Source:MGI Symbol;Acc:MGI:95835]	2412	1.353101372718811	0.75010735	Yes	
row_21	Hspa13	heat shock protein 70 family, member 13 [Source:MGI Symbol;Acc:MGI:1309463]	2591	1.2956044673919678	0.7687713	Yes	
row_22	Ccdc47	coiled-coil domain containing 47 [Source:MGI Symbol;Acc:MGI:1914413]	2828	1.239650845527649	0.78399146	Yes	
row_23	Hsp90aa1	heat shock protein 90, alpha (cytosolic), class A member 1 [Source:MGI Symbol;Acc:MGI:96250]	3378	1.109509825706482	0.78405017	Yes	
row_24	Dnajb1	DnaJ heat shock protein family (Hsp40) member B1 [Source:MGI Symbol;Acc:MGI:1931874]	5719	0.7081311345100403	0.70419335	No	
row_25	Dnajb6	DnaJ heat shock protein family (Hsp40) member B6 [Source:MGI Symbol;Acc:MGI:1344381]	9213	0.3099483251571655	0.57010406	No	
row_26	Ric3	RIC3 acetylcholine receptor chaperone [Source:MGI Symbol;Acc:MGI:2443887]	9311	0.30110442638397217	0.5722077	No	
row_27	Cd74	CD74 antigen (invariant polypeptide of major histocompatibility complex, class II antigen-associated) [Source:MGI Symbol;Acc:MGI:96534]	10481	0.19359447062015533	0.5291225	No	
row_28	Hspa1a	heat shock protein 1A [Source:MGI Symbol;Acc:MGI:96244]	11426	0.10792079567909241	0.49336544	No	
row_29	Dnajb7	DnaJ heat shock protein family (Hsp40) member B7 [Source:MGI Symbol;Acc:MGI:1914012]	12815	0.0016105393879115582	0.4376613	No	
row_30	Zmynd10	zinc finger, MYND domain containing 10 [Source:MGI Symbol;Acc:MGI:2387863]	19026	-0.018351510167121887	0.18865936	No	
row_31	Calr3	calreticulin 3 [Source:MGI Symbol;Acc:MGI:1920566]	19069	-0.022783106192946434	0.1874267	No	
row_32	Dnajb8	DnaJ heat shock protein family (Hsp40) member B8 [Source:MGI Symbol;Acc:MGI:1922801]	19144	-0.029137488454580307	0.18503566	No	
row_33	Cct6b	chaperonin containing Tcp1, subunit 6b (zeta) [Source:MGI Symbol;Acc:MGI:1329013]	19554	-0.06826561689376831	0.16997196	No	
row_34	Hspa1b	heat shock protein 1B [Source:MGI Symbol;Acc:MGI:99517]	19785	-0.09294387698173523	0.1625878	No	
row_35	Lyrm7	LYR motif containing 7 [Source:MGI Symbol;Acc:MGI:1922780]	21952	-0.3319561779499054	0.082223736	No	
row_36	Clgn	calmegin [Source:MGI Symbol;Acc:MGI:107472]	22654	-0.42971691489219666	0.06263556	No	
row_37	Dffa	DNA fragmentation factor, alpha subunit [Source:MGI Symbol;Acc:MGI:1196227]	23173	-0.5199722647666931	0.05219401	No	
row_38	Hspa1l	heat shock protein 1-like [Source:MGI Symbol;Acc:MGI:96231]	24515	-0.9417181611061096	0.017106468	No	
