NAME	SYMBOL	TITLE	RANK IN GENE LIST	RANK METRIC SCORE	RUNNING ES	CORE ENRICHMENT	
row_0	Park7	Parkinson disease (autosomal recessive, early onset) 7 [Source:MGI Symbol;Acc:MGI:2135637]	59	3.041778802871704	0.054362264	Yes	
row_1	Prdx1	peroxiredoxin 1 [Source:MGI Symbol;Acc:MGI:99523]	66	3.006011724472046	0.11018731	Yes	
row_2	Prdx4	peroxiredoxin 4 [Source:MGI Symbol;Acc:MGI:1859815]	72	2.9902749061584473	0.16575903	Yes	
row_3	Prdx3	peroxiredoxin 3 [Source:MGI Symbol;Acc:MGI:88034]	142	2.8190221786499023	0.21556471	Yes	
row_4	Prdx2	peroxiredoxin 2 [Source:MGI Symbol;Acc:MGI:109486]	173	2.7782485485076904	0.26617718	Yes	
row_5	Gpx4	glutathione peroxidase 4 [Source:MGI Symbol;Acc:MGI:104767]	183	2.766568183898926	0.31741574	Yes	
row_6	Gsta4	glutathione S-transferase, alpha 4 [Source:MGI Symbol;Acc:MGI:1309515]	184	2.7648298740386963	0.36898354	Yes	
row_7	Mgst3	microsomal glutathione S-transferase 3 [Source:MGI Symbol;Acc:MGI:1913697]	288	2.6288936138153076	0.4138767	Yes	
row_8	Prdx5	peroxiredoxin 5 [Source:MGI Symbol;Acc:MGI:1859821]	326	2.5749807357788086	0.46041667	Yes	
row_9	Txndc17	thioredoxin domain containing 17 [Source:MGI Symbol;Acc:MGI:1289248]	339	2.551888942718506	0.50753057	Yes	
row_10	Gpx8	glutathione peroxidase 8 (putative) [Source:MGI Symbol;Acc:MGI:1916840]	555	2.3306381702423096	0.54236007	Yes	
row_11	Prdx6	peroxiredoxin 6 [Source:MGI Symbol;Acc:MGI:894320]	580	2.3033578395843506	0.5843563	Yes	
row_12	Gstt2	glutathione S-transferase, theta 2 [Source:MGI Symbol;Acc:MGI:106188]	891	2.0471792221069336	0.61008114	Yes	
row_13	Gstm7	glutathione S-transferase, mu 7 [Source:MGI Symbol;Acc:MGI:1915562]	1441	1.7384446859359741	0.6204431	Yes	
row_14	Gstk1	glutathione S-transferase kappa 1 [Source:MGI Symbol;Acc:MGI:1923513]	1544	1.68778657913208	0.6478236	Yes	
row_15	Gpx7	glutathione peroxidase 7 [Source:MGI Symbol;Acc:MGI:1914555]	1813	1.566816806793213	0.6662768	Yes	
row_16	Mgst1	microsomal glutathione S-transferase 1 [Source:MGI Symbol;Acc:MGI:1913850]	2330	1.3801401853561401	0.6712821	Yes	
row_17	Gpx3	glutathione peroxidase 3 [Source:MGI Symbol;Acc:MGI:105102]	2680	1.2771929502487183	0.6810784	Yes	
row_18	Gpx1	glutathione peroxidase 1 [Source:MGI Symbol;Acc:MGI:104887]	2768	1.2548232078552246	0.7009863	Yes	
row_19	Cat	catalase [Source:MGI Symbol;Acc:MGI:88271]	3563	1.0701216459274292	0.68903744	No	
row_20	Prxl2b	peroxiredoxin like 2B [Source:MGI Symbol;Acc:MGI:1913719]	4861	0.8340532183647156	0.65247184	No	
row_21	Cygb	cytoglobin [Source:MGI Symbol;Acc:MGI:2149481]	5402	0.7543957233428955	0.6448416	No	
row_22	Ptgs1	prostaglandin-endoperoxide synthase 1 [Source:MGI Symbol;Acc:MGI:97797]	6058	0.6595488786697388	0.630821	No	
row_23	Gstp1	glutathione S-transferase, pi 1 [Source:MGI Symbol;Acc:MGI:95865]	6163	0.6471846699714661	0.63871247	No	
row_24	Alox5ap	arachidonate 5-lipoxygenase activating protein [Source:MGI Symbol;Acc:MGI:107505]	6376	0.619112491607666	0.6417402	No	
row_25	Hbb-bt	hemoglobin, beta adult t chain [Source:MGI Symbol;Acc:MGI:5474850]	6779	0.5662299990653992	0.6361462	No	
row_26	Ptges	prostaglandin E synthase [Source:MGI Symbol;Acc:MGI:1927593]	7496	0.48149576783180237	0.6163532	No	
row_27	Sesn3	sestrin 3 [Source:MGI Symbol;Acc:MGI:1922997]	7579	0.4720861315727234	0.62186295	No	
row_28	Gstt1	glutathione S-transferase, theta 1 [Source:MGI Symbol;Acc:MGI:107379]	8737	0.3545627295970917	0.5819803	No	
row_29	Gsta5	glutathione S-transferase alpha 5 [Source:MGI Symbol;Acc:MGI:3704339]	10090	0.22962813079357147	0.5319311	No	
row_30	Txnrd1	thioredoxin reductase 1 [Source:MGI Symbol;Acc:MGI:1354175]	10742	0.16946998238563538	0.50893056	No	
row_31	Hbb-bs	hemoglobin, beta adult s chain [Source:MGI Symbol;Acc:MGI:5474852]	11271	0.12198018282651901	0.48998716	No	
row_32	Upk3bl	uroplakin 3B-like [Source:MGI Symbol;Acc:MGI:1916915]	11380	0.11219095438718796	0.48773956	No	
row_33	Sesn2	sestrin 2 [Source:MGI Symbol;Acc:MGI:2651874]	11900	0.068144291639328	0.46815374	No	
row_34	Hba-a1	hemoglobin alpha, adult chain 1 [Source:MGI Symbol;Acc:MGI:96015]	11962	0.061580125242471695	0.46685094	No	
row_35	Ltc4s	leukotriene C4 synthase [Source:MGI Symbol;Acc:MGI:107498]	12484	0.01567760296165943	0.4462062	No	
row_36	Pxdn	peroxidasin [Source:MGI Symbol;Acc:MGI:1916925]	12538	0.011026290245354176	0.44428197	No	
row_37	Hbb-bh1	hemoglobin Z, beta-like embryonic chain [Source:MGI Symbol;Acc:MGI:96024]	12787	0.0018329332815483212	0.43434992	No	
row_38	Gpx2	glutathione peroxidase 2 [Source:MGI Symbol;Acc:MGI:106609]	13082	8.052585180848837E-4	0.4225501	No	
row_39	Hbb-y	hemoglobin Y, beta-like embryonic chain [Source:MGI Symbol;Acc:MGI:96027]	13122	7.520172512158751E-4	0.42099687	No	
row_40	Epx	eosinophil peroxidase [Source:MGI Symbol;Acc:MGI:107569]	13317	4.900480271317065E-4	0.41320983	No	
row_41	Hbb-bh2	hemoglobin beta, bh2 [Source:MGI Symbol;Acc:MGI:96025]	13579	0.0	0.40272117	No	
row_42	Gstp2	glutathione S-transferase, pi 2 [Source:MGI Symbol;Acc:MGI:95864]	15518	0.0	0.3248398	No	
row_43	Gstt3	glutathione S-transferase, theta 3 [Source:MGI Symbol;Acc:MGI:2143526]	15537	0.0	0.32411644	No	
row_44	Hba-x	hemoglobin X, alpha-like embryonic chain in Hba complex [Source:MGI Symbol;Acc:MGI:96019]	16026	0.0	0.30450544	No	
row_45	Hbq1a	hemoglobin, theta 1A [Source:MGI Symbol;Acc:MGI:2685722]	17615	0.0	0.24068935	No	
row_46	Gpx6	glutathione peroxidase 6 [Source:MGI Symbol;Acc:MGI:1922762]	18184	0.0	0.21786344	No	
row_47	Gpx5	glutathione peroxidase 5 [Source:MGI Symbol;Acc:MGI:104886]	18185	0.0	0.21786344	No	
row_48	Ptgs2	prostaglandin-endoperoxide synthase 2 [Source:MGI Symbol;Acc:MGI:97798]	18251	-1.326512428931892E-4	0.21525379	No	
row_49	Lpo	lactoperoxidase [Source:MGI Symbol;Acc:MGI:1923363]	18325	-5.375714390538633E-4	0.2123302	No	
row_50	Gsta1	glutathione S-transferase, alpha 1 (Ya) [Source:MGI Symbol;Acc:MGI:1095417]	18783	-0.0021239728666841984	0.19400461	No	
row_51	Mpo	myeloperoxidase [Source:MGI Symbol;Acc:MGI:97137]	19432	-0.05690006539225578	0.16902503	No	
row_52	Mgst2	microsomal glutathione S-transferase 2 [Source:MGI Symbol;Acc:MGI:2448481]	19586	-0.07197539508342743	0.16421895	No	
row_53	Tpo	thyroid peroxidase [Source:MGI Symbol;Acc:MGI:98813]	20280	-0.14254069328308105	0.13902831	No	
row_54	Gsta2	glutathione S-transferase, alpha 2 (Yc2) [Source:MGI Symbol;Acc:MGI:95863]	22147	-0.3580898940563202	0.07071922	No	
row_55	Prdx6b	peroxiredoxin 6B [Source:MGI Symbol;Acc:MGI:1336888]	23266	-0.5384206771850586	0.035833023	No	
row_56	Hbq1b	hemoglobin, theta 1B [Source:MGI Symbol;Acc:MGI:3613460]	24007	-0.7191900610923767	0.019508904	No	
row_57	Sesn1	sestrin 1 [Source:MGI Symbol;Acc:MGI:2155278]	24541	-0.9642779231071472	0.016074598	No	
