NAME	SYMBOL	TITLE	RANK IN GENE LIST	RANK METRIC SCORE	RUNNING ES	CORE ENRICHMENT	
row_0	Tceal9	transcription elongation factor A like 9 [Source:MGI Symbol;Acc:MGI:109567]	25	3.230215311050415	0.11107259	Yes	
row_1	Tceal8	transcription elongation factor A (SII)-like 8 [Source:MGI Symbol;Acc:MGI:1913934]	138	2.8323814868927	0.2048493	Yes	
row_2	Tceal5	transcription elongation factor A (SII)-like 5 [Source:MGI Symbol;Acc:MGI:3036236]	281	2.6368050575256348	0.2906359	Yes	
row_3	Traf4	TNF receptor associated factor 4 [Source:MGI Symbol;Acc:MGI:1202880]	817	2.1024551391601562	0.3421058	Yes	
row_4	Tceal1	transcription elongation factor A (SII)-like 1 [Source:MGI Symbol;Acc:MGI:2385317]	1083	1.9285762310028076	0.39838177	Yes	
row_5	Wbp11	WW domain binding protein 11 [Source:MGI Symbol;Acc:MGI:1891823]	1473	1.721003770828247	0.44247785	Yes	
row_6	Tceal7	transcription elongation factor A (SII)-like 7 [Source:MGI Symbol;Acc:MGI:1915746]	1526	1.6977310180664062	0.49929515	Yes	
row_7	Dazap2	DAZ associated protein 2 [Source:MGI Symbol;Acc:MGI:1344344]	1811	1.5672792196273804	0.54227275	Yes	
row_8	Shisa5	shisa family member 5 [Source:MGI Symbol;Acc:MGI:1915044]	2264	1.406867504119873	0.5729404	Yes	
row_9	Cdc25c	cell division cycle 25C [Source:MGI Symbol;Acc:MGI:88350]	2409	1.3538578748703003	0.6141333	Yes	
row_10	Fam189b	family with sequence similarity 189, member B [Source:MGI Symbol;Acc:MGI:1915771]	2599	1.2931681871414185	0.65141404	Yes	
row_11	Kif20b	kinesin family member 20B [Source:MGI Symbol;Acc:MGI:2444576]	2695	1.2738162279129028	0.6917969	Yes	
row_12	Wbp1	WW domain binding protein 1 [Source:MGI Symbol;Acc:MGI:104710]	2982	1.1990653276443481	0.7219186	Yes	
row_13	Litaf	LPS-induced TN factor [Source:MGI Symbol;Acc:MGI:1929512]	4394	0.9101707935333252	0.6968541	No	
row_14	Ndfip2	Nedd4 family interacting protein 2 [Source:MGI Symbol;Acc:MGI:1923523]	5331	0.76417475938797	0.6857928	No	
row_15	Ndfip1	Nedd4 family interacting protein 1 [Source:MGI Symbol;Acc:MGI:1929601]	9045	0.3263268768787384	0.5480585	No	
row_16	Tceal3	transcription elongation factor A (SII)-like 3 [Source:MGI Symbol;Acc:MGI:1913354]	9085	0.3223040997982025	0.5576756	No	
row_17	Nfe2	nuclear factor, erythroid derived 2 [Source:MGI Symbol;Acc:MGI:97308]	10237	0.21784557402133942	0.51902765	No	
row_18	Pmepa1	prostate transmembrane protein, androgen induced 1 [Source:MGI Symbol;Acc:MGI:1929600]	10713	0.17119143903255463	0.5058987	No	
row_19	Scnn1a	sodium channel, nonvoltage-gated 1 alpha [Source:MGI Symbol;Acc:MGI:101782]	11679	0.08579626679420471	0.47013608	No	
row_20	Scnn1b	sodium channel, nonvoltage-gated 1 beta [Source:MGI Symbol;Acc:MGI:104696]	11879	0.06963129341602325	0.46456325	No	
row_21	Pparg	peroxisome proliferator activated receptor gamma [Source:MGI Symbol;Acc:MGI:97747]	12042	0.05374817177653313	0.4599247	No	
row_22	Prrg4	proline rich Gla (G-carboxyglutamic acid) 4 (transmembrane) [Source:MGI Symbol;Acc:MGI:2442211]	12083	0.05046018585562706	0.4600697	No	
row_23	Tceal6	transcription elongation factor A (SII)-like 6 [Source:MGI Symbol;Acc:MGI:1923939]	12790	0.0018028633203357458	0.4317902	No	
row_24	Trex1	three prime repair exonuclease 1 [Source:MGI Symbol;Acc:MGI:1328317]	13746	0.0	0.3934522	No	
row_25	Dnm2	dynamin 2 [Source:MGI Symbol;Acc:MGI:109547]	19941	-0.10818567872047424	0.14855066	No	
row_26	Scnn1g	sodium channel, nonvoltage-gated 1 gamma [Source:MGI Symbol;Acc:MGI:104695]	20129	-0.12724369764328003	0.1454585	No	
row_27	Rapgef2	Rap guanine nucleotide exchange factor (GEF) 2 [Source:MGI Symbol;Acc:MGI:2659071]	20977	-0.2128288894891739	0.11884045	No	
row_28	Tnk2	tyrosine kinase, non-receptor, 2 [Source:MGI Symbol;Acc:MGI:1858308]	21193	-0.23803086578845978	0.11846814	No	
row_29	Wbp2nl	WBP2 N-terminal like [Source:MGI Symbol;Acc:MGI:1921966]	21566	-0.2813587784767151	0.113296464	No	
row_30	Trp63	transformation related protein 63 [Source:MGI Symbol;Acc:MGI:1330810]	21639	-0.2904026508331299	0.12048192	No	
row_31	Enah	ENAH actin regulator [Source:MGI Symbol;Acc:MGI:108360]	22063	-0.3468663990497589	0.11553574	No	
