NAME	SYMBOL	TITLE	RANK IN GENE LIST	RANK METRIC SCORE	RUNNING ES	CORE ENRICHMENT	
row_0	Cyp2s1	cytochrome P450, family 2, subfamily s, polypeptide 1 [Source:MGI Symbol;Acc:MGI:1921384]	6142	0.6503265500068665	-0.20617253	No	
row_1	Cyp4f18	cytochrome P450, family 4, subfamily f, polypeptide 18 [Source:MGI Symbol;Acc:MGI:1919304]	6267	0.6339597105979919	-0.17159228	No	
row_2	Cyp2c68	cytochrome P450, family 2, subfamily c, polypeptide 68 [Source:MGI Symbol;Acc:MGI:3612287]	8535	0.3725811541080475	-0.23941861	No	
row_3	Cyp2d22	cytochrome P450, family 2, subfamily d, polypeptide 22 [Source:MGI Symbol;Acc:MGI:1929474]	9541	0.2800852954387665	-0.26231605	No	
row_4	Cyp2j6	cytochrome P450, family 2, subfamily j, polypeptide 6 [Source:MGI Symbol;Acc:MGI:1270148]	9977	0.2412368357181549	-0.26473796	No	
row_5	Cyp2j11	cytochrome P450, family 2, subfamily j, polypeptide 11 [Source:MGI Symbol;Acc:MGI:2140224]	10073	0.23095642030239105	-0.2541419	No	
row_6	Cyp2t4	cytochrome P450, family 2, subfamily t, polypeptide 4 [Source:MGI Symbol;Acc:MGI:2686296]	12559	0.009799416176974773	-0.35336563	No	
row_7	Cyp2f2	cytochrome P450, family 2, subfamily f, polypeptide 2 [Source:MGI Symbol;Acc:MGI:88608]	12955	0.0010623740963637829	-0.36916852	No	
row_8	Cyp2a12	cytochrome P450, family 2, subfamily a, polypeptide 12 [Source:MGI Symbol;Acc:MGI:105055]	13080	8.074065553955734E-4	-0.37409988	No	
row_9	Cyp2b10	cytochrome P450, family 2, subfamily b, polypeptide 10 [Source:MGI Symbol;Acc:MGI:88598]	13410	2.5464524514973164E-4	-0.3873016	No	
row_10	Cyp1a1	cytochrome P450, family 1, subfamily a, polypeptide 1 [Source:MGI Symbol;Acc:MGI:88588]	13469	0.0	-0.38963178	No	
row_11	Cyp2a4	cytochrome P450, family 2, subfamily a, polypeptide 4 [Source:MGI Symbol;Acc:MGI:88596]	13535	0.0	-0.39224315	No	
row_12	Cyp2a5	cytochrome P450, family 2, subfamily a, polypeptide 5 [Source:MGI Symbol;Acc:MGI:88597]	13536	0.0	-0.39224315	No	
row_13	Cyp2c37	cytochrome P450, family 2. subfamily c, polypeptide 37 [Source:MGI Symbol;Acc:MGI:1306806]	17567	0.0	-0.5541491	No	
row_14	Cyp4a31	cytochrome P450, family 4, subfamily a, polypeptide 31 [Source:MGI Symbol;Acc:MGI:3028580]	18052	0.0	-0.57359385	No	
row_15	Cyp4a14	cytochrome P450, family 4, subfamily a, polypeptide 14 [Source:MGI Symbol;Acc:MGI:1096550]	18066	0.0	-0.5741161	No	
row_16	Cyp2b23	cytochrome P450, family 2, subfamily b, polypeptide 23 [Source:MGI Symbol;Acc:MGI:3646735]	18098	0.0	-0.57536155	No	
row_17	Cyp2b19	cytochrome P450, family 2, subfamily b, polypeptide 19 [Source:MGI Symbol;Acc:MGI:107303]	18099	0.0	-0.57536155	No	
row_18	Cyp2a22	cytochrome P450, family 2, subfamily a, polypeptide 22 [Source:MGI Symbol;Acc:MGI:3648316]	18289	-4.333927936386317E-4	-0.5829276	No	
row_19	Cyp2c40	cytochrome P450, family 2, subfamily c, polypeptide 40 [Source:MGI Symbol;Acc:MGI:1306815]	18328	-5.426753778010607E-4	-0.5844204	No	
row_20	Cyp4f14	cytochrome P450, family 4, subfamily f, polypeptide 14 [Source:MGI Symbol;Acc:MGI:1927669]	18462	-7.234255317598581E-4	-0.5897186	No	
row_21	Cyp2c70	cytochrome P450, family 2, subfamily c, polypeptide 70 [Source:MGI Symbol;Acc:MGI:2385878]	18675	-0.001297638867981732	-0.5981547	No	
row_22	Cyp2c65	cytochrome P450, family 2, subfamily c, polypeptide 65 [Source:MGI Symbol;Acc:MGI:1919553]	18723	-0.0014938724925741553	-0.5999497	No	
row_23	Cyp2c67	cytochrome P450, family 2, subfamily c, polypeptide 67 [Source:MGI Symbol;Acc:MGI:3612288]	18727	-0.0015165392542257905	-0.5999756	No	
row_24	Cyp4a29	cytochrome P450, family 4, subfamily a, polypeptide 29 [Source:MGI Symbol;Acc:MGI:3717143]	18737	-0.001562069752253592	-0.6002397	No	
row_25	Cyp4a12a	cytochrome P450, family 4, subfamily a, polypeptide 12a [Source:MGI Symbol;Acc:MGI:88612]	18872	-0.005493391305208206	-0.60528034	No	
row_26	Cyp4a32	cytochrome P450, family 4, subfamily a, polypeptide 32 [Source:MGI Symbol;Acc:MGI:3717148]	19376	-0.05102403089404106	-0.6223043	No	
row_27	Cyp4x1	cytochrome P450, family 4, subfamily x, polypeptide 1 [Source:MGI Symbol;Acc:MGI:1932403]	19645	-0.07743982970714569	-0.6282387	No	
row_28	Cyp2c50	cytochrome P450, family 2, subfamily c, polypeptide 50 [Source:MGI Symbol;Acc:MGI:2147497]	20462	-0.1618552803993225	-0.6509211	No	
row_29	Cyp2c38	cytochrome P450, family 2, subfamily c, polypeptide 38 [Source:MGI Symbol;Acc:MGI:1306819]	21886	-0.32200393080711365	-0.68799585	Yes	
row_30	Cyp2b13	cytochrome P450, family 2, subfamily b, polypeptide 13 [Source:MGI Symbol;Acc:MGI:88599]	21942	-0.32994434237480164	-0.66961545	Yes	
row_31	Cyp4a10	cytochrome P450, family 4, subfamily a, polypeptide 10 [Source:MGI Symbol;Acc:MGI:88611]	22031	-0.3424789309501648	-0.65177864	Yes	
row_32	Cyp2b9	cytochrome P450, family 2, subfamily b, polypeptide 9 [Source:MGI Symbol;Acc:MGI:88600]	22213	-0.36984938383102417	-0.63597006	Yes	
row_33	Cyp4f40	cytochrome P450, family 4, subfamily f, polypeptide 40 [Source:MGI Symbol;Acc:MGI:3645508]	22309	-0.380913108587265	-0.616016	Yes	
row_34	Cyp2c66	cytochrome P450, family 2, subfamily c, polypeptide 66 [Source:MGI Symbol;Acc:MGI:1917138]	22316	-0.38224485516548157	-0.59240323	Yes	
row_35	Cyp2j9	cytochrome P450, family 2, subfamily j, polypeptide 9 [Source:MGI Symbol;Acc:MGI:1921769]	22530	-0.41165265440940857	-0.57527155	Yes	
row_36	Cyp2j5	cytochrome P450, family 2, subfamily j, polypeptide 5 [Source:MGI Symbol;Acc:MGI:1270149]	22716	-0.43813422322273254	-0.55536234	Yes	
row_37	Cyp2c55	cytochrome P450, family 2, subfamily c, polypeptide 55 [Source:MGI Symbol;Acc:MGI:1919332]	22957	-0.4777674078941345	-0.53518957	Yes	
row_38	Cyp2e1	cytochrome P450, family 2, subfamily e, polypeptide 1 [Source:MGI Symbol;Acc:MGI:88607]	23152	-0.5163202285766602	-0.5107628	Yes	
row_39	Cyp2j13	cytochrome P450, family 2, subfamily j, polypeptide 13 [Source:MGI Symbol;Acc:MGI:2385197]	23161	-0.5178508758544922	-0.47876796	Yes	
row_40	Cyp2c29	cytochrome P450, family 2, subfamily c, polypeptide 29 [Source:MGI Symbol;Acc:MGI:103238]	23216	-0.5285267233848572	-0.44795495	Yes	
row_41	Cyp2c54	cytochrome P450, family 2, subfamily c, polypeptide 54 [Source:MGI Symbol;Acc:MGI:3642960]	23612	-0.6176360845565796	-0.42528084	Yes	
row_42	Cyp2g1	cytochrome P450, family 2, subfamily g, polypeptide 1 [Source:MGI Symbol;Acc:MGI:109612]	23689	-0.6340945959091187	-0.38876376	Yes	
row_43	Cyp2c69	cytochrome P450, family 2, subfamily c, polypeptide 69 [Source:MGI Symbol;Acc:MGI:3721049]	23926	-0.6954424977302551	-0.35484633	Yes	
row_44	Cyp4a12b	cytochrome P450, family 4, subfamily a, polypeptide 12B [Source:MGI Symbol;Acc:MGI:3611747]	24296	-0.8269656896591187	-0.31806454	Yes	
row_45	Cyp4a30b	cytochrome P450, family 4, subfamily a, polypeptide 30b [Source:MGI Symbol;Acc:MGI:3717145]	24348	-0.8477955460548401	-0.26720718	Yes	
row_46	Cyp4f15	cytochrome P450, family 4, subfamily f, polypeptide 15 [Source:MGI Symbol;Acc:MGI:2146921]	24389	-0.8634360432624817	-0.21493185	Yes	
row_47	Cyp2j8	cytochrome P450, family 2, subfamily j, polypeptide 8 [Source:MGI Symbol;Acc:MGI:2449817]	24421	-0.8799036741256714	-0.16126728	Yes	
row_48	Cyp2c39	cytochrome P450, family 2, subfamily c, polypeptide 39 [Source:MGI Symbol;Acc:MGI:1306818]	24456	-0.9014958739280701	-0.1063758	Yes	
row_49	Cyp2j12	cytochrome P450, family 2, subfamily j, polypeptide 12 [Source:MGI Symbol;Acc:MGI:3717097]	24570	-0.9836563467979431	-0.049530964	Yes	
row_50	Cyp2c23	cytochrome P450, family 2, subfamily c, polypeptide 23 [Source:MGI Symbol;Acc:MGI:1888897]	24635	-1.031909465789795	0.012293671	Yes	
