NAME	GS<br> follow link to MSigDB	GS DETAILS	SIZE	ES	NES	NOM p-val	FDR q-val	FWER p-val	RANK AT MAX	LEADING EDGE	
GOBP_EYE_PHOTORECEPTOR_CELL_DEVELOPMENT	GOBP_EYE_PHOTORECEPTOR_CELL_DEVELOPMENT	Details ...	42	-0.5621587	-1.437341	0.031558186	1.0	0.98	1984	tags=29%, list=8%, signal=31%	
GOMF_SODIUM_INDEPENDENT_ORGANIC_ANION_TRANSMEMBRANE_TRANSPORTER_ACTIVITY	GOMF_SODIUM_INDEPENDENT_ORGANIC_ANION_TRANSMEMBRANE_TRANSPORTER_ACTIVITY	Details ...	23	-0.6759317	-1.4251785	0.072	1.0	1.0	4045	tags=52%, list=16%, signal=62%	
GOMF_ARACHIDONIC_ACID_MONOOXYGENASE_ACTIVITY	GOMF_ARACHIDONIC_ACID_MONOOXYGENASE_ACTIVITY	Details ...	51	-0.70809036	-1.4199708	0.09193246	1.0	1.0	3057	tags=43%, list=12%, signal=49%	
WP_EICOSANOID_METABOLISM_VIA_CYTOCHROME_P450_MONOOXYGENASES	WP_EICOSANOID_METABOLISM_VIA_CYTOCHROME_P450_MONOOXYGENASES	Details ...	16	-0.7330722	-1.4066118	0.19439252	1.0	1.0	3057	tags=63%, list=12%, signal=71%	
GOMF_ACETYLCHOLINE_RECEPTOR_ACTIVITY	GOMF_ACETYLCHOLINE_RECEPTOR_ACTIVITY	Details ...	18	-0.6484593	-1.3940042	0.029069768	1.0	1.0	2096	tags=28%, list=8%, signal=30%	
GOBP_CELLULAR_GLUCURONIDATION	GOBP_CELLULAR_GLUCURONIDATION	Details ...	20	-0.7751665	-1.3887743	0.07602339	1.0	1.0	4474	tags=20%, list=18%, signal=24%	
KINNEY_DNMT1_METHYLATION_TARGETS	KINNEY_DNMT1_METHYLATION_TARGETS	Details ...	18	-0.6700056	-1.3870848	0.05511811	1.0	1.0	1580	tags=22%, list=6%, signal=24%	
GOCC_NODE_OF_RANVIER	GOCC_NODE_OF_RANVIER	Details ...	19	-0.6303216	-1.3761668	0.043560605	1.0	1.0	3244	tags=58%, list=13%, signal=66%	
GOBP_EPOXYGENASE_P450_PATHWAY	GOBP_EPOXYGENASE_P450_PATHWAY	Details ...	36	-0.7350441	-1.3737392	0.10614525	1.0	1.0	3057	tags=47%, list=12%, signal=54%	
CHR5A2	CHR5A2	Details ...	18	-0.6739314	-1.3625543	0.05679513	1.0	1.0	3205	tags=28%, list=13%, signal=32%	
GOBP_NEGATIVE_REGULATION_OF_CHOLESTEROL_STORAGE	GOBP_NEGATIVE_REGULATION_OF_CHOLESTEROL_STORAGE	Details ...	15	-0.60796523	-1.3523076	0.07312253	1.0	1.0	2841	tags=47%, list=11%, signal=53%	
REACTOME_CLASS_C_3_METABOTROPIC_GLUTAMATE_PHEROMONE_RECEPTORS	REACTOME_CLASS_C_3_METABOTROPIC_GLUTAMATE_PHEROMONE_RECEPTORS	Details ...	31	-0.74938774	-1.3483653	0.080827065	1.0	1.0	2379	tags=23%, list=10%, signal=25%	
CHRXC1	CHRXC1	Details ...	16	-0.72231	-1.3357866	0.11153119	1.0	1.0	2836	tags=31%, list=11%, signal=35%	
DESCARTES_ORGANOGENESIS_EXCITATORY_NEURONS	DESCARTES_ORGANOGENESIS_EXCITATORY_NEURONS	Details ...	40	-0.59342414	-1.3346686	0.13867188	1.0	1.0	4231	tags=52%, list=17%, signal=63%	
CHRYA2	CHRYA2	Details ...	49	-0.5409553	-1.3267035	0.194	1.0	1.0	11477	tags=100%, list=46%, signal=185%	
CHRYC2	CHRYC2	Details ...	31	-0.5437357	-1.3241804	0.194	1.0	1.0	11398	tags=100%, list=46%, signal=184%	
CHRYC3	CHRYC3	Details ...	23	-0.5436815	-1.3240852	0.194	1.0	1.0	11395	tags=100%, list=46%, signal=184%	
CHRYD	CHRYD	Details ...	26	-0.5474795	-1.3211662	0.194	1.0	1.0	11302	tags=100%, list=45%, signal=183%	
CHRYC1	CHRYC1	Details ...	29	-0.5488701	-1.3201431	0.194	1.0	1.0	11269	tags=100%, list=45%, signal=182%	
GOMF_BITTER_TASTE_RECEPTOR_ACTIVITY	GOMF_BITTER_TASTE_RECEPTOR_ACTIVITY	Details ...	33	-0.5782649	-1.2990657	0.194	1.0	1.0	10539	tags=100%, list=42%, signal=173%	
GOMF_TRACE_AMINE_RECEPTOR_ACTIVITY	GOMF_TRACE_AMINE_RECEPTOR_ACTIVITY		15	-0.5796125	-1.2978836	0.194	1.0	1.0	10495	tags=100%, list=42%, signal=173%	
GOBP_BICARBONATE_TRANSPORT	GOBP_BICARBONATE_TRANSPORT		18	-0.53723484	-1.292409	0.15655577	1.0	1.0	1756	tags=33%, list=7%, signal=36%	
GOBP_EYE_PHOTORECEPTOR_CELL_DIFFERENTIATION	GOBP_EYE_PHOTORECEPTOR_CELL_DIFFERENTIATION		58	-0.46980613	-1.2909834	0.099804305	1.0	1.0	2878	tags=34%, list=12%, signal=39%	
GOMF_CALCIUM_DEPENDENT_PHOSPHOLIPASE_A2_ACTIVITY	GOMF_CALCIUM_DEPENDENT_PHOSPHOLIPASE_A2_ACTIVITY		15	-0.64567816	-1.2692103	0.14634146	1.0	1.0	3177	tags=40%, list=13%, signal=46%	
GOBP_RETINAL_CONE_CELL_DIFFERENTIATION	GOBP_RETINAL_CONE_CELL_DIFFERENTIATION		15	-0.63601696	-1.2656072	0.21621622	1.0	1.0	1984	tags=47%, list=8%, signal=51%	
GOMF_GABA_RECEPTOR_ACTIVITY	GOMF_GABA_RECEPTOR_ACTIVITY		22	-0.5403788	-1.2549162	0.13472486	1.0	1.0	2745	tags=45%, list=11%, signal=51%	
GOMF_INTRONIC_TRANSCRIPTION_REGULATORY_REGION_SEQUENCE_SPECIFIC_DNA_BINDING	GOMF_INTRONIC_TRANSCRIPTION_REGULATORY_REGION_SEQUENCE_SPECIFIC_DNA_BINDING		15	-0.60078543	-1.2472225	0.19729207	1.0	1.0	1832	tags=27%, list=7%, signal=29%	
REACTOME_PHOSPHOLIPASE_C_MEDIATED_CASCADE_FGFR1	REACTOME_PHOSPHOLIPASE_C_MEDIATED_CASCADE_FGFR1		16	-0.624143	-1.2470685	0.20477137	1.0	1.0	3773	tags=38%, list=15%, signal=44%	
GOCC_GABA_RECEPTOR_COMPLEX	GOCC_GABA_RECEPTOR_COMPLEX		21	-0.5466028	-1.2452091	0.17260788	1.0	1.0	2745	tags=48%, list=11%, signal=53%	
GOMF_FATTY_ACID_OMEGA_HYDROXYLASE_ACTIVITY	GOMF_FATTY_ACID_OMEGA_HYDROXYLASE_ACTIVITY		15	-0.5925242	-1.237226	0.134357	1.0	1.0	2912	tags=33%, list=12%, signal=38%	
GOMF_LIGAND_GATED_ANION_CHANNEL_ACTIVITY	GOMF_LIGAND_GATED_ANION_CHANNEL_ACTIVITY		21	-0.5260468	-1.2304269	0.12921348	1.0	1.0	1910	tags=43%, list=8%, signal=46%	
GOMF_EXCITATORY_EXTRACELLULAR_LIGAND_GATED_ION_CHANNEL_ACTIVITY	GOMF_EXCITATORY_EXTRACELLULAR_LIGAND_GATED_ION_CHANNEL_ACTIVITY		57	-0.46604162	-1.2301686	0.14990513	1.0	1.0	2745	tags=30%, list=11%, signal=33%	
REACTOME_PHOSPHOLIPASE_C_MEDIATED_CASCADE_FGFR4	REACTOME_PHOSPHOLIPASE_C_MEDIATED_CASCADE_FGFR4		15	-0.6117696	-1.229969	0.17871486	1.0	1.0	3784	tags=47%, list=15%, signal=55%	
GOMF_POSTSYNAPTIC_NEUROTRANSMITTER_RECEPTOR_ACTIVITY	GOMF_POSTSYNAPTIC_NEUROTRANSMITTER_RECEPTOR_ACTIVITY		76	-0.47239846	-1.2273535	0.09055877	1.0	1.0	3679	tags=38%, list=15%, signal=45%	
GOMF_LONG_CHAIN_FATTY_ACID_OMEGA_1_HYDROXYLASE_ACTIVITY	GOMF_LONG_CHAIN_FATTY_ACID_OMEGA_1_HYDROXYLASE_ACTIVITY		15	-0.64948267	-1.2260343	0.31962618	1.0	1.0	3057	tags=47%, list=12%, signal=53%	
REACTOME_PHOSPHOLIPASE_C_MEDIATED_CASCADE_FGFR2	REACTOME_PHOSPHOLIPASE_C_MEDIATED_CASCADE_FGFR2		17	-0.6148116	-1.2096874	0.2932039	1.0	1.0	4335	tags=47%, list=17%, signal=57%	
GOMF_CARBOHYDRATE_CATION_SYMPORTER_ACTIVITY	GOMF_CARBOHYDRATE_CATION_SYMPORTER_ACTIVITY		16	-0.5382708	-1.2095783	0.22306238	1.0	1.0	1386	tags=31%, list=6%, signal=33%	
GOBP_SALIVA_SECRETION	GOBP_SALIVA_SECRETION		16	-0.5779487	-1.2089672	0.23818898	1.0	1.0	4199	tags=50%, list=17%, signal=60%	
GOBP_PHOTORECEPTOR_CELL_DEVELOPMENT	GOBP_PHOTORECEPTOR_CELL_DEVELOPMENT		61	-0.43277255	-1.2044152	0.22928709	1.0	1.0	2269	tags=26%, list=9%, signal=29%	
REACTOME_ASPIRIN_ADME	REACTOME_ASPIRIN_ADME		36	-0.5252334	-1.1988823	0.21470019	1.0	1.0	4474	tags=33%, list=18%, signal=41%	
GOBP_RESPONSE_TO_MAGNESIUM_ION	GOBP_RESPONSE_TO_MAGNESIUM_ION		16	-0.550594	-1.1983807	0.3593156	1.0	1.0	2805	tags=38%, list=11%, signal=42%	
GOBP_AXONEMAL_DYNEIN_COMPLEX_ASSEMBLY	GOBP_AXONEMAL_DYNEIN_COMPLEX_ASSEMBLY		37	-0.47638366	-1.193197	0.31707317	1.0	1.0	3874	tags=43%, list=16%, signal=51%	
REACTOME_VOLTAGE_GATED_POTASSIUM_CHANNELS	REACTOME_VOLTAGE_GATED_POTASSIUM_CHANNELS		41	-0.46065575	-1.1912829	0.26603773	1.0	1.0	1546	tags=24%, list=6%, signal=26%	
GOCC_DOPAMINERGIC_SYNAPSE	GOCC_DOPAMINERGIC_SYNAPSE		16	-0.46759912	-1.1899824	0.07364341	1.0	1.0	2020	tags=31%, list=8%, signal=34%	
GOBP_NEGATIVE_REGULATION_OF_CELL_FATE_COMMITMENT	GOBP_NEGATIVE_REGULATION_OF_CELL_FATE_COMMITMENT		16	-0.49628	-1.1883128	0.18640776	1.0	1.0	3441	tags=38%, list=14%, signal=43%	
GOBP_PHOTORECEPTOR_CELL_DIFFERENTIATION	GOBP_PHOTORECEPTOR_CELL_DIFFERENTIATION		79	-0.42238125	-1.1879436	0.27992278	1.0	1.0	2878	tags=32%, list=12%, signal=36%	
GOBP_POSITIVE_REGULATION_OF_CILIUM_MOVEMENT	GOBP_POSITIVE_REGULATION_OF_CILIUM_MOVEMENT		16	-0.6162408	-1.1736838	0.38476562	1.0	1.0	4584	tags=44%, list=18%, signal=54%	
DESCARTES_ORGANOGENESIS_LENS	DESCARTES_ORGANOGENESIS_LENS		27	-0.50942445	-1.1727778	0.32213438	1.0	1.0	3837	tags=33%, list=15%, signal=39%	
GOCC_AXON_INITIAL_SEGMENT	GOCC_AXON_INITIAL_SEGMENT		26	-0.50297064	-1.1641335	0.28149608	1.0	1.0	3239	tags=46%, list=13%, signal=53%	
REACTOME_ALPHA_DEFENSINS	REACTOME_ALPHA_DEFENSINS		38	-0.78982997	-1.1611522	0.31914893	1.0	1.0	2568	tags=5%, list=10%, signal=6%	
GOCC_CELL_BODY_MEMBRANE	GOCC_CELL_BODY_MEMBRANE		41	-0.37988496	-1.1568168	0.1961165	1.0	1.0	2544	tags=34%, list=10%, signal=38%	
DESCARTES_ORGANOGENESIS_SENSORY_NEURONS	DESCARTES_ORGANOGENESIS_SENSORY_NEURONS		125	-0.39789754	-1.1533451	0.22376238	1.0	1.0	3254	tags=36%, list=13%, signal=41%	
GOMF_NEUROTRANSMITTER_RECEPTOR_ACTIVITY_INVOLVED_IN_REGULATION_OF_POSTSYNAPTIC_MEMBRANE_POTENTIAL	GOMF_NEUROTRANSMITTER_RECEPTOR_ACTIVITY_INVOLVED_IN_REGULATION_OF_POSTSYNAPTIC_MEMBRANE_POTENTIAL		62	-0.42643425	-1.1525254	0.22370937	1.0	1.0	3559	tags=37%, list=14%, signal=43%	
GOMF_BICARBONATE_TRANSMEMBRANE_TRANSPORTER_ACTIVITY	GOMF_BICARBONATE_TRANSMEMBRANE_TRANSPORTER_ACTIVITY		21	-0.45462435	-1.151766	0.28094304	1.0	1.0	2180	tags=33%, list=9%, signal=36%	
GOMF_LIGAND_GATED_CALCIUM_CHANNEL_ACTIVITY	GOMF_LIGAND_GATED_CALCIUM_CHANNEL_ACTIVITY		25	-0.4676034	-1.1492108	0.21584159	1.0	1.0	3557	tags=40%, list=14%, signal=47%	
GOBP_CHLORIDE_TRANSMEMBRANE_TRANSPORT	GOBP_CHLORIDE_TRANSMEMBRANE_TRANSPORT		55	-0.40484574	-1.1477962	0.20411985	1.0	1.0	3079	tags=38%, list=12%, signal=43%	
MIKKELSEN_MEF_ICP_WITH_H3K4ME3_AND_H3K27ME3	MIKKELSEN_MEF_ICP_WITH_H3K4ME3_AND_H3K27ME3		39	-0.43346104	-1.1396145	0.21764706	1.0	1.0	2366	tags=36%, list=9%, signal=40%	
REACTOME_TNFS_BIND_THEIR_PHYSIOLOGICAL_RECEPTORS	REACTOME_TNFS_BIND_THEIR_PHYSIOLOGICAL_RECEPTORS		26	-0.4337599	-1.1390637	0.31428573	1.0	1.0	1560	tags=23%, list=6%, signal=25%	
REACTOME_NUCLEAR_RECEPTOR_TRANSCRIPTION_PATHWAY	REACTOME_NUCLEAR_RECEPTOR_TRANSCRIPTION_PATHWAY		48	-0.4412476	-1.1377105	0.33595285	1.0	1.0	2459	tags=31%, list=10%, signal=35%	
WP_NUCLEAR_RECEPTORS	WP_NUCLEAR_RECEPTORS		38	-0.46243453	-1.1254203	0.296875	1.0	1.0	2850	tags=34%, list=11%, signal=39%	
GOBP_DENDRITE_SELF_AVOIDANCE	GOBP_DENDRITE_SELF_AVOIDANCE		16	-0.5240723	-1.1253908	0.30508474	1.0	1.0	3738	tags=69%, list=15%, signal=81%	
GOMF_NEUROTRANSMITTER_RECEPTOR_ACTIVITY	GOMF_NEUROTRANSMITTER_RECEPTOR_ACTIVITY		111	-0.41617513	-1.1219406	0.250478	1.0	1.0	3679	tags=32%, list=15%, signal=38%	
GOBP_OUTER_DYNEIN_ARM_ASSEMBLY	GOBP_OUTER_DYNEIN_ARM_ASSEMBLY		22	-0.53522205	-1.1214906	0.33783785	1.0	1.0	3874	tags=41%, list=16%, signal=48%	
GOBP_CAMERA_TYPE_EYE_PHOTORECEPTOR_CELL_DIFFERENTIATION	GOBP_CAMERA_TYPE_EYE_PHOTORECEPTOR_CELL_DIFFERENTIATION		37	-0.4221426	-1.1193413	0.33203885	1.0	1.0	2878	tags=38%, list=12%, signal=43%	
WP_MONOAMINE_GPCRS	WP_MONOAMINE_GPCRS		32	-0.44214946	-1.1153178	0.33584905	1.0	1.0	3821	tags=38%, list=15%, signal=44%	
GOMF_EXTRACELLULAR_LIGAND_GATED_ION_CHANNEL_ACTIVITY	GOMF_EXTRACELLULAR_LIGAND_GATED_ION_CHANNEL_ACTIVITY		71	-0.40355796	-1.1095723	0.27724665	1.0	1.0	3564	tags=34%, list=14%, signal=39%	
REACTOME_PI_3K_CASCADE_FGFR2	REACTOME_PI_3K_CASCADE_FGFR2		22	-0.5040336	-1.1066769	0.33137256	1.0	1.0	4484	tags=45%, list=18%, signal=55%	
GOMF_VOLTAGE_GATED_SODIUM_CHANNEL_ACTIVITY	GOMF_VOLTAGE_GATED_SODIUM_CHANNEL_ACTIVITY		25	-0.43726507	-1.1052797	0.2835249	1.0	1.0	2951	tags=48%, list=12%, signal=54%	
GOMF_SODIUM_CHANNEL_ACTIVITY	GOMF_SODIUM_CHANNEL_ACTIVITY		44	-0.41929546	-1.1050085	0.29224652	1.0	1.0	2951	tags=34%, list=12%, signal=39%	
GOMF_PEPTIDE_TRANSMEMBRANE_TRANSPORTER_ACTIVITY	GOMF_PEPTIDE_TRANSMEMBRANE_TRANSPORTER_ACTIVITY		15	-0.41060257	-1.1025866	0.29980275	1.0	1.0	999	tags=27%, list=4%, signal=28%	
GOMF_INTRACELLULAR_LIGAND_GATED_ION_CHANNEL_ACTIVITY	GOMF_INTRACELLULAR_LIGAND_GATED_ION_CHANNEL_ACTIVITY		29	-0.46097195	-1.0988477	0.2928709	1.0	1.0	2618	tags=41%, list=10%, signal=46%	
GOBP_PROGESTERONE_METABOLIC_PROCESS	GOBP_PROGESTERONE_METABOLIC_PROCESS		19	-0.45028552	-1.0985612	0.33519554	1.0	1.0	2589	tags=32%, list=10%, signal=35%	
WP_NUCLEAR_RECEPTORS_IN_LIPID_METABOLISM_AND_TOXICITY	WP_NUCLEAR_RECEPTORS_IN_LIPID_METABOLISM_AND_TOXICITY		30	-0.4596186	-1.0973527	0.42418426	1.0	1.0	1791	tags=30%, list=7%, signal=32%	
GOBP_RESPONSE_TO_HISTAMINE	GOBP_RESPONSE_TO_HISTAMINE		16	-0.41766366	-1.0967628	0.2843327	1.0	1.0	695	tags=19%, list=3%, signal=19%	
GOBP_REGULATION_OF_SKELETAL_MUSCLE_CONTRACTION	GOBP_REGULATION_OF_SKELETAL_MUSCLE_CONTRACTION		15	-0.4373997	-1.0961851	0.40038684	1.0	1.0	798	tags=33%, list=3%, signal=34%	
GOMF_FIBROBLAST_GROWTH_FACTOR_RECEPTOR_BINDING	GOMF_FIBROBLAST_GROWTH_FACTOR_RECEPTOR_BINDING		29	-0.49092555	-1.0931481	0.36363637	1.0	1.0	4335	tags=48%, list=17%, signal=58%	
REACTOME_DIGESTION	REACTOME_DIGESTION		21	-0.48595193	-1.0928757	0.27642277	1.0	1.0	2512	tags=24%, list=10%, signal=26%	
REACTOME_DIGESTION_AND_ABSORPTION	REACTOME_DIGESTION_AND_ABSORPTION		25	-0.46747565	-1.0915604	0.39419088	1.0	1.0	2772	tags=32%, list=11%, signal=36%	
GOMF_NUCLEAR_RECEPTOR_ACTIVITY	GOMF_NUCLEAR_RECEPTOR_ACTIVITY		53	-0.40646172	-1.0822451	0.3620352	1.0	1.0	2878	tags=34%, list=12%, signal=38%	
REACTOME_AMINE_LIGAND_BINDING_RECEPTORS	REACTOME_AMINE_LIGAND_BINDING_RECEPTORS		44	-0.44514903	-1.079409	0.31609195	1.0	1.0	3821	tags=30%, list=15%, signal=35%	
GOBP_REVERSE_CHOLESTEROL_TRANSPORT	GOBP_REVERSE_CHOLESTEROL_TRANSPORT		19	-0.42651317	-1.0793896	0.3009901	1.0	1.0	2841	tags=32%, list=11%, signal=36%	
GOMF_OXIDOREDUCTASE_ACTIVITY_ACTING_ON_PAIRED_DONORS_WITH_INCORPORATION_OR_REDUCTION_OF_MOLECULAR_OXYGEN_REDUCED_FLAVIN_OR_FLAVOPROTEIN_AS_ONE_DONOR_AND_INCORPORATION_OF_ONE_ATOM_OF_OXYGEN	GOMF_OXIDOREDUCTASE_ACTIVITY_ACTING_ON_PAIRED_DONORS_WITH_INCORPORATION_OR_REDUCTION_OF_MOLECULAR_OXYGEN_REDUCED_FLAVIN_OR_FLAVOPROTEIN_AS_ONE_DONOR_AND_INCORPORATION_OF_ONE_ATOM_OF_OXYGEN		76	-0.44218355	-1.0780103	0.35338345	1.0	1.0	3057	tags=32%, list=12%, signal=36%	
DESCARTES_ORGANOGENESIS_MELANOCYTES	DESCARTES_ORGANOGENESIS_MELANOCYTES		71	-0.36666602	-1.0759367	0.2718808	1.0	1.0	2364	tags=31%, list=9%, signal=34%	
GOCC_VOLTAGE_GATED_POTASSIUM_CHANNEL_COMPLEX	GOCC_VOLTAGE_GATED_POTASSIUM_CHANNEL_COMPLEX		76	-0.34685242	-1.0752062	0.3234127	1.0	1.0	1584	tags=28%, list=6%, signal=29%	
MIKKELSEN_MEF_ICP_WITH_H3K27ME3	MIKKELSEN_MEF_ICP_WITH_H3K27ME3		211	-0.37408662	-1.0697551	0.36068702	1.0	1.0	3590	tags=29%, list=14%, signal=34%	
GOBP_LINOLEIC_ACID_METABOLIC_PROCESS	GOBP_LINOLEIC_ACID_METABOLIC_PROCESS		30	-0.42420688	-1.068179	0.3078394	1.0	1.0	2912	tags=37%, list=12%, signal=41%	
GOBP_SODIUM_INDEPENDENT_ORGANIC_ANION_TRANSPORT	GOBP_SODIUM_INDEPENDENT_ORGANIC_ANION_TRANSPORT		18	-0.46617568	-1.0672374	0.30604288	1.0	1.0	4045	tags=44%, list=16%, signal=53%	
GOBP_SODIUM_ION_IMPORT_ACROSS_PLASMA_MEMBRANE	GOBP_SODIUM_ION_IMPORT_ACROSS_PLASMA_MEMBRANE		22	-0.43922147	-1.0660706	0.32868525	1.0	1.0	2776	tags=36%, list=11%, signal=41%	
GOMF_INHIBITORY_EXTRACELLULAR_LIGAND_GATED_ION_CHANNEL_ACTIVITY	GOMF_INHIBITORY_EXTRACELLULAR_LIGAND_GATED_ION_CHANNEL_ACTIVITY		17	-0.46521083	-1.0637987	0.38857144	1.0	1.0	1910	tags=41%, list=8%, signal=45%	
GOBP_POSITIVE_REGULATION_OF_CREB_TRANSCRIPTION_FACTOR_ACTIVITY	GOBP_POSITIVE_REGULATION_OF_CREB_TRANSCRIPTION_FACTOR_ACTIVITY		18	-0.44970423	-1.0630989	0.4243615	1.0	1.0	3910	tags=50%, list=16%, signal=59%	
CHRYE	CHRYE		22	-0.91177195	-1.0623662	0.44658118	1.0	1.0	2188	tags=5%, list=9%, signal=5%	
REACTOME_PI_3K_CASCADE_FGFR4	REACTOME_PI_3K_CASCADE_FGFR4		20	-0.4829382	-1.062209	0.37917486	1.0	1.0	3784	tags=40%, list=15%, signal=47%	
HEVNER_CORTEX_CAUDAL_CORTICAL_PLATE	HEVNER_CORTEX_CAUDAL_CORTICAL_PLATE		30	-0.4277029	-1.059875	0.379771	1.0	1.0	1720	tags=23%, list=7%, signal=25%	
GOBP_POSITIVE_REGULATION_OF_VOLTAGE_GATED_POTASSIUM_CHANNEL_ACTIVITY	GOBP_POSITIVE_REGULATION_OF_VOLTAGE_GATED_POTASSIUM_CHANNEL_ACTIVITY		16	-0.46647316	-1.0560769	0.3891129	1.0	1.0	2528	tags=38%, list=10%, signal=42%	
GOMF_GLUTAMATE_RECEPTOR_ACTIVITY	GOMF_GLUTAMATE_RECEPTOR_ACTIVITY		27	-0.47325015	-1.0556501	0.35440612	1.0	1.0	3564	tags=48%, list=14%, signal=56%	
REACTOME_PI_3K_CASCADE_FGFR1	REACTOME_PI_3K_CASCADE_FGFR1		21	-0.4821473	-1.0550362	0.45454547	1.0	1.0	3773	tags=33%, list=15%, signal=39%	
GOMF_G_PROTEIN_COUPLED_AMINE_RECEPTOR_ACTIVITY	GOMF_G_PROTEIN_COUPLED_AMINE_RECEPTOR_ACTIVITY		63	-0.43172184	-1.0550009	0.28790787	1.0	1.0	3305	tags=17%, list=13%, signal=20%	
GOMF_NUCLEAR_STEROID_RECEPTOR_ACTIVITY	GOMF_NUCLEAR_STEROID_RECEPTOR_ACTIVITY		17	-0.47557226	-1.0541805	0.41846758	1.0	1.0	2156	tags=41%, list=9%, signal=45%	
GOMF_CALCIUM_DEPENDENT_PHOSPHOLIPID_BINDING	GOMF_CALCIUM_DEPENDENT_PHOSPHOLIPID_BINDING		57	-0.40291667	-1.0537096	0.3745098	1.0	1.0	3177	tags=37%, list=13%, signal=42%	
GOMF_ORGANIC_CATION_TRANSMEMBRANE_TRANSPORTER_ACTIVITY	GOMF_ORGANIC_CATION_TRANSMEMBRANE_TRANSPORTER_ACTIVITY		30	-0.41354364	-1.0507562	0.375969	1.0	1.0	1121	tags=23%, list=4%, signal=24%	
GOBP_REGULATION_OF_RELAXATION_OF_MUSCLE	GOBP_REGULATION_OF_RELAXATION_OF_MUSCLE		18	-0.4122135	-1.0506029	0.39846742	1.0	1.0	1578	tags=28%, list=6%, signal=30%	
GOBP_QUATERNARY_AMMONIUM_GROUP_TRANSPORT	GOBP_QUATERNARY_AMMONIUM_GROUP_TRANSPORT		16	-0.4193923	-1.0497789	0.33932135	1.0	1.0	607	tags=19%, list=2%, signal=19%	
GOCC_INTRINSIC_COMPONENT_OF_POSTSYNAPTIC_MEMBRANE	GOCC_INTRINSIC_COMPONENT_OF_POSTSYNAPTIC_MEMBRANE		179	-0.3339973	-1.0496811	0.3015564	1.0	1.0	3288	tags=32%, list=13%, signal=36%	
GOCC_INHIBITORY_SYNAPSE	GOCC_INHIBITORY_SYNAPSE		28	-0.43853974	-1.0459946	0.3460803	1.0	1.0	4412	tags=57%, list=18%, signal=69%	
GOMF_BASIC_AMINO_ACID_TRANSMEMBRANE_TRANSPORTER_ACTIVITY	GOMF_BASIC_AMINO_ACID_TRANSMEMBRANE_TRANSPORTER_ACTIVITY		15	-0.40717456	-1.0454205	0.38832998	1.0	1.0	799	tags=27%, list=3%, signal=28%	
BIOCARTA_COMP_PATHWAY	BIOCARTA_COMP_PATHWAY		16	-0.5546507	-1.0400794	0.47884616	1.0	1.0	4590	tags=63%, list=18%, signal=77%	
GOBP_AXONEME_ASSEMBLY	GOBP_AXONEME_ASSEMBLY		92	-0.3813611	-1.0397311	0.43159923	1.0	1.0	3888	tags=43%, list=16%, signal=51%	
GOBP_CELLULAR_RESPONSE_TO_ACIDIC_PH	GOBP_CELLULAR_RESPONSE_TO_ACIDIC_PH		15	-0.42215753	-1.0383986	0.39846742	1.0	1.0	1094	tags=27%, list=4%, signal=28%	
GOBP_ARACHIDONIC_ACID_METABOLIC_PROCESS	GOBP_ARACHIDONIC_ACID_METABOLIC_PROCESS		78	-0.36889565	-1.0354235	0.39661655	1.0	1.0	3057	tags=31%, list=12%, signal=35%	
GOBP_RESPONSE_TO_DIETARY_EXCESS	GOBP_RESPONSE_TO_DIETARY_EXCESS		43	-0.37943432	-1.0313003	0.37022132	1.0	1.0	3294	tags=28%, list=13%, signal=32%	
GOMF_LIGAND_GATED_CHANNEL_ACTIVITY	GOMF_LIGAND_GATED_CHANNEL_ACTIVITY		140	-0.3357867	-1.0286051	0.3713733	1.0	1.0	2751	tags=30%, list=11%, signal=34%	
GOBP_ADENOHYPOPHYSIS_DEVELOPMENT	GOBP_ADENOHYPOPHYSIS_DEVELOPMENT		16	-0.47434378	-1.0285481	0.40567952	1.0	1.0	2641	tags=25%, list=11%, signal=28%	
REACTOME_PI_3K_CASCADE_FGFR3	REACTOME_PI_3K_CASCADE_FGFR3		18	-0.45068094	-1.0279154	0.43495145	1.0	1.0	3790	tags=39%, list=15%, signal=46%	
CHR7B4	CHR7B4		27	-0.36115533	-1.0244247	0.3952569	1.0	1.0	1199	tags=19%, list=5%, signal=19%	
CHRYB	CHRYB		45	-0.8807086	-1.0239038	0.5482042	1.0	1.0	2972	tags=2%, list=12%, signal=3%	
TUOMISTO_TUMOR_SUPPRESSION_BY_COL13A1_DN	TUOMISTO_TUMOR_SUPPRESSION_BY_COL13A1_DN		19	-0.4906371	-1.0238211	0.43274853	1.0	1.0	4273	tags=42%, list=17%, signal=51%	
GOMF_SPECTRIN_BINDING	GOMF_SPECTRIN_BINDING		33	-0.4039581	-1.0205996	0.3960396	1.0	1.0	2903	tags=36%, list=12%, signal=41%	
GOBP_G_PROTEIN_COUPLED_GLUTAMATE_RECEPTOR_SIGNALING_PATHWAY	GOBP_G_PROTEIN_COUPLED_GLUTAMATE_RECEPTOR_SIGNALING_PATHWAY		15	-0.48348254	-1.0198606	0.48417133	1.0	1.0	2379	tags=40%, list=10%, signal=44%	
BIOCARTA_NUCLEARRS_PATHWAY	BIOCARTA_NUCLEARRS_PATHWAY		32	-0.42011854	-1.0171976	0.4455067	1.0	1.0	1791	tags=28%, list=7%, signal=30%	
MIKKELSEN_IPS_ICP_WITH_H3K27ME3	MIKKELSEN_IPS_ICP_WITH_H3K27ME3		56	-0.35910714	-1.0167179	0.4185185	1.0	1.0	3451	tags=32%, list=14%, signal=37%	
GOBP_REGULATION_OF_LACTATION	GOBP_REGULATION_OF_LACTATION		28	-0.518946	-1.0124329	0.41860464	1.0	1.0	4472	tags=21%, list=18%, signal=26%	
GOBP_INNER_DYNEIN_ARM_ASSEMBLY	GOBP_INNER_DYNEIN_ARM_ASSEMBLY		18	-0.45264074	-1.0121665	0.3977486	1.0	1.0	2946	tags=33%, list=12%, signal=38%	
GOMF_EFFLUX_TRANSMEMBRANE_TRANSPORTER_ACTIVITY	GOMF_EFFLUX_TRANSMEMBRANE_TRANSPORTER_ACTIVITY		16	-0.39842603	-1.011346	0.52131784	1.0	1.0	999	tags=19%, list=4%, signal=20%	
REACTOME_FERTILIZATION	REACTOME_FERTILIZATION		25	-0.4554035	-1.0107069	0.46771038	1.0	1.0	3665	tags=56%, list=15%, signal=66%	
GOMF_SEROTONIN_RECEPTOR_ACTIVITY	GOMF_SEROTONIN_RECEPTOR_ACTIVITY		39	-0.46322197	-1.0090375	0.3069498	1.0	1.0	1530	tags=15%, list=6%, signal=16%	
GOBP_CHEMOSENSORY_BEHAVIOR	GOBP_CHEMOSENSORY_BEHAVIOR		23	-0.42492613	-1.0079429	0.35852712	1.0	1.0	2792	tags=35%, list=11%, signal=39%	
GOBP_NEGATIVE_REGULATION_OF_B_CELL_MEDIATED_IMMUNITY	GOBP_NEGATIVE_REGULATION_OF_B_CELL_MEDIATED_IMMUNITY		17	-0.40298653	-1.0062466	0.3106796	1.0	1.0	1434	tags=18%, list=6%, signal=19%	
GOMF_CALCIUM_RELEASE_CHANNEL_ACTIVITY	GOMF_CALCIUM_RELEASE_CHANNEL_ACTIVITY		16	-0.4747733	-1.0053371	0.47540984	1.0	1.0	2618	tags=38%, list=10%, signal=42%	
GOBP_GAMMA_AMINOBUTYRIC_ACID_SIGNALING_PATHWAY	GOBP_GAMMA_AMINOBUTYRIC_ACID_SIGNALING_PATHWAY		30	-0.3894567	-0.99583304	0.4407767	1.0	1.0	1910	tags=30%, list=8%, signal=32%	
GOMF_AMIDE_TRANSMEMBRANE_TRANSPORTER_ACTIVITY	GOMF_AMIDE_TRANSMEMBRANE_TRANSPORTER_ACTIVITY		34	-0.32104433	-0.9957173	0.516441	1.0	1.0	999	tags=24%, list=4%, signal=24%	
GOMF_ACIDIC_AMINO_ACID_TRANSMEMBRANE_TRANSPORTER_ACTIVITY	GOMF_ACIDIC_AMINO_ACID_TRANSMEMBRANE_TRANSPORTER_ACTIVITY		17	-0.40851223	-0.9942915	0.4871795	1.0	1.0	2588	tags=41%, list=10%, signal=46%	
GOMF_DELAYED_RECTIFIER_POTASSIUM_CHANNEL_ACTIVITY	GOMF_DELAYED_RECTIFIER_POTASSIUM_CHANNEL_ACTIVITY		30	-0.35423273	-0.9928641	0.44356436	1.0	1.0	1210	tags=27%, list=5%, signal=28%	
GOMF_AROMATASE_ACTIVITY	GOMF_AROMATASE_ACTIVITY		37	-0.4518225	-0.99238825	0.44878957	1.0	1.0	3509	tags=35%, list=14%, signal=41%	
GOBP_RETINAL_GANGLION_CELL_AXON_GUIDANCE	GOBP_RETINAL_GANGLION_CELL_AXON_GUIDANCE		22	-0.4065073	-0.9897841	0.38666666	1.0	1.0	1363	tags=27%, list=5%, signal=29%	
GOBP_RESPONSE_TO_ACIDIC_PH	GOBP_RESPONSE_TO_ACIDIC_PH		24	-0.3484262	-0.9897707	0.52427185	1.0	1.0	1094	tags=21%, list=4%, signal=22%	
GOBP_TRIVALENT_INORGANIC_ANION_HOMEOSTASIS	GOBP_TRIVALENT_INORGANIC_ANION_HOMEOSTASIS		20	-0.47762576	-0.9895301	0.45167652	1.0	1.0	4083	tags=35%, list=16%, signal=42%	
GOCC_PARALLEL_FIBER_TO_PURKINJE_CELL_SYNAPSE	GOCC_PARALLEL_FIBER_TO_PURKINJE_CELL_SYNAPSE		32	-0.40347824	-0.98691964	0.47265625	1.0	1.0	3557	tags=50%, list=14%, signal=58%	
GOMF_PHEROMONE_BINDING	GOMF_PHEROMONE_BINDING		90	-0.81189966	-0.9861147	0.5996094	1.0	1.0	4567	tags=1%, list=18%, signal=1%	
GOCC_POTASSIUM_CHANNEL_COMPLEX	GOCC_POTASSIUM_CHANNEL_COMPLEX		90	-0.31315476	-0.98554623	0.43712574	1.0	1.0	2528	tags=32%, list=10%, signal=36%	
GOMF_OXIDOREDUCTASE_ACTIVITY_ACTING_ON_CH_OR_CH2_GROUPS_QUINONE_OR_SIMILAR_COMPOUND_AS_ACCEPTOR	GOMF_OXIDOREDUCTASE_ACTIVITY_ACTING_ON_CH_OR_CH2_GROUPS_QUINONE_OR_SIMILAR_COMPOUND_AS_ACCEPTOR		20	-0.51150763	-0.98515046	0.49530956	1.0	1.0	3204	tags=40%, list=13%, signal=46%	
GOMF_PHEROMONE_ACTIVITY	GOMF_PHEROMONE_ACTIVITY		17	-0.52782345	-0.9804618	0.4731801	1.0	1.0	11787	tags=100%, list=47%, signal=189%	
GOBP_INORGANIC_ANION_TRANSMEMBRANE_TRANSPORT	GOBP_INORGANIC_ANION_TRANSMEMBRANE_TRANSPORT		78	-0.32065248	-0.9802474	0.42372882	1.0	1.0	2851	tags=31%, list=11%, signal=35%	
HEVNER_CORTEX_INTERNEURON_PRECURSOR_CELLS	HEVNER_CORTEX_INTERNEURON_PRECURSOR_CELLS		25	-0.44756433	-0.9789521	0.47697973	1.0	1.0	4499	tags=40%, list=18%, signal=49%	
GOCC_AMPA_GLUTAMATE_RECEPTOR_COMPLEX	GOCC_AMPA_GLUTAMATE_RECEPTOR_COMPLEX		30	-0.37818336	-0.97658473	0.526	1.0	1.0	2354	tags=30%, list=9%, signal=33%	
GOBP_NEUROTRANSMITTER_GATED_ION_CHANNEL_CLUSTERING	GOBP_NEUROTRANSMITTER_GATED_ION_CHANNEL_CLUSTERING		22	-0.3902945	-0.9749409	0.5019608	1.0	1.0	2901	tags=36%, list=12%, signal=41%	
GOBP_REGULATION_OF_AMPA_RECEPTOR_ACTIVITY	GOBP_REGULATION_OF_AMPA_RECEPTOR_ACTIVITY		26	-0.4386276	-0.9707195	0.49590164	1.0	1.0	5229	tags=62%, list=21%, signal=78%	
MIKKELSEN_IPS_WITH_HCP_H3K27ME3	MIKKELSEN_IPS_WITH_HCP_H3K27ME3		103	-0.3321141	-0.9697544	0.54457366	1.0	1.0	4152	tags=25%, list=17%, signal=30%	
GOBP_REGULATION_OF_VESICLE_FUSION	GOBP_REGULATION_OF_VESICLE_FUSION		27	-0.40153816	-0.96865946	0.46881288	1.0	1.0	1871	tags=33%, list=8%, signal=36%	
GOBP_NEURONAL_ACTION_POTENTIAL	GOBP_NEURONAL_ACTION_POTENTIAL		55	-0.3559505	-0.967976	0.43263757	1.0	1.0	4093	tags=40%, list=16%, signal=48%	
ULE_SPLICING_VIA_NOVA2	ULE_SPLICING_VIA_NOVA2		43	-0.35817078	-0.967148	0.5217391	1.0	1.0	2442	tags=37%, list=10%, signal=41%	
DESCARTES_ORGANOGENESIS_NEURAL_PROGENITOR_CELLS	DESCARTES_ORGANOGENESIS_NEURAL_PROGENITOR_CELLS		55	-0.30536607	-0.96484804	0.5	1.0	1.0	1131	tags=18%, list=5%, signal=19%	
GOBP_PARASYMPATHETIC_NERVOUS_SYSTEM_DEVELOPMENT	GOBP_PARASYMPATHETIC_NERVOUS_SYSTEM_DEVELOPMENT		22	-0.41628224	-0.95643413	0.5163776	1.0	1.0	3156	tags=32%, list=13%, signal=36%	
GOBP_TRANSMISSION_OF_NERVE_IMPULSE	GOBP_TRANSMISSION_OF_NERVE_IMPULSE		99	-0.33192673	-0.9560239	0.48565966	1.0	1.0	3022	tags=30%, list=12%, signal=34%	
GOBP_REGULATION_OF_BILE_ACID_BIOSYNTHETIC_PROCESS	GOBP_REGULATION_OF_BILE_ACID_BIOSYNTHETIC_PROCESS		16	-0.3914018	-0.9554158	0.5197629	1.0	1.0	3953	tags=44%, list=16%, signal=52%	
GOBP_RESPONSE_TO_PHEROMONE	GOBP_RESPONSE_TO_PHEROMONE		104	-0.43424436	-0.953704	0.41897234	1.0	1.0	2200	tags=3%, list=9%, signal=3%	
GOMF_NEUROPEPTIDE_BINDING	GOMF_NEUROPEPTIDE_BINDING		44	-0.35577637	-0.9516645	0.44758064	1.0	1.0	3395	tags=16%, list=14%, signal=18%	
GOMF_3_5_CYCLIC_AMP_PHOSPHODIESTERASE_ACTIVITY	GOMF_3_5_CYCLIC_AMP_PHOSPHODIESTERASE_ACTIVITY		15	-0.4462561	-0.9514394	0.45019922	1.0	1.0	1779	tags=47%, list=7%, signal=50%	
GOMF_SUGAR_TRANSMEMBRANE_TRANSPORTER_ACTIVITY	GOMF_SUGAR_TRANSMEMBRANE_TRANSPORTER_ACTIVITY		27	-0.37474465	-0.95137715	0.5187266	1.0	1.0	1386	tags=26%, list=6%, signal=27%	
GOCC_INTRINSIC_COMPONENT_OF_POSTSYNAPTIC_SPECIALIZATION_MEMBRANE	GOCC_INTRINSIC_COMPONENT_OF_POSTSYNAPTIC_SPECIALIZATION_MEMBRANE		113	-0.30201095	-0.95021254	0.49015749	1.0	1.0	3564	tags=30%, list=14%, signal=35%	
GOMF_VOLTAGE_GATED_CATION_CHANNEL_ACTIVITY	GOMF_VOLTAGE_GATED_CATION_CHANNEL_ACTIVITY		150	-0.3101645	-0.94795734	0.50870407	1.0	1.0	3023	tags=35%, list=12%, signal=40%	
WAGSCHAL_EHMT2_TARGETS_UP	WAGSCHAL_EHMT2_TARGETS_UP		20	-0.4332073	-0.94534874	0.5566219	1.0	1.0	3604	tags=35%, list=14%, signal=41%	
CHR2H2	CHR2H2		23	-0.40905803	-0.94288266	0.57563853	1.0	1.0	2372	tags=26%, list=10%, signal=29%	
GOBP_NEGATIVE_REGULATION_OF_GLYCOLYTIC_PROCESS	GOBP_NEGATIVE_REGULATION_OF_GLYCOLYTIC_PROCESS		17	-0.40547472	-0.9390696	0.4715909	1.0	1.0	970	tags=24%, list=4%, signal=24%	
GOBP_POSITIVE_REGULATION_OF_POTASSIUM_ION_TRANSMEMBRANE_TRANSPORT	GOBP_POSITIVE_REGULATION_OF_POTASSIUM_ION_TRANSMEMBRANE_TRANSPORT		42	-0.3690192	-0.9384858	0.54330707	1.0	1.0	1486	tags=26%, list=6%, signal=28%	
GOBP_REGULATION_OF_LONG_TERM_SYNAPTIC_DEPRESSION	GOBP_REGULATION_OF_LONG_TERM_SYNAPTIC_DEPRESSION		19	-0.4088309	-0.938306	0.4815534	1.0	1.0	2114	tags=26%, list=8%, signal=29%	
GOBP_INHIBITORY_SYNAPSE_ASSEMBLY	GOBP_INHIBITORY_SYNAPSE_ASSEMBLY		17	-0.37967014	-0.9382088	0.54423076	1.0	1.0	3022	tags=29%, list=12%, signal=33%	
GOBP_MITOCHONDRION_DISTRIBUTION	GOBP_MITOCHONDRION_DISTRIBUTION		20	-0.42377093	-0.93651104	0.5856031	1.0	1.0	969	tags=25%, list=4%, signal=26%	
GOCC_CILIARY_ROOTLET	GOCC_CILIARY_ROOTLET		16	-0.3868981	-0.9335773	0.56777996	1.0	1.0	864	tags=25%, list=3%, signal=26%	
GOCC_INTRINSIC_COMPONENT_OF_SYNAPTIC_MEMBRANE	GOCC_INTRINSIC_COMPONENT_OF_SYNAPTIC_MEMBRANE		246	-0.29273477	-0.9327446	0.627451	1.0	1.0	3564	tags=34%, list=14%, signal=39%	
GOMF_CCR6_CHEMOKINE_RECEPTOR_BINDING	GOMF_CCR6_CHEMOKINE_RECEPTOR_BINDING		21	-0.53148377	-0.93228847	0.58076924	1.0	1.0	1686	tags=14%, list=7%, signal=15%	
GOBP_TRIGLYCERIDE_CATABOLIC_PROCESS	GOBP_TRIGLYCERIDE_CATABOLIC_PROCESS		31	-0.3221707	-0.9318321	0.5378928	1.0	1.0	1982	tags=23%, list=8%, signal=24%	
GOBP_ENAMEL_MINERALIZATION	GOBP_ENAMEL_MINERALIZATION		21	-0.4113641	-0.93157166	0.6615087	1.0	1.0	549	tags=19%, list=2%, signal=19%	
GOMF_LIGAND_GATED_CATION_CHANNEL_ACTIVITY	GOMF_LIGAND_GATED_CATION_CHANNEL_ACTIVITY		105	-0.3071814	-0.9302815	0.5856031	1.0	1.0	3614	tags=31%, list=14%, signal=37%	
GOMF_GAMMA_CATENIN_BINDING	GOMF_GAMMA_CATENIN_BINDING		15	-0.39948678	-0.9302374	0.5	1.0	1.0	3253	tags=40%, list=13%, signal=46%	
GOBP_SKELETAL_MUSCLE_SATELLITE_CELL_PROLIFERATION	GOBP_SKELETAL_MUSCLE_SATELLITE_CELL_PROLIFERATION		15	-0.39019594	-0.9273299	0.55252916	1.0	1.0	2878	tags=40%, list=12%, signal=45%	
GOBP_MALE_SEX_DETERMINATION	GOBP_MALE_SEX_DETERMINATION		16	-0.45199665	-0.92577416	0.5418327	1.0	1.0	2459	tags=25%, list=10%, signal=28%	
GOBP_LOCOMOTOR_RHYTHM	GOBP_LOCOMOTOR_RHYTHM		22	-0.3646443	-0.92405707	0.50489235	1.0	1.0	3439	tags=32%, list=14%, signal=37%	
MIR_7012_3P	MIR_7012_3P		43	-0.2801825	-0.9236666	0.5135659	1.0	1.0	3146	tags=28%, list=13%, signal=32%	
GOBP_TRANSEPITHELIAL_TRANSPORT	GOBP_TRANSEPITHELIAL_TRANSPORT		32	-0.35990843	-0.9236018	0.5282651	1.0	1.0	2593	tags=22%, list=10%, signal=24%	
CHRXA6	CHRXA6		39	-0.32919243	-0.9219899	0.6286837	1.0	1.0	1799	tags=21%, list=7%, signal=22%	
GOMF_STEROID_HYDROXYLASE_ACTIVITY	GOMF_STEROID_HYDROXYLASE_ACTIVITY		72	-0.37025848	-0.92108196	0.5462963	1.0	1.0	3204	tags=29%, list=13%, signal=33%	
GOCC_CATION_CHANNEL_COMPLEX	GOCC_CATION_CHANNEL_COMPLEX		223	-0.28483436	-0.9200414	0.56647396	1.0	1.0	2528	tags=31%, list=10%, signal=34%	
GOMF_VOLTAGE_GATED_CALCIUM_CHANNEL_ACTIVITY	GOMF_VOLTAGE_GATED_CALCIUM_CHANNEL_ACTIVITY		47	-0.34138343	-0.9187926	0.54651165	1.0	1.0	2967	tags=49%, list=12%, signal=55%	
GOMF_SODIUM_ION_TRANSMEMBRANE_TRANSPORTER_ACTIVITY	GOMF_SODIUM_ION_TRANSMEMBRANE_TRANSPORTER_ACTIVITY		146	-0.2813826	-0.91789156	0.5968689	1.0	1.0	2792	tags=28%, list=11%, signal=31%	
GOMF_L_AMINO_ACID_TRANSMEMBRANE_TRANSPORTER_ACTIVITY	GOMF_L_AMINO_ACID_TRANSMEMBRANE_TRANSPORTER_ACTIVITY		65	-0.29262766	-0.9143384	0.66930693	1.0	1.0	3226	tags=34%, list=13%, signal=39%	
REACTOME_EPHA_MEDIATED_GROWTH_CONE_COLLAPSE	REACTOME_EPHA_MEDIATED_GROWTH_CONE_COLLAPSE		18	-0.38439626	-0.91399395	0.5610236	1.0	1.0	3312	tags=39%, list=13%, signal=45%	
DESCARTES_ORGANOGENESIS_INHIBITORY_NEURONS	DESCARTES_ORGANOGENESIS_INHIBITORY_NEURONS		40	-0.33849394	-0.91394514	0.49616858	1.0	1.0	3821	tags=43%, list=15%, signal=50%	
GOBP_ACID_SECRETION	GOBP_ACID_SECRETION		60	-0.31896794	-0.91384107	0.6342412	1.0	1.0	3685	tags=27%, list=15%, signal=31%	
GOCC_ION_CHANNEL_COMPLEX	GOCC_ION_CHANNEL_COMPLEX		294	-0.27947447	-0.9133567	0.5719844	1.0	1.0	2466	tags=28%, list=10%, signal=31%	
GOBP_PITUITARY_GLAND_DEVELOPMENT	GOBP_PITUITARY_GLAND_DEVELOPMENT		39	-0.33383253	-0.9132391	0.6008065	1.0	1.0	1927	tags=18%, list=8%, signal=19%	
WP_BIOGENIC_AMINE_SYNTHESIS	WP_BIOGENIC_AMINE_SYNTHESIS		15	-0.4005832	-0.9128852	0.5566038	1.0	1.0	847	tags=27%, list=3%, signal=28%	
GOCC_DENDRITE_MEMBRANE	GOCC_DENDRITE_MEMBRANE		50	-0.30446118	-0.911611	0.5673077	1.0	1.0	2609	tags=26%, list=10%, signal=29%	
GOBP_REGULATION_OF_SYNAPTIC_TRANSMISSION_CHOLINERGIC	GOBP_REGULATION_OF_SYNAPTIC_TRANSMISSION_CHOLINERGIC		16	-0.45777676	-0.9092316	0.621881	1.0	1.0	2376	tags=38%, list=10%, signal=41%	
MIKKELSEN_MEF_HCP_WITH_H3_UNMETHYLATED	MIKKELSEN_MEF_HCP_WITH_H3_UNMETHYLATED		243	-0.30642197	-0.90909344	0.5872093	1.0	1.0	3076	tags=25%, list=12%, signal=28%	
GOBP_SULFATION	GOBP_SULFATION		31	-0.34969714	-0.90854186	0.6583012	1.0	1.0	1781	tags=26%, list=7%, signal=28%	
DESCARTES_ORGANOGENESIS_NOTOCHORD_CELLS	DESCARTES_ORGANOGENESIS_NOTOCHORD_CELLS		71	-0.27991292	-0.9079512	0.60078275	1.0	1.0	3184	tags=34%, list=13%, signal=39%	
GOBP_SODIUM_ION_TRANSMEMBRANE_TRANSPORT	GOBP_SODIUM_ION_TRANSMEMBRANE_TRANSPORT		153	-0.28808954	-0.90761214	0.52988046	1.0	1.0	1880	tags=24%, list=8%, signal=26%	
GOCC_CHOLINERGIC_SYNAPSE	GOCC_CHOLINERGIC_SYNAPSE		16	-0.3717464	-0.9069691	0.6189516	1.0	1.0	3559	tags=38%, list=14%, signal=44%	
GOMF_ANKYRIN_BINDING	GOMF_ANKYRIN_BINDING		22	-0.36079347	-0.9054087	0.49710983	1.0	1.0	3652	tags=36%, list=15%, signal=43%	
GOMF_POTASSIUM_CHANNEL_ACTIVITY	GOMF_POTASSIUM_CHANNEL_ACTIVITY		121	-0.27885684	-0.9041308	0.66601944	1.0	1.0	2528	tags=25%, list=10%, signal=27%	
GOCC_NEUROTRANSMITTER_RECEPTOR_COMPLEX	GOCC_NEUROTRANSMITTER_RECEPTOR_COMPLEX		47	-0.32904112	-0.90385014	0.6277228	1.0	1.0	2390	tags=28%, list=10%, signal=31%	
GOMF_ION_GATED_CHANNEL_ACTIVITY	GOMF_ION_GATED_CHANNEL_ACTIVITY		48	-0.2979847	-0.9027096	0.6199616	1.0	1.0	2442	tags=27%, list=10%, signal=30%	
GOMF_VOLTAGE_GATED_POTASSIUM_CHANNEL_ACTIVITY	GOMF_VOLTAGE_GATED_POTASSIUM_CHANNEL_ACTIVITY		95	-0.28529188	-0.90068805	0.6953125	1.0	1.0	2528	tags=25%, list=10%, signal=28%	
GOCC_VARICOSITY	GOCC_VARICOSITY		15	-0.3575723	-0.8961699	0.51704544	1.0	1.0	145	tags=13%, list=1%, signal=13%	
GOMF_GATED_CHANNEL_ACTIVITY	GOMF_GATED_CHANNEL_ACTIVITY		334	-0.27912483	-0.89599025	0.6843137	1.0	1.0	2792	tags=30%, list=11%, signal=33%	
WP_GPCRS_CLASS_C_METABOTROPIC_GLUTAMATE_PHEROMONE	WP_GPCRS_CLASS_C_METABOTROPIC_GLUTAMATE_PHEROMONE		15	-0.39007425	-0.8952083	0.5420561	1.0	1.0	2379	tags=40%, list=10%, signal=44%	
GOMF_SOLUTE_SODIUM_SYMPORTER_ACTIVITY	GOMF_SOLUTE_SODIUM_SYMPORTER_ACTIVITY		69	-0.27202016	-0.89500386	0.73236513	1.0	1.0	2020	tags=25%, list=8%, signal=27%	
GOCC_MAIN_AXON	GOCC_MAIN_AXON		83	-0.2981361	-0.89399564	0.57760316	1.0	1.0	3244	tags=34%, list=13%, signal=39%	
MIKKELSEN_NPC_HCP_WITH_H3K27ME3	MIKKELSEN_NPC_HCP_WITH_H3K27ME3		346	-0.25415352	-0.8917882	0.56777996	1.0	1.0	2618	tags=18%, list=10%, signal=20%	
GOBP_NEUTRAL_LIPID_CATABOLIC_PROCESS	GOBP_NEUTRAL_LIPID_CATABOLIC_PROCESS		43	-0.30861017	-0.8897621	0.5896947	1.0	1.0	1982	tags=21%, list=8%, signal=23%	
GOBP_RESPONSE_TO_PH	GOBP_RESPONSE_TO_PH		46	-0.27926475	-0.88886386	0.75609756	1.0	1.0	2465	tags=26%, list=10%, signal=29%	
GOCC_CHLORIDE_CHANNEL_COMPLEX	GOCC_CHLORIDE_CHANNEL_COMPLEX		48	-0.2914392	-0.88885415	0.6542751	1.0	1.0	1910	tags=25%, list=8%, signal=27%	
MIKKELSEN_ES_HCP_WITH_H3_UNMETHYLATED	MIKKELSEN_ES_HCP_WITH_H3_UNMETHYLATED		72	-0.30718863	-0.88670045	0.68650794	1.0	1.0	2917	tags=22%, list=12%, signal=25%	
GOBP_TOOTH_MINERALIZATION	GOBP_TOOTH_MINERALIZATION		33	-0.3460818	-0.8859472	0.6863905	1.0	1.0	549	tags=18%, list=2%, signal=19%	
GOBP_FATTY_ACID_TRANSMEMBRANE_TRANSPORT	GOBP_FATTY_ACID_TRANSMEMBRANE_TRANSPORT		16	-0.36830273	-0.885511	0.6539197	1.0	1.0	1437	tags=25%, list=6%, signal=27%	
GOBP_INTERLEUKIN_4_PRODUCTION	GOBP_INTERLEUKIN_4_PRODUCTION		39	-0.33257654	-0.8854567	0.67304015	1.0	1.0	3511	tags=36%, list=14%, signal=42%	
GOBP_POSITIVE_REGULATION_OF_CALCIUM_ION_DEPENDENT_EXOCYTOSIS	GOBP_POSITIVE_REGULATION_OF_CALCIUM_ION_DEPENDENT_EXOCYTOSIS		18	-0.3512348	-0.8841122	0.61685824	1.0	1.0	1211	tags=33%, list=5%, signal=35%	
DESCARTES_ORGANOGENESIS_GRANULE_NEURONS	DESCARTES_ORGANOGENESIS_GRANULE_NEURONS		53	-0.32294205	-0.88320273	0.6441352	1.0	1.0	3822	tags=32%, list=15%, signal=38%	
GOMF_HEPARAN_SULFATE_SULFOTRANSFERASE_ACTIVITY	GOMF_HEPARAN_SULFATE_SULFOTRANSFERASE_ACTIVITY		15	-0.40504518	-0.88130563	0.6372549	1.0	1.0	2176	tags=27%, list=9%, signal=29%	
GOBP_REGULATION_OF_BILE_ACID_METABOLIC_PROCESS	GOBP_REGULATION_OF_BILE_ACID_METABOLIC_PROCESS		19	-0.34169883	-0.8810405	0.6906615	1.0	1.0	3953	tags=42%, list=16%, signal=50%	
WP_SPLICING_FACTOR_NOVA_REGULATED_SYNAPTIC_PROTEINS	WP_SPLICING_FACTOR_NOVA_REGULATED_SYNAPTIC_PROTEINS		42	-0.31685588	-0.8797406	0.58181816	1.0	1.0	2442	tags=33%, list=10%, signal=37%	
GOBP_OTIC_VESICLE_DEVELOPMENT	GOBP_OTIC_VESICLE_DEVELOPMENT		15	-0.31269157	-0.87954235	0.7632653	1.0	1.0	2214	tags=27%, list=9%, signal=29%	
REACTOME_FGFR2_LIGAND_BINDING_AND_ACTIVATION	REACTOME_FGFR2_LIGAND_BINDING_AND_ACTIVATION		18	-0.43099773	-0.8754123	0.6072797	1.0	1.0	4335	tags=44%, list=17%, signal=54%	
REACTOME_FRS_MEDIATED_FGFR2_SIGNALING	REACTOME_FRS_MEDIATED_FGFR2_SIGNALING		23	-0.3814852	-0.87419724	0.5503876	1.0	1.0	2235	tags=26%, list=9%, signal=29%	
GOMF_DYNEIN_LIGHT_INTERMEDIATE_CHAIN_BINDING	GOMF_DYNEIN_LIGHT_INTERMEDIATE_CHAIN_BINDING		27	-0.33709446	-0.8723544	0.6085271	1.0	1.0	3242	tags=33%, list=13%, signal=38%	
GOBP_INNATE_IMMUNE_RESPONSE_ACTIVATING_SIGNAL_TRANSDUCTION	GOBP_INNATE_IMMUNE_RESPONSE_ACTIVATING_SIGNAL_TRANSDUCTION		18	-0.45487618	-0.8696176	0.60956174	1.0	1.0	3511	tags=39%, list=14%, signal=45%	
GOCC_GABA_ERGIC_SYNAPSE	GOCC_GABA_ERGIC_SYNAPSE		108	-0.28148282	-0.8686979	0.6003861	1.0	1.0	3125	tags=35%, list=13%, signal=40%	
GOBP_REGULATION_OF_SKELETAL_MUSCLE_CELL_DIFFERENTIATION	GOBP_REGULATION_OF_SKELETAL_MUSCLE_CELL_DIFFERENTIATION		22	-0.3891121	-0.86725765	0.6031746	1.0	1.0	2179	tags=45%, list=9%, signal=50%	
GOBP_COMPLEMENT_ACTIVATION_ALTERNATIVE_PATHWAY	GOBP_COMPLEMENT_ACTIVATION_ALTERNATIVE_PATHWAY		15	-0.4480335	-0.8642524	0.6773585	1.0	1.0	1958	tags=27%, list=8%, signal=29%	
GOCC_NEURON_PROJECTION_MEMBRANE	GOCC_NEURON_PROJECTION_MEMBRANE		71	-0.27625215	-0.86363983	0.7509804	1.0	1.0	2609	tags=27%, list=10%, signal=30%	
REACTOME_SUMOYLATION_OF_INTRACELLULAR_RECEPTORS	REACTOME_SUMOYLATION_OF_INTRACELLULAR_RECEPTORS		27	-0.33188072	-0.85892695	0.6230469	1.0	1.0	2459	tags=30%, list=10%, signal=33%	
REACTOME_DEFENSINS	REACTOME_DEFENSINS		55	-0.3941979	-0.85784817	0.56435645	1.0	1.0	4226	tags=11%, list=17%, signal=13%	
GOMF_STRUCTURAL_CONSTITUENT_OF_SYNAPSE	GOMF_STRUCTURAL_CONSTITUENT_OF_SYNAPSE		30	-0.3149874	-0.8569203	0.65055764	1.0	1.0	3244	tags=43%, list=13%, signal=50%	
DESCARTES_ORGANOGENESIS_CHOLINERGIC_NEURONS	DESCARTES_ORGANOGENESIS_CHOLINERGIC_NEURONS		79	-0.3150067	-0.8552596	0.6947162	1.0	1.0	2419	tags=22%, list=10%, signal=24%	
GOCC_VOLTAGE_GATED_CALCIUM_CHANNEL_COMPLEX	GOCC_VOLTAGE_GATED_CALCIUM_CHANNEL_COMPLEX		40	-0.29661128	-0.85328805	0.6441006	1.0	1.0	2263	tags=35%, list=9%, signal=38%	
GOBP_REGULATION_OF_RESPIRATORY_SYSTEM_PROCESS	GOBP_REGULATION_OF_RESPIRATORY_SYSTEM_PROCESS		16	-0.37763417	-0.84925556	0.582846	1.0	1.0	2901	tags=25%, list=12%, signal=28%	
GOMF_CHLORIDE_TRANSMEMBRANE_TRANSPORTER_ACTIVITY	GOMF_CHLORIDE_TRANSMEMBRANE_TRANSPORTER_ACTIVITY		116	-0.25910187	-0.84889114	0.756705	1.0	1.0	2851	tags=25%, list=11%, signal=28%	
GOCC_AXOLEMMA	GOCC_AXOLEMMA		20	-0.31088078	-0.8484677	0.7065637	1.0	1.0	3022	tags=35%, list=12%, signal=40%	
GOBP_SODIUM_ION_TRANSPORT	GOBP_SODIUM_ION_TRANSPORT		250	-0.24999464	-0.84814763	0.6361868	1.0	1.0	2022	tags=22%, list=8%, signal=24%	
GOBP_PLASMA_MEMBRANE_PHOSPHOLIPID_SCRAMBLING	GOBP_PLASMA_MEMBRANE_PHOSPHOLIPID_SCRAMBLING		22	-0.33010423	-0.84495777	0.756917	1.0	1.0	3230	tags=41%, list=13%, signal=47%	
GOMF_NEUROPEPTIDE_RECEPTOR_ACTIVITY	GOMF_NEUROPEPTIDE_RECEPTOR_ACTIVITY		41	-0.3412162	-0.84469026	0.7267442	1.0	1.0	3757	tags=24%, list=15%, signal=29%	
GOBP_NERVOUS_SYSTEM_PROCESS_INVOLVED_IN_REGULATION_OF_SYSTEMIC_ARTERIAL_BLOOD_PRESSURE	GOBP_NERVOUS_SYSTEM_PROCESS_INVOLVED_IN_REGULATION_OF_SYSTEMIC_ARTERIAL_BLOOD_PRESSURE		22	-0.3083008	-0.8445489	0.7403101	1.0	1.0	2829	tags=36%, list=11%, signal=41%	
GOBP_ORGANIC_CATION_TRANSPORT	GOBP_ORGANIC_CATION_TRANSPORT		59	-0.27782354	-0.8435801	0.62355214	1.0	1.0	1121	tags=19%, list=4%, signal=19%	
MIR_12178_5P	MIR_12178_5P		32	-0.27255917	-0.8435653	0.7891683	1.0	1.0	2865	tags=31%, list=11%, signal=35%	
GOMF_VOLTAGE_GATED_CHANNEL_ACTIVITY	GOMF_VOLTAGE_GATED_CHANNEL_ACTIVITY		198	-0.26218092	-0.84354025	0.74418604	1.0	1.0	2792	tags=32%, list=11%, signal=36%	
HALLMARK_KRAS_SIGNALING_DN	HALLMARK_KRAS_SIGNALING_DN		193	-0.26645732	-0.8427752	0.7194657	1.0	1.0	2705	tags=23%, list=11%, signal=26%	
MEISSNER_NPC_HCP_WITH_H3K4ME2_AND_H3K27ME3	MEISSNER_NPC_HCP_WITH_H3K4ME2_AND_H3K27ME3		353	-0.24736619	-0.84228075	0.65275145	1.0	1.0	2952	tags=20%, list=12%, signal=23%	
GOBP_REGULATION_OF_SYNAPTIC_TRANSMISSION_GLUTAMATERGIC	GOBP_REGULATION_OF_SYNAPTIC_TRANSMISSION_GLUTAMATERGIC		85	-0.3005846	-0.842129	0.6753507	1.0	1.0	2390	tags=27%, list=10%, signal=30%	
MIR_7031_3P	MIR_7031_3P		20	-0.33227894	-0.8410684	0.6541502	1.0	1.0	1829	tags=30%, list=7%, signal=32%	
GOMF_ANDROSTERONE_DEHYDROGENASE_ACTIVITY	GOMF_ANDROSTERONE_DEHYDROGENASE_ACTIVITY		18	-0.38748446	-0.8410106	0.751938	1.0	1.0	3615	tags=33%, list=14%, signal=39%	
ZHENG_IL22_SIGNALING_DN	ZHENG_IL22_SIGNALING_DN		47	-0.3078791	-0.84086853	0.67374516	1.0	1.0	1437	tags=19%, list=6%, signal=20%	
GOBP_LIGAND_GATED_ION_CHANNEL_SIGNALING_PATHWAY	GOBP_LIGAND_GATED_ION_CHANNEL_SIGNALING_PATHWAY		18	-0.3281155	-0.8402737	0.64880955	1.0	1.0	4402	tags=56%, list=18%, signal=67%	
GOMF_ANION_TRANSMEMBRANE_TRANSPORTER_ACTIVITY	GOMF_ANION_TRANSMEMBRANE_TRANSPORTER_ACTIVITY		302	-0.24368237	-0.8401318	0.770751	1.0	1.0	3187	tags=29%, list=13%, signal=33%	
GOCC_VOLTAGE_GATED_SODIUM_CHANNEL_COMPLEX	GOCC_VOLTAGE_GATED_SODIUM_CHANNEL_COMPLEX		17	-0.3294074	-0.8383278	0.6923077	1.0	1.0	2951	tags=47%, list=12%, signal=53%	
MIR_7242_5P	MIR_7242_5P		43	-0.34070867	-0.8373749	0.668616	1.0	1.0	1889	tags=26%, list=8%, signal=28%	
GOCC_POSTSYNAPTIC_MEMBRANE	GOCC_POSTSYNAPTIC_MEMBRANE		325	-0.24469493	-0.83610684	0.81070745	1.0	1.0	2928	tags=27%, list=12%, signal=30%	
GOBP_MULTICELLULAR_ORGANISMAL_SIGNALING	GOBP_MULTICELLULAR_ORGANISMAL_SIGNALING		162	-0.26499012	-0.8360997	0.7286528	1.0	1.0	2792	tags=28%, list=11%, signal=32%	
GOMF_POTASSIUM_ION_TRANSMEMBRANE_TRANSPORTER_ACTIVITY	GOMF_POTASSIUM_ION_TRANSMEMBRANE_TRANSPORTER_ACTIVITY		157	-0.24693847	-0.8360456	0.78926444	1.0	1.0	2851	tags=27%, list=11%, signal=30%	
GOBP_REGULATION_OF_POSTSYNAPTIC_MEMBRANE_POTENTIAL	GOBP_REGULATION_OF_POSTSYNAPTIC_MEMBRANE_POTENTIAL		118	-0.29679585	-0.8357238	0.69215685	1.0	1.0	3324	tags=31%, list=13%, signal=36%	
CHR1H1	CHR1H1		15	-0.39609885	-0.8347596	0.7283237	1.0	1.0	1092	tags=20%, list=4%, signal=21%	
REACTOME_FRS_MEDIATED_FGFR4_SIGNALING	REACTOME_FRS_MEDIATED_FGFR4_SIGNALING		21	-0.36230046	-0.8344462	0.625498	1.0	1.0	3784	tags=38%, list=15%, signal=45%	
GOBP_CEREBELLAR_PURKINJE_CELL_LAYER_FORMATION	GOBP_CEREBELLAR_PURKINJE_CELL_LAYER_FORMATION		20	-0.35590526	-0.83418506	0.6777344	1.0	1.0	1382	tags=25%, list=6%, signal=26%	
GOMF_MODIFIED_AMINO_ACID_TRANSMEMBRANE_TRANSPORTER_ACTIVITY	GOMF_MODIFIED_AMINO_ACID_TRANSMEMBRANE_TRANSPORTER_ACTIVITY		23	-0.3105649	-0.8321538	0.80350196	1.0	1.0	999	tags=17%, list=4%, signal=18%	
GOCC_POSTSYNAPTIC_SPECIALIZATION_MEMBRANE	GOCC_POSTSYNAPTIC_SPECIALIZATION_MEMBRANE		137	-0.2554851	-0.83194005	0.78443116	1.0	1.0	2354	tags=22%, list=9%, signal=24%	
GOMF_MICROFILAMENT_MOTOR_ACTIVITY	GOMF_MICROFILAMENT_MOTOR_ACTIVITY		37	-0.30024713	-0.8307628	0.80813956	1.0	1.0	2130	tags=22%, list=9%, signal=24%	
GOMF_SOLUTE_CATION_SYMPORTER_ACTIVITY	GOMF_SOLUTE_CATION_SYMPORTER_ACTIVITY		96	-0.24468257	-0.8299512	0.784	1.0	1.0	3130	tags=28%, list=13%, signal=32%	
GOBP_NEGATIVE_REGULATION_OF_IMMUNOGLOBULIN_PRODUCTION	GOBP_NEGATIVE_REGULATION_OF_IMMUNOGLOBULIN_PRODUCTION		15	-0.3544531	-0.8298062	0.65444016	1.0	1.0	1678	tags=27%, list=7%, signal=29%	
MIR_6931_3P	MIR_6931_3P		33	-0.31883147	-0.8293193	0.70726913	1.0	1.0	2537	tags=30%, list=10%, signal=34%	
GOMF_SECONDARY_ACTIVE_TRANSMEMBRANE_TRANSPORTER_ACTIVITY	GOMF_SECONDARY_ACTIVE_TRANSMEMBRANE_TRANSPORTER_ACTIVITY		247	-0.2459972	-0.8286287	0.80350196	1.0	1.0	3226	tags=30%, list=13%, signal=34%	
GOBP_REGULATION_OF_DIGESTIVE_SYSTEM_PROCESS	GOBP_REGULATION_OF_DIGESTIVE_SYSTEM_PROCESS		58	-0.30377737	-0.8272478	0.60308284	1.0	1.0	4266	tags=33%, list=17%, signal=39%	
GOMF_ORGANIC_ANION_TRANSMEMBRANE_TRANSPORTER_ACTIVITY	GOMF_ORGANIC_ANION_TRANSMEMBRANE_TRANSPORTER_ACTIVITY		187	-0.24719797	-0.8255841	0.82306165	1.0	1.0	3187	tags=29%, list=13%, signal=33%	
GOBP_CEREBELLAR_PURKINJE_CELL_LAYER_MORPHOGENESIS	GOBP_CEREBELLAR_PURKINJE_CELL_LAYER_MORPHOGENESIS		25	-0.34130004	-0.82243824	0.65686274	1.0	1.0	1382	tags=24%, list=6%, signal=25%	
GOBP_REGULATION_OF_FLAGELLATED_SPERM_MOTILITY	GOBP_REGULATION_OF_FLAGELLATED_SPERM_MOTILITY		22	-0.369472	-0.8219689	0.6732283	1.0	1.0	4886	tags=36%, list=20%, signal=45%	
GOCC_EXCITATORY_SYNAPSE	GOCC_EXCITATORY_SYNAPSE		78	-0.30110988	-0.8199461	0.6608187	1.0	1.0	3337	tags=35%, list=13%, signal=40%	
CHR4C5	CHR4C5		32	-0.31788552	-0.81885356	0.6585821	1.0	1.0	2413	tags=28%, list=10%, signal=31%	
GOCC_DYSTROPHIN_ASSOCIATED_GLYCOPROTEIN_COMPLEX	GOCC_DYSTROPHIN_ASSOCIATED_GLYCOPROTEIN_COMPLEX		20	-0.317364	-0.818285	0.7758285	1.0	1.0	1477	tags=30%, list=6%, signal=32%	
GOMF_NAD_RETINOL_DEHYDROGENASE_ACTIVITY	GOMF_NAD_RETINOL_DEHYDROGENASE_ACTIVITY		29	-0.31786305	-0.8179678	0.7738792	1.0	1.0	2589	tags=21%, list=10%, signal=23%	
GOBP_LACTATION	GOBP_LACTATION		60	-0.30361572	-0.81755555	0.7662835	1.0	1.0	1121	tags=12%, list=4%, signal=12%	
GOMF_LOW_DENSITY_LIPOPROTEIN_PARTICLE_BINDING	GOMF_LOW_DENSITY_LIPOPROTEIN_PARTICLE_BINDING		18	-0.36334538	-0.8174293	0.6565465	1.0	1.0	670	tags=22%, list=3%, signal=23%	
MIR_5104B_5P	MIR_5104B_5P		36	-0.31771976	-0.8164335	0.65225935	1.0	1.0	907	tags=17%, list=4%, signal=17%	
CHR2E4	CHR2E4		20	-0.3542278	-0.8164276	0.8047809	1.0	1.0	1988	tags=20%, list=8%, signal=22%	
REACTOME_FRS_MEDIATED_FGFR1_SIGNALING	REACTOME_FRS_MEDIATED_FGFR1_SIGNALING		22	-0.35431036	-0.8161355	0.6547619	1.0	1.0	3773	tags=32%, list=15%, signal=37%	
GOBP_CALCIUM_DEPENDENT_CELL_CELL_ADHESION_VIA_PLASMA_MEMBRANE_CELL_ADHESION_MOLECULES	GOBP_CALCIUM_DEPENDENT_CELL_CELL_ADHESION_VIA_PLASMA_MEMBRANE_CELL_ADHESION_MOLECULES		34	-0.29006973	-0.8152601	0.7311412	1.0	1.0	2913	tags=26%, list=12%, signal=30%	
GOBP_AMELOGENESIS	GOBP_AMELOGENESIS		28	-0.31414303	-0.8114995	0.7302231	1.0	1.0	549	tags=14%, list=2%, signal=15%	
GOMF_METAL_ION_TRANSMEMBRANE_TRANSPORTER_ACTIVITY	GOMF_METAL_ION_TRANSMEMBRANE_TRANSPORTER_ACTIVITY		423	-0.23115206	-0.81108487	0.7372549	1.0	1.0	2792	tags=27%, list=11%, signal=30%	
MIKKELSEN_ES_HCP_WITH_H3K27ME3	MIKKELSEN_ES_HCP_WITH_H3K27ME3		40	-0.29347214	-0.81096375	0.7234849	1.0	1.0	2537	tags=13%, list=10%, signal=14%	
REACTOME_DOWNSTREAM_SIGNALING_OF_ACTIVATED_FGFR2	REACTOME_DOWNSTREAM_SIGNALING_OF_ACTIVATED_FGFR2		28	-0.35370693	-0.810511	0.63527054	1.0	1.0	2235	tags=25%, list=9%, signal=27%	
GOBP_MEDIUM_CHAIN_FATTY_ACID_METABOLIC_PROCESS	GOBP_MEDIUM_CHAIN_FATTY_ACID_METABOLIC_PROCESS		24	-0.32442778	-0.80902463	0.7742574	1.0	1.0	3274	tags=38%, list=13%, signal=43%	
GOBP_REGULATION_OF_ACTION_POTENTIAL	GOBP_REGULATION_OF_ACTION_POTENTIAL		68	-0.30002385	-0.80875534	0.7229602	1.0	1.0	3325	tags=38%, list=13%, signal=44%	
GOBP_RESPONSE_TO_PAIN	GOBP_RESPONSE_TO_PAIN		39	-0.30298483	-0.80803794	0.7658349	1.0	1.0	3135	tags=38%, list=13%, signal=44%	
GOBP_SENSORY_PERCEPTION_OF_TEMPERATURE_STIMULUS	GOBP_SENSORY_PERCEPTION_OF_TEMPERATURE_STIMULUS		32	-0.30060476	-0.8067147	0.7353535	1.0	1.0	3280	tags=31%, list=13%, signal=36%	
GOBP_XENOBIOTIC_TRANSPORT	GOBP_XENOBIOTIC_TRANSPORT		36	-0.27890804	-0.8051566	0.8387716	1.0	1.0	999	tags=17%, list=4%, signal=17%	
GOMF_AMINE_BINDING	GOMF_AMINE_BINDING		18	-0.33503935	-0.80495185	0.7680312	1.0	1.0	3901	tags=50%, list=16%, signal=59%	
GOBP_L_AMINO_ACID_TRANSPORT	GOBP_L_AMINO_ACID_TRANSPORT		61	-0.2603253	-0.80485463	0.8446602	1.0	1.0	2881	tags=28%, list=12%, signal=31%	
GOBP_PREPULSE_INHIBITION	GOBP_PREPULSE_INHIBITION		20	-0.27416041	-0.8044208	0.88911706	1.0	1.0	2187	tags=30%, list=9%, signal=33%	
DESCARTES_ORGANOGENESIS_INHIBITORY_INTERNEURONS	DESCARTES_ORGANOGENESIS_INHIBITORY_INTERNEURONS		35	-0.31369326	-0.8029646	0.7928437	1.0	1.0	2595	tags=26%, list=10%, signal=29%	
REACTOME_IRS_MEDIATED_SIGNALLING	REACTOME_IRS_MEDIATED_SIGNALLING		40	-0.3149396	-0.80243486	0.6895874	1.0	1.0	3790	tags=28%, list=15%, signal=32%	
GOBP_ICOSANOID_TRANSPORT	GOBP_ICOSANOID_TRANSPORT		60	-0.25001347	-0.801756	0.874502	1.0	1.0	1805	tags=17%, list=7%, signal=18%	
GOBP_POSITIVE_REGULATION_OF_CYTOKINE_PRODUCTION_INVOLVED_IN_INFLAMMATORY_RESPONSE	GOBP_POSITIVE_REGULATION_OF_CYTOKINE_PRODUCTION_INVOLVED_IN_INFLAMMATORY_RESPONSE		26	-0.34581774	-0.8017282	0.6692607	1.0	1.0	4345	tags=35%, list=17%, signal=42%	
DESCARTES_ORGANOGENESIS_EPITHELIAL_CELLS	DESCARTES_ORGANOGENESIS_EPITHELIAL_CELLS		184	-0.27216548	-0.8012295	0.6968504	1.0	1.0	2533	tags=24%, list=10%, signal=27%	
REACTOME_INTERLEUKIN_2_FAMILY_SIGNALING	REACTOME_INTERLEUKIN_2_FAMILY_SIGNALING		32	-0.34679782	-0.8005796	0.6733871	1.0	1.0	3595	tags=28%, list=14%, signal=33%	
GOBP_NEGATIVE_REGULATION_OF_EPIDERMIS_DEVELOPMENT	GOBP_NEGATIVE_REGULATION_OF_EPIDERMIS_DEVELOPMENT		16	-0.36764073	-0.79980975	0.6699029	1.0	1.0	3790	tags=38%, list=15%, signal=44%	
GOCC_INTRINSIC_COMPONENT_OF_PRESYNAPTIC_MEMBRANE	GOCC_INTRINSIC_COMPONENT_OF_PRESYNAPTIC_MEMBRANE		129	-0.2546591	-0.7978268	0.7528302	1.0	1.0	3557	tags=36%, list=14%, signal=41%	
GOMF_INTRACELLULAR_CALCIUM_ACTIVATED_CHLORIDE_CHANNEL_ACTIVITY	GOMF_INTRACELLULAR_CALCIUM_ACTIVATED_CHLORIDE_CHANNEL_ACTIVITY		21	-0.29460362	-0.79778856	0.8172888	1.0	1.0	1901	tags=29%, list=8%, signal=31%	
GOBP_DIET_INDUCED_THERMOGENESIS	GOBP_DIET_INDUCED_THERMOGENESIS		16	-0.34957495	-0.7974011	0.8278689	1.0	1.0	3294	tags=25%, list=13%, signal=29%	
MIKKELSEN_MCV6_HCP_WITH_H3K27ME3	MIKKELSEN_MCV6_HCP_WITH_H3K27ME3		439	-0.23148614	-0.7969724	0.85880077	1.0	1.0	3073	tags=22%, list=12%, signal=25%	
GOCC_ACETYLCHOLINE_GATED_CHANNEL_COMPLEX	GOCC_ACETYLCHOLINE_GATED_CHANNEL_COMPLEX		17	-0.35332814	-0.7952422	0.7645875	1.0	1.0	3559	tags=18%, list=14%, signal=21%	
CHR2C1	CHR2C1		94	-0.27499744	-0.7949941	0.756917	1.0	1.0	3844	tags=30%, list=15%, signal=35%	
GOBP_NEGATIVE_REGULATION_OF_BLOOD_CIRCULATION	GOBP_NEGATIVE_REGULATION_OF_BLOOD_CIRCULATION		30	-0.28282204	-0.79158384	0.81395346	1.0	1.0	1731	tags=23%, list=7%, signal=25%	
WP_COMPLEMENT_ACTIVATION_CLASSICAL_PATHWAY	WP_COMPLEMENT_ACTIVATION_CLASSICAL_PATHWAY		16	-0.44437417	-0.79115856	0.7514451	1.0	1.0	4590	tags=56%, list=18%, signal=69%	
REACTOME_TRP_CHANNELS	REACTOME_TRP_CHANNELS		27	-0.2903217	-0.79113996	0.761079	1.0	1.0	2909	tags=30%, list=12%, signal=34%	
GOBP_NEURAL_RETINA_DEVELOPMENT	GOBP_NEURAL_RETINA_DEVELOPMENT		82	-0.27906117	-0.79007107	0.82978725	1.0	1.0	2878	tags=27%, list=12%, signal=30%	
GOBP_RETINOIC_ACID_METABOLIC_PROCESS	GOBP_RETINOIC_ACID_METABOLIC_PROCESS		28	-0.29747117	-0.78814536	0.7681992	1.0	1.0	1986	tags=18%, list=8%, signal=19%	
MIR_7661_3P	MIR_7661_3P		39	-0.26992178	-0.7868909	0.7495069	1.0	1.0	2629	tags=31%, list=11%, signal=34%	
GOBP_GLUTAMATE_RECEPTOR_SIGNALING_PATHWAY	GOBP_GLUTAMATE_RECEPTOR_SIGNALING_PATHWAY		48	-0.28804007	-0.7867566	0.7638095	1.0	1.0	2390	tags=29%, list=10%, signal=32%	
GOMF_CARBOHYDRATE_TRANSMEMBRANE_TRANSPORTER_ACTIVITY	GOMF_CARBOHYDRATE_TRANSMEMBRANE_TRANSPORTER_ACTIVITY		38	-0.27060214	-0.78502035	0.831758	1.0	1.0	1386	tags=18%, list=6%, signal=19%	
GOBP_PROTEIN_LOCALIZATION_TO_SYNAPSE	GOBP_PROTEIN_LOCALIZATION_TO_SYNAPSE		89	-0.25793016	-0.7848991	0.7669903	1.0	1.0	2901	tags=29%, list=12%, signal=33%	
MEISSNER_NPC_HCP_WITH_H3K4ME3_AND_H3K27ME3	MEISSNER_NPC_HCP_WITH_H3K4ME3_AND_H3K27ME3		143	-0.25542715	-0.7842733	0.83365947	1.0	1.0	2640	tags=25%, list=11%, signal=28%	
GOCC_MYOSIN_FILAMENT	GOCC_MYOSIN_FILAMENT		22	-0.2734477	-0.7840341	0.7968442	1.0	1.0	2296	tags=23%, list=9%, signal=25%	
GOCC_SODIUM_CHANNEL_COMPLEX	GOCC_SODIUM_CHANNEL_COMPLEX		28	-0.31061962	-0.7830938	0.7899807	1.0	1.0	2951	tags=36%, list=12%, signal=40%	
GOBP_KERATINOCYTE_MIGRATION	GOBP_KERATINOCYTE_MIGRATION		20	-0.33984855	-0.78299457	0.7553398	1.0	1.0	1701	tags=20%, list=7%, signal=21%	
REACTOME_SYNTHESIS_OF_LEUKOTRIENES_LT_AND_EOXINS_EX	REACTOME_SYNTHESIS_OF_LEUKOTRIENES_LT_AND_EOXINS_EX		20	-0.28064108	-0.781226	0.8869396	1.0	1.0	647	tags=15%, list=3%, signal=15%	
GOBP_POSITIVE_REGULATION_OF_GLYCOLYTIC_PROCESS	GOBP_POSITIVE_REGULATION_OF_GLYCOLYTIC_PROCESS		21	-0.3357363	-0.78063864	0.70238096	1.0	1.0	3280	tags=43%, list=13%, signal=49%	
GOMF_EPHRIN_RECEPTOR_ACTIVITY	GOMF_EPHRIN_RECEPTOR_ACTIVITY		16	-0.35437724	-0.78042346	0.7556818	1.0	1.0	506	tags=19%, list=2%, signal=19%	
REACTOME_SHC_MEDIATED_CASCADE_FGFR2	REACTOME_SHC_MEDIATED_CASCADE_FGFR2		21	-0.34028512	-0.778705	0.7112403	1.0	1.0	900	tags=19%, list=4%, signal=20%	
GOBP_CELL_DIFFERENTIATION_IN_HINDBRAIN	GOBP_CELL_DIFFERENTIATION_IN_HINDBRAIN		31	-0.30691636	-0.77349794	0.75	1.0	1.0	3192	tags=29%, list=13%, signal=33%	
GOBP_G_PROTEIN_COUPLED_RECEPTOR_SIGNALING_PATHWAY_COUPLED_TO_CYCLIC_NUCLEOTIDE_SECOND_MESSENGER	GOBP_G_PROTEIN_COUPLED_RECEPTOR_SIGNALING_PATHWAY_COUPLED_TO_CYCLIC_NUCLEOTIDE_SECOND_MESSENGER		49	-0.29587364	-0.7730277	0.7628083	1.0	1.0	2062	tags=14%, list=8%, signal=16%	
GOBP_GAMMA_DELTA_T_CELL_ACTIVATION	GOBP_GAMMA_DELTA_T_CELL_ACTIVATION		22	-0.32601365	-0.7720868	0.72745097	1.0	1.0	3511	tags=41%, list=14%, signal=48%	
REACTOME_FRS_MEDIATED_FGFR3_SIGNALING	REACTOME_FRS_MEDIATED_FGFR3_SIGNALING		19	-0.32622623	-0.7714298	0.6829746	1.0	1.0	3790	tags=37%, list=15%, signal=43%	
GOBP_BILE_ACID_AND_BILE_SALT_TRANSPORT	GOBP_BILE_ACID_AND_BILE_SALT_TRANSPORT		31	-0.31595206	-0.7711618	0.75797373	1.0	1.0	4045	tags=39%, list=16%, signal=46%	
GOBP_GERMINAL_CENTER_FORMATION	GOBP_GERMINAL_CENTER_FORMATION		16	-0.37644967	-0.77046776	0.71262133	1.0	1.0	708	tags=13%, list=3%, signal=13%	
CHR5E1	CHR5E1		78	-0.25970727	-0.77035844	0.72762644	1.0	1.0	4046	tags=27%, list=16%, signal=32%	
GOMF_XENOBIOTIC_TRANSMEMBRANE_TRANSPORTER_ACTIVITY	GOMF_XENOBIOTIC_TRANSMEMBRANE_TRANSPORTER_ACTIVITY		33	-0.26886573	-0.7702999	0.92621356	1.0	1.0	999	tags=18%, list=4%, signal=19%	
GOBP_REGULATION_OF_COLLATERAL_SPROUTING	GOBP_REGULATION_OF_COLLATERAL_SPROUTING		23	-0.32810852	-0.7690265	0.8455446	1.0	1.0	2446	tags=30%, list=10%, signal=34%	
GOBP_PHOSPHATIDIC_ACID_METABOLIC_PROCESS	GOBP_PHOSPHATIDIC_ACID_METABOLIC_PROCESS		27	-0.3013044	-0.76826835	0.8045541	1.0	1.0	2936	tags=37%, list=12%, signal=42%	
GOBP_CEREBELLAR_CORTEX_FORMATION	GOBP_CEREBELLAR_CORTEX_FORMATION		33	-0.316452	-0.76791346	0.6805556	1.0	1.0	2581	tags=27%, list=10%, signal=30%	
GOBP_NEGATIVE_REGULATION_OF_SODIUM_ION_TRANSPORT	GOBP_NEGATIVE_REGULATION_OF_SODIUM_ION_TRANSPORT		21	-0.3151757	-0.7677528	0.78185326	1.0	1.0	1869	tags=24%, list=7%, signal=26%	
GOBP_THYROID_HORMONE_METABOLIC_PROCESS	GOBP_THYROID_HORMONE_METABOLIC_PROCESS		35	-0.27628416	-0.7665383	0.87814313	1.0	1.0	3357	tags=34%, list=13%, signal=40%	
GOBP_POSITIVE_REGULATION_OF_NEUROTRANSMITTER_TRANSPORT	GOBP_POSITIVE_REGULATION_OF_NEUROTRANSMITTER_TRANSPORT		25	-0.31228492	-0.766425	0.7484909	1.0	1.0	1205	tags=24%, list=5%, signal=25%	
GOBP_RETINA_MORPHOGENESIS_IN_CAMERA_TYPE_EYE	GOBP_RETINA_MORPHOGENESIS_IN_CAMERA_TYPE_EYE		79	-0.27561325	-0.7659866	0.7923077	1.0	1.0	2878	tags=25%, list=12%, signal=29%	
MEISSNER_BRAIN_HCP_WITH_H3K4ME2	MEISSNER_BRAIN_HCP_WITH_H3K4ME2		18	-0.28612977	-0.7655706	0.85549134	1.0	1.0	1849	tags=22%, list=7%, signal=24%	
GOBP_ACTION_POTENTIAL	GOBP_ACTION_POTENTIAL		148	-0.25252196	-0.76397324	0.9316888	1.0	1.0	2792	tags=29%, list=11%, signal=33%	
GOMF_ACETYLCHOLINE_GATED_CATION_SELECTIVE_CHANNEL_ACTIVITY	GOMF_ACETYLCHOLINE_GATED_CATION_SELECTIVE_CHANNEL_ACTIVITY		16	-0.36610338	-0.7617972	0.7645875	1.0	1.0	3559	tags=19%, list=14%, signal=22%	
GOBP_PHOTORECEPTOR_CELL_OUTER_SEGMENT_ORGANIZATION	GOBP_PHOTORECEPTOR_CELL_OUTER_SEGMENT_ORGANIZATION		15	-0.35108015	-0.75763106	0.7876448	1.0	1.0	147	tags=13%, list=1%, signal=13%	
GOMF_CYCLIC_NUCLEOTIDE_PHOSPHODIESTERASE_ACTIVITY	GOMF_CYCLIC_NUCLEOTIDE_PHOSPHODIESTERASE_ACTIVITY		26	-0.31212068	-0.7572473	0.6118547	1.0	1.0	1810	tags=35%, list=7%, signal=37%	
REACTOME_TRANSPORT_OF_INORGANIC_CATIONS_ANIONS_AND_AMINO_ACIDS_OLIGOPEPTIDES	REACTOME_TRANSPORT_OF_INORGANIC_CATIONS_ANIONS_AND_AMINO_ACIDS_OLIGOPEPTIDES		107	-0.23915711	-0.7569993	0.90873015	1.0	1.0	3410	tags=31%, list=14%, signal=36%	
GOBP_POSITIVE_REGULATION_OF_POTASSIUM_ION_TRANSPORT	GOBP_POSITIVE_REGULATION_OF_POTASSIUM_ION_TRANSPORT		52	-0.286107	-0.7550088	0.83168316	1.0	1.0	1597	tags=23%, list=6%, signal=25%	
GOBP_SYNAPTIC_TRANSMISSION_GLUTAMATERGIC	GOBP_SYNAPTIC_TRANSMISSION_GLUTAMATERGIC		116	-0.25549865	-0.75485474	0.8221344	1.0	1.0	3679	tags=31%, list=15%, signal=36%	
GOBP_NEGATIVE_REGULATION_OF_PEPTIDYL_THREONINE_PHOSPHORYLATION	GOBP_NEGATIVE_REGULATION_OF_PEPTIDYL_THREONINE_PHOSPHORYLATION		20	-0.340204	-0.7536469	0.74313724	1.0	1.0	2855	tags=30%, list=11%, signal=34%	
GOBP_RESPONSE_TO_CAMP	GOBP_RESPONSE_TO_CAMP		58	-0.27034605	-0.75145906	0.7401869	1.0	1.0	1578	tags=22%, list=6%, signal=24%	
REACTOME_DOWNSTREAM_SIGNALING_OF_ACTIVATED_FGFR4	REACTOME_DOWNSTREAM_SIGNALING_OF_ACTIVATED_FGFR4		26	-0.32425383	-0.75026166	0.6814672	1.0	1.0	3784	tags=35%, list=15%, signal=41%	
GOBP_PEPTIDE_HORMONE_PROCESSING	GOBP_PEPTIDE_HORMONE_PROCESSING		20	-0.26414475	-0.74970853	0.7921569	1.0	1.0	1951	tags=20%, list=8%, signal=22%	
GOBP_BIOLOGICAL_PROCESS_INVOLVED_IN_INTRASPECIES_INTERACTION_BETWEEN_ORGANISMS	GOBP_BIOLOGICAL_PROCESS_INVOLVED_IN_INTRASPECIES_INTERACTION_BETWEEN_ORGANISMS		62	-0.2545593	-0.7492294	0.8942116	1.0	1.0	2658	tags=24%, list=11%, signal=27%	
GOBP_POSITIVE_REGULATION_OF_SYNAPSE_ASSEMBLY	GOBP_POSITIVE_REGULATION_OF_SYNAPSE_ASSEMBLY		80	-0.25440672	-0.74848664	0.90248567	1.0	1.0	2345	tags=24%, list=9%, signal=26%	
DESCARTES_ORGANOGENESIS_EPENDYMAL_CELL	DESCARTES_ORGANOGENESIS_EPENDYMAL_CELL		294	-0.2460183	-0.74848527	0.7984645	1.0	1.0	3724	tags=34%, list=15%, signal=39%	
GOMF_CGMP_BINDING	GOMF_CGMP_BINDING		15	-0.32898322	-0.74817514	0.8015267	1.0	1.0	2036	tags=33%, list=8%, signal=36%	
GOBP_OLFACTORY_BEHAVIOR	GOBP_OLFACTORY_BEHAVIOR		15	-0.3117358	-0.74626076	0.8754864	1.0	1.0	2470	tags=33%, list=10%, signal=37%	
REACTOME_PARACETAMOL_ADME	REACTOME_PARACETAMOL_ADME		33	-0.276659	-0.74621654	0.9047619	1.0	1.0	3931	tags=30%, list=16%, signal=36%	
GOMF_NADPLUS_PROTEIN_ADP_RIBOSYLTRANSFERASE_ACTIVITY	GOMF_NADPLUS_PROTEIN_ADP_RIBOSYLTRANSFERASE_ACTIVITY		21	-0.32181075	-0.7459848	0.70306516	1.0	1.0	1522	tags=24%, list=6%, signal=25%	
GOBP_RHYTHMIC_BEHAVIOR	GOBP_RHYTHMIC_BEHAVIOR		66	-0.23284611	-0.7457491	0.91170824	1.0	1.0	3439	tags=27%, list=14%, signal=32%	
GOBP_SYNAPTIC_TRANSMISSION_CHOLINERGIC	GOBP_SYNAPTIC_TRANSMISSION_CHOLINERGIC		29	-0.30536306	-0.7449151	0.8217636	1.0	1.0	2376	tags=24%, list=10%, signal=27%	
GOBP_MODULATION_OF_EXCITATORY_POSTSYNAPTIC_POTENTIAL	GOBP_MODULATION_OF_EXCITATORY_POSTSYNAPTIC_POTENTIAL		60	-0.26132435	-0.744786	0.8912621	1.0	1.0	3028	tags=30%, list=12%, signal=34%	
CHR1A1	CHR1A1		20	-0.29037923	-0.7435763	0.7913534	1.0	1.0	1534	tags=15%, list=6%, signal=16%	
GOMF_PROLACTIN_RECEPTOR_BINDING	GOMF_PROLACTIN_RECEPTOR_BINDING		28	-0.37132716	-0.7424398	0.7773585	1.0	1.0	5	tags=4%, list=0%, signal=4%	
GOBP_MICROTUBULE_BUNDLE_FORMATION	GOBP_MICROTUBULE_BUNDLE_FORMATION		125	-0.24694973	-0.7405232	0.91570884	1.0	1.0	3235	tags=31%, list=13%, signal=36%	
GOBP_BEHAVIORAL_RESPONSE_TO_PAIN	GOBP_BEHAVIORAL_RESPONSE_TO_PAIN		26	-0.30671978	-0.73975	0.6807692	1.0	1.0	3135	tags=38%, list=13%, signal=44%	
GOMF_SYNTAXIN_1_BINDING	GOMF_SYNTAXIN_1_BINDING		24	-0.29081044	-0.73949987	0.8774704	1.0	1.0	1825	tags=17%, list=7%, signal=18%	
GOCC_VESICLE_LUMEN	GOCC_VESICLE_LUMEN		15	-0.3476984	-0.7391845	0.744403	1.0	1.0	3090	tags=33%, list=12%, signal=38%	
GOCC_SPECIFIC_GRANULE	GOCC_SPECIFIC_GRANULE		15	-0.37052637	-0.73754835	0.8496994	1.0	1.0	3010	tags=33%, list=12%, signal=38%	
MIKKELSEN_IPS_HCP_WITH_H3_UNMETHYLATED	MIKKELSEN_IPS_HCP_WITH_H3_UNMETHYLATED		89	-0.2484429	-0.7355978	0.9433962	1.0	1.0	2751	tags=17%, list=11%, signal=19%	
GOMF_IONOTROPIC_GLUTAMATE_RECEPTOR_ACTIVITY	GOMF_IONOTROPIC_GLUTAMATE_RECEPTOR_ACTIVITY		19	-0.31361628	-0.7354108	0.87572813	1.0	1.0	3564	tags=42%, list=14%, signal=49%	
GOBP_RETINAL_ROD_CELL_DIFFERENTIATION	GOBP_RETINAL_ROD_CELL_DIFFERENTIATION		20	-0.27253142	-0.7349158	0.82983196	1.0	1.0	2878	tags=30%, list=12%, signal=34%	
GOBP_POSITIVE_REGULATION_OF_SYNAPTIC_TRANSMISSION_GLUTAMATERGIC	GOBP_POSITIVE_REGULATION_OF_SYNAPTIC_TRANSMISSION_GLUTAMATERGIC		41	-0.28731558	-0.7349023	0.8508065	1.0	1.0	1980	tags=24%, list=8%, signal=26%	
CHR5E3	CHR5E3		53	-0.2851378	-0.7343229	0.87329435	1.0	1.0	1192	tags=8%, list=5%, signal=8%	
GOBP_CELLULAR_RESPONSE_TO_CALCIUM_ION	GOBP_CELLULAR_RESPONSE_TO_CALCIUM_ION		78	-0.2411666	-0.7340361	0.890595	1.0	1.0	2901	tags=23%, list=12%, signal=26%	
REACTOME_EFFECTS_OF_PIP2_HYDROLYSIS	REACTOME_EFFECTS_OF_PIP2_HYDROLYSIS		24	-0.30651107	-0.73332494	0.8034351	1.0	1.0	2936	tags=33%, list=12%, signal=38%	
GOBP_VISUAL_BEHAVIOR	GOBP_VISUAL_BEHAVIOR		77	-0.2569896	-0.7319445	0.8782435	1.0	1.0	3679	tags=36%, list=15%, signal=43%	
GOMF_CADHERIN_BINDING	GOMF_CADHERIN_BINDING		69	-0.25582254	-0.7318371	0.8065134	1.0	1.0	2598	tags=28%, list=10%, signal=31%	
GOBP_REGULATION_OF_RESPIRATORY_GASEOUS_EXCHANGE	GOBP_REGULATION_OF_RESPIRATORY_GASEOUS_EXCHANGE		26	-0.2639501	-0.7310796	0.78656125	1.0	1.0	2901	tags=23%, list=12%, signal=26%	
GOBP_SECRETORY_GRANULE_LOCALIZATION	GOBP_SECRETORY_GRANULE_LOCALIZATION		20	-0.29553604	-0.7310691	0.6595331	1.0	1.0	2658	tags=35%, list=11%, signal=39%	
GOMF_NADPLUS_KINASE_ACTIVITY	GOMF_NADPLUS_KINASE_ACTIVITY		15	-0.3056453	-0.72940135	0.76125246	1.0	1.0	2936	tags=33%, list=12%, signal=38%	
DESCARTES_ORGANOGENESIS_CHONDROCYTES_AND_OSTEOBLASTS	DESCARTES_ORGANOGENESIS_CHONDROCYTES_AND_OSTEOBLASTS		34	-0.27129397	-0.7265954	0.89514565	1.0	1.0	2485	tags=26%, list=10%, signal=29%	
GOMF_ABC_TYPE_XENOBIOTIC_TRANSPORTER_ACTIVITY	GOMF_ABC_TYPE_XENOBIOTIC_TRANSPORTER_ACTIVITY		17	-0.31901577	-0.7230169	0.92578125	1.0	1.0	999	tags=18%, list=4%, signal=18%	
GOCC_PARANODE_REGION_OF_AXON	GOCC_PARANODE_REGION_OF_AXON		16	-0.30972484	-0.7219617	0.90316576	1.0	1.0	3244	tags=31%, list=13%, signal=36%	
GOBP_GABAERGIC_NEURON_DIFFERENTIATION	GOBP_GABAERGIC_NEURON_DIFFERENTIATION		20	-0.33889627	-0.7196706	0.91013384	1.0	1.0	304	tags=10%, list=1%, signal=10%	
REACTOME_SHC_MEDIATED_CASCADE_FGFR4	REACTOME_SHC_MEDIATED_CASCADE_FGFR4		19	-0.31498003	-0.71868205	0.78968257	1.0	1.0	3784	tags=37%, list=15%, signal=43%	
REACTOME_INTERLEUKIN_7_SIGNALING	REACTOME_INTERLEUKIN_7_SIGNALING		24	-0.31269088	-0.7178259	0.778	1.0	1.0	1520	tags=17%, list=6%, signal=18%	
GOBP_MICROTUBULE_BASED_PROTEIN_TRANSPORT	GOBP_MICROTUBULE_BASED_PROTEIN_TRANSPORT		15	-0.30689716	-0.71499586	0.7302505	1.0	1.0	753	tags=27%, list=3%, signal=27%	
GOBP_RESPONSE_TO_ATP	GOBP_RESPONSE_TO_ATP		28	-0.28016284	-0.7139428	0.8003914	1.0	1.0	2805	tags=29%, list=11%, signal=32%	
GOBP_POSITIVE_REGULATION_OF_CHONDROCYTE_DIFFERENTIATION	GOBP_POSITIVE_REGULATION_OF_CHONDROCYTE_DIFFERENTIATION		21	-0.2984222	-0.7127879	0.8560311	1.0	1.0	2869	tags=24%, list=12%, signal=27%	
GOBP_VOCALIZATION_BEHAVIOR	GOBP_VOCALIZATION_BEHAVIOR		21	-0.25577837	-0.7097847	0.90225565	1.0	1.0	4228	tags=38%, list=17%, signal=46%	
BIOCARTA_GH_PATHWAY	BIOCARTA_GH_PATHWAY		28	-0.29561746	-0.7078334	0.8822355	1.0	1.0	1562	tags=29%, list=6%, signal=30%	
GOBP_NEURON_REMODELING	GOBP_NEURON_REMODELING		17	-0.2935034	-0.7076185	0.81957775	1.0	1.0	324	tags=12%, list=1%, signal=12%	
GOBP_SECONDARY_PALATE_DEVELOPMENT	GOBP_SECONDARY_PALATE_DEVELOPMENT		27	-0.30196056	-0.7070644	0.7836812	1.0	1.0	646	tags=11%, list=3%, signal=11%	
GOBP_REGULATION_OF_GAMMA_DELTA_T_CELL_ACTIVATION	GOBP_REGULATION_OF_GAMMA_DELTA_T_CELL_ACTIVATION		15	-0.32175463	-0.7053956	0.7061144	1.0	1.0	4065	tags=47%, list=16%, signal=56%	
GOBP_NEGATIVE_REGULATION_OF_NEURON_PROJECTION_REGENERATION	GOBP_NEGATIVE_REGULATION_OF_NEURON_PROJECTION_REGENERATION		17	-0.29819733	-0.7035556	0.8409543	1.0	1.0	2810	tags=29%, list=11%, signal=33%	
GOBP_RESPONSE_TO_ORGANOPHOSPHORUS	GOBP_RESPONSE_TO_ORGANOPHOSPHORUS		88	-0.2483644	-0.70302814	0.8864971	1.0	1.0	2805	tags=27%, list=11%, signal=31%	
GOBP_DIACYLGLYCEROL_METABOLIC_PROCESS	GOBP_DIACYLGLYCEROL_METABOLIC_PROCESS		30	-0.28124228	-0.7023759	0.87795275	1.0	1.0	4427	tags=43%, list=18%, signal=53%	
GOMF_PEPTIDOGLYCAN_MURALYTIC_ACTIVITY	GOMF_PEPTIDOGLYCAN_MURALYTIC_ACTIVITY		15	-0.28956926	-0.70233816	0.89365673	1.0	1.0	3111	tags=27%, list=12%, signal=30%	
GOCC_POSTSYNAPTIC_DENSITY_MEMBRANE	GOCC_POSTSYNAPTIC_DENSITY_MEMBRANE		99	-0.22239687	-0.70221084	0.9589322	1.0	1.0	2537	tags=21%, list=10%, signal=24%	
GOBP_NEGATIVE_REGULATION_OF_DIGESTIVE_SYSTEM_PROCESS	GOBP_NEGATIVE_REGULATION_OF_DIGESTIVE_SYSTEM_PROCESS		24	-0.2812528	-0.7013053	0.8150289	1.0	1.0	4256	tags=33%, list=17%, signal=40%	
REACTOME_SHC_MEDIATED_CASCADE_FGFR1	REACTOME_SHC_MEDIATED_CASCADE_FGFR1		20	-0.30403876	-0.699785	0.734375	1.0	1.0	744	tags=15%, list=3%, signal=15%	
MIR_879_3P	MIR_879_3P		25	-0.29837134	-0.6996282	0.7203065	1.0	1.0	4434	tags=36%, list=18%, signal=44%	
GOBP_NEGATIVE_T_CELL_SELECTION	GOBP_NEGATIVE_T_CELL_SELECTION		15	-0.36594453	-0.6990636	0.88867927	1.0	1.0	4234	tags=47%, list=17%, signal=56%	
GOBP_SYNAPTIC_VESICLE_EXOCYTOSIS	GOBP_SYNAPTIC_VESICLE_EXOCYTOSIS		137	-0.22162458	-0.69898206	0.9604743	1.0	1.0	3028	tags=27%, list=12%, signal=31%	
GOBP_RETINOIC_ACID_RECEPTOR_SIGNALING_PATHWAY	GOBP_RETINOIC_ACID_RECEPTOR_SIGNALING_PATHWAY		29	-0.27728012	-0.6973246	0.8844622	1.0	1.0	692	tags=14%, list=3%, signal=14%	
GOMF_PHOSPHOLIPASE_BINDING	GOMF_PHOSPHOLIPASE_BINDING		28	-0.26188937	-0.69699657	0.85089463	1.0	1.0	4350	tags=43%, list=17%, signal=52%	
GOBP_CEREBELLAR_CORTEX_MORPHOGENESIS	GOBP_CEREBELLAR_CORTEX_MORPHOGENESIS		45	-0.2627846	-0.69604033	0.7647059	1.0	1.0	3192	tags=29%, list=13%, signal=33%	
GOBP_NEGATIVE_REGULATION_OF_CATECHOLAMINE_SECRETION	GOBP_NEGATIVE_REGULATION_OF_CATECHOLAMINE_SECRETION		19	-0.25159052	-0.69441867	0.8856589	1.0	1.0	1947	tags=16%, list=8%, signal=17%	
KANG_AR_TARGETS_DN	KANG_AR_TARGETS_DN		18	-0.3309401	-0.69379306	0.815534	1.0	1.0	346	tags=17%, list=1%, signal=17%	
CHR4E1	CHR4E1		87	-0.25428012	-0.6924332	0.8647619	1.0	1.0	2433	tags=10%, list=10%, signal=11%	
GOBP_DETECTION_OF_MECHANICAL_STIMULUS_INVOLVED_IN_SENSORY_PERCEPTION_OF_PAIN	GOBP_DETECTION_OF_MECHANICAL_STIMULUS_INVOLVED_IN_SENSORY_PERCEPTION_OF_PAIN		23	-0.2733931	-0.69165486	0.9047619	1.0	1.0	3557	tags=35%, list=14%, signal=41%	
GOBP_POSITIVE_REGULATION_OF_CHOLESTEROL_METABOLIC_PROCESS	GOBP_POSITIVE_REGULATION_OF_CHOLESTEROL_METABOLIC_PROCESS		18	-0.289017	-0.69009906	0.8717949	1.0	1.0	2841	tags=33%, list=11%, signal=38%	
GOMF_BILE_ACID_TRANSMEMBRANE_TRANSPORTER_ACTIVITY	GOMF_BILE_ACID_TRANSMEMBRANE_TRANSPORTER_ACTIVITY		24	-0.27659148	-0.68988305	0.8264151	1.0	1.0	4045	tags=38%, list=16%, signal=45%	
GOMF_LYS48_SPECIFIC_DEUBIQUITINASE_ACTIVITY	GOMF_LYS48_SPECIFIC_DEUBIQUITINASE_ACTIVITY		16	-0.34049487	-0.688914	0.7262136	1.0	1.0	5014	tags=38%, list=20%, signal=47%	
GOBP_NEGATIVE_REGULATION_OF_SODIUM_ION_TRANSMEMBRANE_TRANSPORT	GOBP_NEGATIVE_REGULATION_OF_SODIUM_ION_TRANSMEMBRANE_TRANSPORT		16	-0.2816417	-0.6884894	0.9015151	1.0	1.0	1869	tags=19%, list=7%, signal=20%	
GOCC_INTRINSIC_COMPONENT_OF_POSTSYNAPTIC_DENSITY_MEMBRANE	GOCC_INTRINSIC_COMPONENT_OF_POSTSYNAPTIC_DENSITY_MEMBRANE		80	-0.21568145	-0.68721825	0.9583333	1.0	1.0	3679	tags=28%, list=15%, signal=32%	
REACTOME_SHC_MEDIATED_CASCADE_FGFR3	REACTOME_SHC_MEDIATED_CASCADE_FGFR3		17	-0.29462156	-0.68462265	0.9003906	1.0	1.0	900	tags=18%, list=4%, signal=18%	
GOBP_POSITIVE_REGULATION_OF_EXCITATORY_POSTSYNAPTIC_POTENTIAL	GOBP_POSITIVE_REGULATION_OF_EXCITATORY_POSTSYNAPTIC_POTENTIAL		42	-0.2546487	-0.6844975	0.9404762	1.0	1.0	3028	tags=31%, list=12%, signal=35%	
GOBP_HOMOPHILIC_CELL_ADHESION_VIA_PLASMA_MEMBRANE_ADHESION_MOLECULES	GOBP_HOMOPHILIC_CELL_ADHESION_VIA_PLASMA_MEMBRANE_ADHESION_MOLECULES		114	-0.23020983	-0.6836552	0.93203884	1.0	1.0	2974	tags=26%, list=12%, signal=30%	
MIR_155_3P	MIR_155_3P		41	-0.2623092	-0.6836023	0.8178218	1.0	1.0	3623	tags=32%, list=15%, signal=37%	
GOMF_PROTEIN_LIPID_COMPLEX_BINDING	GOMF_PROTEIN_LIPID_COMPLEX_BINDING		28	-0.27472946	-0.68331945	0.87262356	1.0	1.0	670	tags=18%, list=3%, signal=18%	
WP_GPCRS_ODORANT	WP_GPCRS_ODORANT		185	-0.2102552	-0.6819839	0.89493436	1.0	1.0	3423	tags=12%, list=14%, signal=14%	
BIOCARTA_IL7_PATHWAY	BIOCARTA_IL7_PATHWAY		16	-0.333884	-0.6813562	0.80859375	1.0	1.0	1334	tags=25%, list=5%, signal=26%	
WP_RETINOL_METABOLISM	WP_RETINOL_METABOLISM		39	-0.24255179	-0.6801396	0.9621212	1.0	1.0	2961	tags=28%, list=12%, signal=32%	
GOMF_INTRAMEMBRANE_LIPID_TRANSPORTER_ACTIVITY	GOMF_INTRAMEMBRANE_LIPID_TRANSPORTER_ACTIVITY		49	-0.25039136	-0.67909735	0.8484252	1.0	1.0	1764	tags=20%, list=7%, signal=22%	
GOMF_MINUS_END_DIRECTED_MICROTUBULE_MOTOR_ACTIVITY	GOMF_MINUS_END_DIRECTED_MICROTUBULE_MOTOR_ACTIVITY		20	-0.29395726	-0.6783233	0.86756235	1.0	1.0	3450	tags=35%, list=14%, signal=41%	
MIR_1934_3P	MIR_1934_3P		54	-0.25888816	-0.67809975	0.8658777	0.99839544	1.0	2618	tags=26%, list=10%, signal=29%	
REACTOME_DOWNSTREAM_SIGNALING_OF_ACTIVATED_FGFR3	REACTOME_DOWNSTREAM_SIGNALING_OF_ACTIVATED_FGFR3		24	-0.29364565	-0.67720324	0.8231827	0.99719673	1.0	3790	tags=33%, list=15%, signal=39%	
GOMF_MECHANOSENSITIVE_ION_CHANNEL_ACTIVITY	GOMF_MECHANOSENSITIVE_ION_CHANNEL_ACTIVITY		17	-0.2823667	-0.6760798	0.9116466	0.99651015	1.0	2653	tags=29%, list=11%, signal=33%	
MIR_6964_5P	MIR_6964_5P		60	-0.23742297	-0.6695793	0.85328186	1.0	1.0	2516	tags=27%, list=10%, signal=30%	
GOMF_PHOSPHATIDYLINOSITOL_BISPHOSPHATE_PHOSPHATASE_ACTIVITY	GOMF_PHOSPHATIDYLINOSITOL_BISPHOSPHATE_PHOSPHATASE_ACTIVITY		21	-0.32170436	-0.66917807	0.8762279	1.0	1.0	3703	tags=38%, list=15%, signal=45%	
GOMF_SCAVENGER_RECEPTOR_ACTIVITY	GOMF_SCAVENGER_RECEPTOR_ACTIVITY		43	-0.2591302	-0.6661752	0.83428574	1.0	1.0	2875	tags=23%, list=12%, signal=26%	
GOCC_COSTAMERE	GOCC_COSTAMERE		19	-0.31100047	-0.6654282	0.76717556	1.0	1.0	3095	tags=42%, list=12%, signal=48%	
MIR_695	MIR_695		23	-0.28005612	-0.66322994	0.932	1.0	1.0	3351	tags=35%, list=13%, signal=40%	
MIR_1943_3P	MIR_1943_3P		20	-0.27213922	-0.6630889	0.9369202	1.0	1.0	1426	tags=25%, list=6%, signal=26%	
CHR18A2	CHR18A2		42	-0.22617786	-0.66288805	0.92190474	1.0	1.0	3956	tags=36%, list=16%, signal=42%	
GOBP_CALCIUM_ION_REGULATED_EXOCYTOSIS_OF_NEUROTRANSMITTER	GOBP_CALCIUM_ION_REGULATED_EXOCYTOSIS_OF_NEUROTRANSMITTER		22	-0.26359534	-0.6628772	0.9596774	0.9982572	1.0	3028	tags=23%, list=12%, signal=26%	
GOBP_HOMOLOGOUS_CHROMOSOME_PAIRING_AT_MEIOSIS	GOBP_HOMOLOGOUS_CHROMOSOME_PAIRING_AT_MEIOSIS		55	-0.23016852	-0.66204166	0.9379699	0.99707085	1.0	2201	tags=22%, list=9%, signal=24%	
GOBP_RELAXATION_OF_CARDIAC_MUSCLE	GOBP_RELAXATION_OF_CARDIAC_MUSCLE		16	-0.2683079	-0.6605099	0.82758623	0.99709934	1.0	1578	tags=25%, list=6%, signal=27%	
GOMF_PHEROMONE_RECEPTOR_ACTIVITY	GOMF_PHEROMONE_RECEPTOR_ACTIVITY		98	-0.41168895	-0.65990114	0.8560311	0.9959933	1.0	14715	tags=100%, list=59%, signal=243%	
GOMF_POLYPEPTIDE_N_ACETYLGALACTOSAMINYLTRANSFERASE_ACTIVITY	GOMF_POLYPEPTIDE_N_ACETYLGALACTOSAMINYLTRANSFERASE_ACTIVITY		18	-0.26615596	-0.65912485	0.94263864	0.9947605	1.0	3147	tags=28%, list=13%, signal=32%	
GOMF_HMG_BOX_DOMAIN_BINDING	GOMF_HMG_BOX_DOMAIN_BINDING		23	-0.27117515	-0.6589042	0.9116466	0.9928896	1.0	370	tags=9%, list=1%, signal=9%	
GOMF_NADPLUS_ADP_RIBOSYLTRANSFERASE_ACTIVITY	GOMF_NADPLUS_ADP_RIBOSYLTRANSFERASE_ACTIVITY		23	-0.27001143	-0.6585628	0.8640777	0.99119073	1.0	1522	tags=22%, list=6%, signal=23%	
GOCC_AXONEMAL_DYNEIN_COMPLEX	GOCC_AXONEMAL_DYNEIN_COMPLEX		27	-0.27469838	-0.6561386	0.8364662	0.9922222	1.0	3144	tags=30%, list=13%, signal=34%	
GOBP_NEUROTRANSMITTER_RECEPTOR_LOCALIZATION_TO_POSTSYNAPTIC_SPECIALIZATION_MEMBRANE	GOBP_NEUROTRANSMITTER_RECEPTOR_LOCALIZATION_TO_POSTSYNAPTIC_SPECIALIZATION_MEMBRANE		31	-0.25413674	-0.6549927	0.93359375	0.99159986	1.0	3244	tags=29%, list=13%, signal=33%	
GOBP_CYTOKINE_PRODUCTION_INVOLVED_IN_INFLAMMATORY_RESPONSE	GOBP_CYTOKINE_PRODUCTION_INVOLVED_IN_INFLAMMATORY_RESPONSE		64	-0.23804557	-0.65279984	0.96039605	0.9925762	1.0	1827	tags=16%, list=7%, signal=17%	
GOMF_CALCIUM_ACTIVATED_CATION_CHANNEL_ACTIVITY	GOMF_CALCIUM_ACTIVATED_CATION_CHANNEL_ACTIVITY		26	-0.21351278	-0.6515518	0.9241517	0.99203706	1.0	2442	tags=23%, list=10%, signal=26%	
CHR5C1	CHR5C1		28	-0.2507257	-0.65046966	0.9292929	0.99125785	1.0	3114	tags=29%, list=12%, signal=33%	
GOBP_COLLATERAL_SPROUTING	GOBP_COLLATERAL_SPROUTING		29	-0.27384636	-0.6487531	0.8998035	0.99147063	1.0	2446	tags=28%, list=10%, signal=31%	
GOBP_NEGATIVE_REGULATION_OF_T_HELPER_CELL_DIFFERENTIATION	GOBP_NEGATIVE_REGULATION_OF_T_HELPER_CELL_DIFFERENTIATION		20	-0.27617514	-0.6476084	0.9117647	0.9908633	1.0	1865	tags=20%, list=7%, signal=22%	
GOBP_RESPONSE_TO_AUDITORY_STIMULUS	GOBP_RESPONSE_TO_AUDITORY_STIMULUS		26	-0.23983379	-0.6473778	0.95951414	0.9889982	1.0	3606	tags=31%, list=14%, signal=36%	
GOBP_REGULATION_OF_TRANSMISSION_OF_NERVE_IMPULSE	GOBP_REGULATION_OF_TRANSMISSION_OF_NERVE_IMPULSE		27	-0.25681546	-0.6463294	0.9213894	0.98849136	1.0	4093	tags=33%, list=16%, signal=40%	
MIKKELSEN_MEF_LCP_WITH_H3K27ME3	MIKKELSEN_MEF_LCP_WITH_H3K27ME3		75	-0.22236657	-0.6448882	0.96204937	0.9882687	1.0	1591	tags=11%, list=6%, signal=11%	
REACTOME_DOWNSTREAM_SIGNALING_OF_ACTIVATED_FGFR1	REACTOME_DOWNSTREAM_SIGNALING_OF_ACTIVATED_FGFR1		30	-0.27098966	-0.6440042	0.9130435	0.98728734	1.0	2345	tags=23%, list=9%, signal=26%	
GOMF_INOSITOL_1_4_5_TRISPHOSPHATE_BINDING	GOMF_INOSITOL_1_4_5_TRISPHOSPHATE_BINDING		16	-0.29024774	-0.64010125	0.9046693	0.99034894	1.0	2917	tags=44%, list=12%, signal=50%	
GOMF_CALMODULIN_DEPENDENT_PROTEIN_KINASE_ACTIVITY	GOMF_CALMODULIN_DEPENDENT_PROTEIN_KINASE_ACTIVITY		24	-0.2478067	-0.6398853	0.93609023	0.98847073	1.0	1076	tags=17%, list=4%, signal=17%	
GOBP_ANION_HOMEOSTASIS	GOBP_ANION_HOMEOSTASIS		55	-0.2300675	-0.6394245	0.96168584	0.9870336	1.0	4511	tags=36%, list=18%, signal=44%	
GOBP_GAMMA_AMINOBUTYRIC_ACID_SECRETION	GOBP_GAMMA_AMINOBUTYRIC_ACID_SECRETION		19	-0.26759344	-0.6352068	0.9131274	0.9903199	1.0	2390	tags=16%, list=10%, signal=17%	
REACTOME_RECEPTOR_TYPE_TYROSINE_PROTEIN_PHOSPHATASES	REACTOME_RECEPTOR_TYPE_TYROSINE_PROTEIN_PHOSPHATASES		20	-0.24733394	-0.63248545	0.9359223	0.991284	1.0	2494	tags=30%, list=10%, signal=33%	
GOBP_CHEMICAL_SYNAPTIC_TRANSMISSION_POSTSYNAPTIC	GOBP_CHEMICAL_SYNAPTIC_TRANSMISSION_POSTSYNAPTIC		103	-0.22572692	-0.6313552	0.9312377	0.99039	1.0	3324	tags=28%, list=13%, signal=32%	
GOBP_NEGATIVE_REGULATION_OF_OSTEOCLAST_DIFFERENTIATION	GOBP_NEGATIVE_REGULATION_OF_OSTEOCLAST_DIFFERENTIATION		36	-0.2588537	-0.62858063	0.9408284	0.9914482	1.0	1639	tags=19%, list=7%, signal=21%	
GOBP_REGULATION_OF_PROTEIN_LOCALIZATION_TO_SYNAPSE	GOBP_REGULATION_OF_PROTEIN_LOCALIZATION_TO_SYNAPSE		26	-0.24769834	-0.6249431	0.8366534	0.9936979	1.0	163	tags=8%, list=1%, signal=8%	
GOBP_PHOSPHATIDYLINOSITOL_DEPHOSPHORYLATION	GOBP_PHOSPHATIDYLINOSITOL_DEPHOSPHORYLATION		30	-0.27424762	-0.62257123	0.8473896	0.9942985	1.0	3396	tags=27%, list=14%, signal=31%	
MIR_411_5P_MIR_7229_5P	MIR_411_5P_MIR_7229_5P		39	-0.23489746	-0.62026656	0.9034749	0.9948393	1.0	3543	tags=31%, list=14%, signal=36%	
REACTOME_BETA_DEFENSINS	REACTOME_BETA_DEFENSINS		17	-0.26968795	-0.61262786	0.9311741	1.0	1.0	1285	tags=12%, list=5%, signal=12%	
GOBP_VITAMIN_CATABOLIC_PROCESS	GOBP_VITAMIN_CATABOLIC_PROCESS		16	-0.27816027	-0.6111893	0.96007985	1.0	1.0	2634	tags=19%, list=11%, signal=21%	
GOBP_CEREBRAL_CORTEX_NEURON_DIFFERENTIATION	GOBP_CEREBRAL_CORTEX_NEURON_DIFFERENTIATION		29	-0.23648933	-0.6104205	0.9607843	0.99919313	1.0	1551	tags=14%, list=6%, signal=15%	
REACTOME_SENSORY_PERCEPTION_OF_TASTE	REACTOME_SENSORY_PERCEPTION_OF_TASTE		25	-0.30672723	-0.6016026	0.91015625	1.0	1.0	4814	tags=20%, list=19%, signal=25%	
GOBP_POSITIVE_REGULATION_OF_NEUROTRANSMITTER_SECRETION	GOBP_POSITIVE_REGULATION_OF_NEUROTRANSMITTER_SECRETION		20	-0.25910076	-0.6011915	0.9444444	1.0	1.0	3656	tags=35%, list=15%, signal=41%	
GOMF_ATPASE_COUPLED_INTRAMEMBRANE_LIPID_TRANSPORTER_ACTIVITY	GOMF_ATPASE_COUPLED_INTRAMEMBRANE_LIPID_TRANSPORTER_ACTIVITY		27	-0.2590718	-0.6009428	0.9304175	1.0	1.0	874	tags=15%, list=4%, signal=15%	
GOBP_T_HELPER_2_CELL_DIFFERENTIATION	GOBP_T_HELPER_2_CELL_DIFFERENTIATION		17	-0.26414883	-0.5977649	0.94152045	1.0	1.0	2214	tags=18%, list=9%, signal=19%	
GOBP_HINDBRAIN_MORPHOGENESIS	GOBP_HINDBRAIN_MORPHOGENESIS		60	-0.20848274	-0.59311444	0.960861	1.0	1.0	2581	tags=20%, list=10%, signal=22%	
GOBP_GASTRIC_ACID_SECRETION	GOBP_GASTRIC_ACID_SECRETION		20	-0.24043013	-0.5921293	0.9617591	1.0	1.0	18951	tags=100%, list=76%, signal=416%	
GOBP_REGULATION_OF_T_HELPER_CELL_DIFFERENTIATION	GOBP_REGULATION_OF_T_HELPER_CELL_DIFFERENTIATION		39	-0.22556259	-0.5909682	0.9599198	1.0	1.0	2500	tags=21%, list=10%, signal=23%	
GOCC_CHROMATOID_BODY	GOCC_CHROMATOID_BODY		17	-0.23071088	-0.5830389	0.9611651	1.0	1.0	4302	tags=41%, list=17%, signal=50%	
GOBP_MEMBRANE_DISRUPTION_IN_ANOTHER_ORGANISM	GOBP_MEMBRANE_DISRUPTION_IN_ANOTHER_ORGANISM		29	-0.36443228	-0.5775488	0.89440995	1.0	1.0	1168	tags=3%, list=5%, signal=4%	
GOMF_MHC_PROTEIN_COMPLEX_BINDING	GOMF_MHC_PROTEIN_COMPLEX_BINDING		22	-0.338985	-0.57747436	0.9617591	1.0	1.0	3639	tags=32%, list=15%, signal=37%	
GOCC_DESMOSOME	GOCC_DESMOSOME		24	-0.25096872	-0.5772164	0.93413174	1.0	1.0	2894	tags=38%, list=12%, signal=42%	
GOBP_SENSORY_PERCEPTION_OF_TASTE	GOBP_SENSORY_PERCEPTION_OF_TASTE		72	-0.23083498	-0.5770936	0.92655367	1.0	1.0	120	tags=3%, list=0%, signal=3%	
GOMF_PHOSPHATIDYLINOSITOL_PHOSPHATE_PHOSPHATASE_ACTIVITY	GOMF_PHOSPHATIDYLINOSITOL_PHOSPHATE_PHOSPHATASE_ACTIVITY		29	-0.2474455	-0.5764591	0.8984064	1.0	1.0	3703	tags=31%, list=15%, signal=36%	
GOMF_NON_MEMBRANE_SPANNING_PROTEIN_TYROSINE_KINASE_ACTIVITY	GOMF_NON_MEMBRANE_SPANNING_PROTEIN_TYROSINE_KINASE_ACTIVITY		45	-0.23331206	-0.57172203	0.9597586	1.0	1.0	1458	tags=16%, list=6%, signal=16%	
REACTOME_INSULIN_RECEPTOR_SIGNALLING_CASCADE	REACTOME_INSULIN_RECEPTOR_SIGNALLING_CASCADE		46	-0.21322715	-0.56732535	0.9609375	1.0	1.0	1197	tags=13%, list=5%, signal=14%	
GOBP_ACTIN_FILAMENT_BASED_TRANSPORT	GOBP_ACTIN_FILAMENT_BASED_TRANSPORT		22	-0.25431094	-0.5648163	0.92115384	1.0	1.0	4179	tags=36%, list=17%, signal=44%	
GOBP_NOSE_DEVELOPMENT	GOBP_NOSE_DEVELOPMENT		15	-0.24519597	-0.55509883	0.95943207	1.0	1.0	18831	tags=100%, list=75%, signal=408%	
GOBP_AXON_ENSHEATHMENT_IN_CENTRAL_NERVOUS_SYSTEM	GOBP_AXON_ENSHEATHMENT_IN_CENTRAL_NERVOUS_SYSTEM		28	-0.20229208	-0.5550421	0.9307692	1.0	1.0	3842	tags=32%, list=15%, signal=38%	
GOBP_EPITHELIAL_CELL_FATE_COMMITMENT	GOBP_EPITHELIAL_CELL_FATE_COMMITMENT		17	-0.25779805	-0.55371314	0.88779527	1.0	1.0	3790	tags=29%, list=15%, signal=35%	
REACTOME_SYNTHESIS_OF_PIPS_AT_THE_PLASMA_MEMBRANE	REACTOME_SYNTHESIS_OF_PIPS_AT_THE_PLASMA_MEMBRANE		50	-0.226184	-0.55368507	0.9604743	1.0	1.0	1745	tags=20%, list=7%, signal=21%	
GOBP_REGULATION_OF_CILIUM_DEPENDENT_CELL_MOTILITY	GOBP_REGULATION_OF_CILIUM_DEPENDENT_CELL_MOTILITY		31	-0.22969812	-0.55287087	0.9296875	1.0	1.0	4886	tags=35%, list=20%, signal=44%	
GOBP_RESPONSE_TO_MUSCLE_ACTIVITY	GOBP_RESPONSE_TO_MUSCLE_ACTIVITY		15	-0.24925053	-0.54523665	0.91386557	1.0	1.0	2618	tags=27%, list=10%, signal=30%	
REACTOME_NOTCH_HLH_TRANSCRIPTION_PATHWAY	REACTOME_NOTCH_HLH_TRANSCRIPTION_PATHWAY		22	-0.25599825	-0.5407009	0.9348659	1.0	1.0	3725	tags=36%, list=15%, signal=43%	
GOMF_TASTE_RECEPTOR_ACTIVITY	GOMF_TASTE_RECEPTOR_ACTIVITY		39	-0.3281464	-0.5403621	0.9101124	1.0	1.0	5044	tags=8%, list=20%, signal=10%	
REACTOME_ANTIGEN_ACTIVATES_B_CELL_RECEPTOR_BCR_LEADING_TO_GENERATION_OF_SECOND_MESSENGERS	REACTOME_ANTIGEN_ACTIVATES_B_CELL_RECEPTOR_BCR_LEADING_TO_GENERATION_OF_SECOND_MESSENGERS		24	-0.22604781	-0.5367091	0.96062994	1.0	1.0	1950	tags=21%, list=8%, signal=23%	
GOBP_PROTEIN_LOCALIZATION_TO_PHAGOPHORE_ASSEMBLY_SITE	GOBP_PROTEIN_LOCALIZATION_TO_PHAGOPHORE_ASSEMBLY_SITE		17	-0.23839518	-0.53458333	0.960861	1.0	1.0	19001	tags=100%, list=76%, signal=420%	
GOBP_INTESTINAL_EPITHELIAL_CELL_DEVELOPMENT	GOBP_INTESTINAL_EPITHELIAL_CELL_DEVELOPMENT		16	-0.25451335	-0.53404367	0.9330784	0.9988744	1.0	18599	tags=100%, list=75%, signal=393%	
MIR_370_3P	MIR_370_3P		77	-0.20280732	-0.5294068	0.9247525	0.9989264	1.0	3583	tags=30%, list=14%, signal=35%	
BIOCARTA_TNFR2_PATHWAY	BIOCARTA_TNFR2_PATHWAY		17	-0.24003375	-0.5291589	0.9348659	0.99701697	1.0	3713	tags=35%, list=15%, signal=41%	
GOMF_PHOSPHATIDYLINOSITOL_MONOPHOSPHATE_PHOSPHATASE_ACTIVITY	GOMF_PHOSPHATIDYLINOSITOL_MONOPHOSPHATE_PHOSPHATASE_ACTIVITY		18	-0.23678187	-0.51085097	0.9599198	1.0	1.0	3024	tags=22%, list=12%, signal=25%	
HOWLIN_CITED1_TARGETS_2_UP	HOWLIN_CITED1_TARGETS_2_UP		18	-0.22231865	-0.49202257	0.9372385	1.0	1.0	5047	tags=50%, list=20%, signal=63%	
GOMF_HISTONE_METHYLTRANSFERASE_ACTIVITY_H3_K4_SPECIFIC	GOMF_HISTONE_METHYLTRANSFERASE_ACTIVITY_H3_K4_SPECIFIC		18	-0.22594288	-0.46029523	0.96070725	1.0	1.0	5360	tags=56%, list=21%, signal=71%	
GOBP_WOUND_HEALING_SPREADING_OF_EPIDERMAL_CELLS	GOBP_WOUND_HEALING_SPREADING_OF_EPIDERMAL_CELLS		20	-0.20338142	-0.45792773	0.9619772	1.0	1.0	4863	tags=45%, list=19%, signal=56%	
GOMF_NADPLUS_NUCLEOSIDASE_ACTIVITY	GOMF_NADPLUS_NUCLEOSIDASE_ACTIVITY		19	-0.22048615	-0.44980398	0.9617591	1.0	1.0	2305	tags=16%, list=9%, signal=17%	
GOMF_PROTEIN_DEMETHYLASE_ACTIVITY	GOMF_PROTEIN_DEMETHYLASE_ACTIVITY		29	-0.1910832	-0.44530934	0.96183205	1.0	1.0	4147	tags=28%, list=17%, signal=33%	
GOBP_MAGNESIUM_ION_HOMEOSTASIS	GOBP_MAGNESIUM_ION_HOMEOSTASIS		15	-0.20077033	-0.44138774	0.96039605	1.0	1.0	4604	tags=33%, list=18%, signal=41%	
GOBP_PROTEIN_DEMETHYLATION	GOBP_PROTEIN_DEMETHYLATION		32	-0.18331802	-0.43448916	0.96153843	1.0	1.0	1969	tags=13%, list=8%, signal=14%	
GOMF_TAU_PROTEIN_KINASE_ACTIVITY	GOMF_TAU_PROTEIN_KINASE_ACTIVITY		21	-0.19654518	-0.42787638	0.9607843	1.0	1.0	2702	tags=14%, list=11%, signal=16%	
GOCC_SERINE_TYPE_PEPTIDASE_COMPLEX	GOCC_SERINE_TYPE_PEPTIDASE_COMPLEX		19	-0.20014924	-0.419657	0.96015936	0.99951804	1.0	3140	tags=21%, list=13%, signal=24%	
REACTOME_PD_1_SIGNALING	REACTOME_PD_1_SIGNALING		16	-0.19543001	-0.36681485	0.96015936	0.999446	1.0	4587	tags=38%, list=18%, signal=46%	
