NAME	SYMBOL	TITLE	RANK IN GENE LIST	RANK METRIC SCORE	RUNNING ES	CORE ENRICHMENT	
row_0	Psma6	proteasome subunit alpha 6 [Source:MGI Symbol;Acc:MGI:1347006]	30	3.197620153427124	0.047386426	Yes	
row_1	Hspe1	heat shock protein 1 (chaperonin 10) [Source:MGI Symbol;Acc:MGI:104680]	43	3.10880184173584	0.09414622	Yes	
row_2	Prdx1	peroxiredoxin 1 [Source:MGI Symbol;Acc:MGI:99523]	66	3.006011724472046	0.1389423	Yes	
row_3	Ndufb5	NADH:ubiquinone oxidoreductase subunit B5 [Source:MGI Symbol;Acc:MGI:1913296]	133	2.8512134552001953	0.17961854	Yes	
row_4	C1qbp	complement component 1, q subcomponent binding protein [Source:MGI Symbol;Acc:MGI:1194505]	148	2.8124730587005615	0.22179493	Yes	
row_5	Cox7a2	cytochrome c oxidase subunit 7A2 [Source:MGI Symbol;Acc:MGI:1316715]	390	2.496382713317871	0.25004932	Yes	
row_6	Atp5c1	ATP synthase, H+ transporting, mitochondrial F1 complex, gamma polypeptide 1 [Source:MGI Symbol;Acc:MGI:1261437]	441	2.4427413940429688	0.28516108	Yes	
row_7	Tbca	tubulin cofactor A [Source:MGI Symbol;Acc:MGI:107549]	451	2.434762477874756	0.32179856	Yes	
row_8	Atp5o	ATP synthase, H+ transporting, mitochondrial F1 complex, O subunit [Source:MGI Symbol;Acc:MGI:106341]	460	2.4277844429016113	0.3583702	Yes	
row_9	Ndufc1	NADH:ubiquinone oxidoreductase subunit C1 [Source:MGI Symbol;Acc:MGI:1913627]	567	2.3149774074554443	0.3892909	Yes	
row_10	Psma4	proteasome subunit alpha 4 [Source:MGI Symbol;Acc:MGI:1347060]	809	2.109053373336792	0.41165936	Yes	
row_11	Ppp1r7	protein phosphatase 1, regulatory subunit 7 [Source:MGI Symbol;Acc:MGI:1913635]	811	2.1083133220672607	0.44365746	Yes	
row_12	Hsd17b4	hydroxysteroid (17-beta) dehydrogenase 4 [Source:MGI Symbol;Acc:MGI:105089]	851	2.0793826580047607	0.47368944	Yes	
row_13	Atpif1	ATPase inhibitory factor 1 [Source:MGI Symbol;Acc:MGI:1196457]	989	1.9860330820083618	0.49836618	Yes	
row_14	Atp5l	ATP synthase, H+ transporting, mitochondrial F0 complex, subunit G [Source:MGI Symbol;Acc:MGI:1351597]	1037	1.9596294164657593	0.526257	Yes	
row_15	Mt1	metallothionein 1 [Source:MGI Symbol;Acc:MGI:97171]	1042	1.9579784870147705	0.5558501	Yes	
row_16	Rpl17	ribosomal protein L17 [Source:MGI Symbol;Acc:MGI:2448270]	1159	1.8841198682785034	0.5798217	Yes	
row_17	Ndufa1	NADH:ubiquinone oxidoreductase subunit A1 [Source:MGI Symbol;Acc:MGI:1929511]	1164	1.8826276063919067	0.6082697	Yes	
row_18	Sod1	superoxide dismutase 1, soluble [Source:MGI Symbol;Acc:MGI:98351]	1207	1.86297607421875	0.63489264	Yes	
row_19	B2m	beta-2 microglobulin [Source:MGI Symbol;Acc:MGI:88127]	1269	1.8336069583892822	0.66030604	Yes	
row_20	Casp6	caspase 6 [Source:MGI Symbol;Acc:MGI:1312921]	1309	1.8114910125732422	0.6862671	Yes	
row_21	Ppa1	pyrophosphatase (inorganic) 1 [Source:MGI Symbol;Acc:MGI:97831]	1354	1.7877758741378784	0.7116669	Yes	
row_22	Anp32b	acidic (leucine-rich) nuclear phosphoprotein 32 family, member B [Source:MGI Symbol;Acc:MGI:1914878]	1481	1.7177051305770874	0.732708	Yes	
row_23	M6pr	mannose-6-phosphate receptor, cation dependent [Source:MGI Symbol;Acc:MGI:96904]	1632	1.6454302072525024	0.75168663	Yes	
row_24	Akr1a1	aldo-keto reductase family 1, member A1 (aldehyde reductase) [Source:MGI Symbol;Acc:MGI:1929955]	1670	1.6307833194732666	0.774982	Yes	
row_25	Ctss	cathepsin S [Source:MGI Symbol;Acc:MGI:107341]	3225	1.1426129341125488	0.7299206	No	
row_26	Tpp1	tripeptidyl peptidase I [Source:MGI Symbol;Acc:MGI:1336194]	5103	0.7975247502326965	0.6666402	No	
row_27	Csf1r	colony stimulating factor 1 receptor [Source:MGI Symbol;Acc:MGI:1339758]	5733	0.7061742544174194	0.6521042	No	
row_28	Hexb	hexosaminidase B [Source:MGI Symbol;Acc:MGI:96074]	5735	0.705967903137207	0.662792	No	
row_29	Thy1	thymus cell antigen 1, theta [Source:MGI Symbol;Acc:MGI:98747]	6007	0.6676217317581177	0.6620512	No	
row_30	Snx2	sorting nexin 2 [Source:MGI Symbol;Acc:MGI:1915054]	6547	0.5964081883430481	0.64946246	No	
row_31	Prep	prolyl endopeptidase [Source:MGI Symbol;Acc:MGI:1270863]	6953	0.5456303358078003	0.641485	No	
row_32	Btg3	BTG anti-proliferation factor 3 [Source:MGI Symbol;Acc:MGI:109532]	6975	0.543406069278717	0.6488991	No	
row_33	Map2k1	mitogen-activated protein kinase kinase 1 [Source:MGI Symbol;Acc:MGI:1346866]	7343	0.5002288818359375	0.64175814	No	
row_34	Pafah1b1	platelet-activating factor acetylhydrolase, isoform 1b, subunit 1 [Source:MGI Symbol;Acc:MGI:109520]	9069	0.3240109980106354	0.57738805	No	
row_35	Actb	actin, beta [Source:MGI Symbol;Acc:MGI:87904]	9071	0.3238690495491028	0.58226943	No	
row_36	Tpd52	tumor protein D52 [Source:MGI Symbol;Acc:MGI:107749]	9435	0.28967806696891785	0.5720896	No	
row_37	Psmd14	proteasome (prosome, macropain) 26S subunit, non-ATPase, 14 [Source:MGI Symbol;Acc:MGI:1913284]	10426	0.19773158431053162	0.53532577	No	
row_38	Hbb-bs	hemoglobin, beta adult s chain [Source:MGI Symbol;Acc:MGI:5474852]	11271	0.12198018282651901	0.50327563	No	
row_39	Hba-a1	hemoglobin alpha, adult chain 1 [Source:MGI Symbol;Acc:MGI:96015]	11962	0.061580125242471695	0.4764939	No	
row_40	Sst	somatostatin [Source:MGI Symbol;Acc:MGI:98326]	14337	0.0	0.38112956	No	
row_41	Septin4	septin 4 [Source:MGI Symbol;Acc:MGI:1270156]	16027	0.0	0.3132819	No	
row_42	Hba-a2	hemoglobin alpha, adult chain 2 [Source:MGI Symbol;Acc:MGI:96016]	21064	-0.22325144708156586	0.11437671	No	
row_43	Itpr1	inositol 1,4,5-trisphosphate receptor 1 [Source:MGI Symbol;Acc:MGI:96623]	22993	-0.48459485173225403	0.04429231	No	
row_44	Rps12	ribosomal protein S12 [Source:MGI Symbol;Acc:MGI:98105]	23036	-0.4949805736541748	0.050126955	No	
row_45	Atp5md	ATP synthase membrane subunit DAPIT [Source:MGI Symbol;Acc:MGI:1891435]	23213	-0.5283228158950806	0.051085453	No	
row_46	Clk1	CDC-like kinase 1 [Source:MGI Symbol;Acc:MGI:107403]	23453	-0.5798861384391785	0.050296787	No	
row_47	Map4	microtubule-associated protein 4 [Source:MGI Symbol;Acc:MGI:97178]	23628	-0.620978832244873	0.052743644	No	
