NAME	SYMBOL	TITLE	RANK IN GENE LIST	RANK METRIC SCORE	RUNNING ES	CORE ENRICHMENT	
row_0	Aplnr	apelin receptor [Source:MGI Symbol;Acc:MGI:1346086]	4905	0.8276264667510986	-0.011428068	No	
row_1	Sycp2	synaptonemal complex protein 2 [Source:MGI Symbol;Acc:MGI:1933281]	12045	0.05363699421286583	-0.2858453	No	
row_2	Myog	myogenin [Source:MGI Symbol;Acc:MGI:97276]	12598	0.006842310074716806	-0.3064601	No	
row_3	Trap1a	tumor rejection antigen P1A [Source:MGI Symbol;Acc:MGI:98818]	12734	0.0023937870282679796	-0.31134042	No	
row_4	Nms	neuromedin S [Source:MGI Symbol;Acc:MGI:3583618]	14125	0.0	-0.36710995	No	
row_5	Ffar3	free fatty acid receptor 3 [Source:MGI Symbol;Acc:MGI:2685324]	14276	0.0	-0.37312824	No	
row_6	Urad	ureidoimidazoline (2-oxo-4-hydroxy-4-carboxy-5) decarboxylase [Source:MGI Symbol;Acc:MGI:3647519]	14713	0.0	-0.39062142	No	
row_7	Mc4r	melanocortin 4 receptor [Source:MGI Symbol;Acc:MGI:99457]	15243	0.0	-0.41184595	No	
row_8	Syna	syncytin a [Source:MGI Symbol;Acc:MGI:2684898]	15742	0.0	-0.43182668	No	
row_9	Sstr5	somatostatin receptor 5 [Source:MGI Symbol;Acc:MGI:894282]	16121	0.0	-0.44699278	No	
row_10	Pramel1	PRAME like 1 [Source:MGI Symbol;Acc:MGI:1890541]	16311	0.0	-0.45457584	No	
row_11	Zdhhc25	zinc finger, DHHC domain containing 25 [Source:MGI Symbol;Acc:MGI:1917323]	18146	0.0	-0.52815956	No	
row_12	Hal	histidine ammonia lyase [Source:MGI Symbol;Acc:MGI:96010]	18966	-0.01284000463783741	-0.55814356	No	
row_13	Sohlh2	spermatogenesis and oogenesis specific basic helix-loop-helix 2 [Source:MGI Symbol;Acc:MGI:1921684]	21615	-0.2878585159778595	-0.5999125	Yes	
row_14	Slc12a3	solute carrier family 12, member 3 [Source:MGI Symbol;Acc:MGI:108114]	23363	-0.5589845180511475	-0.54480535	Yes	
row_15	Abca15	ATP-binding cassette, sub-family A (ABC1), member 15 [Source:MGI Symbol;Acc:MGI:2388709]	23918	-0.6936184167861938	-0.4116776	Yes	
row_16	Slc1a7	solute carrier family 1 (glutamate transporter), member 7 [Source:MGI Symbol;Acc:MGI:2444087]	24059	-0.7363259792327881	-0.25237378	Yes	
row_17	Prph2	peripherin 2 [Source:MGI Symbol;Acc:MGI:102791]	24796	-1.2845957279205322	0.0058177263	Yes	
