NAME	SYMBOL	TITLE	RANK IN GENE LIST	RANK METRIC SCORE	RUNNING ES	CORE ENRICHMENT	
row_0	Psma2	proteasome subunit alpha 2 [Source:MGI Symbol;Acc:MGI:104885]	15	3.3376309871673584	0.029033177	Yes	
row_1	Psmb5	proteasome (prosome, macropain) subunit, beta type 5 [Source:MGI Symbol;Acc:MGI:1194513]	26	3.2155508995056152	0.05718358	Yes	
row_2	Psma6	proteasome subunit alpha 6 [Source:MGI Symbol;Acc:MGI:1347006]	30	3.197620153427124	0.08545653	Yes	
row_3	Psmb6	proteasome (prosome, macropain) subunit, beta type 6 [Source:MGI Symbol;Acc:MGI:104880]	87	2.9348433017730713	0.109262794	Yes	
row_4	Ubb	ubiquitin B [Source:MGI Symbol;Acc:MGI:98888]	101	2.909954309463501	0.13457885	Yes	
row_5	Psmc3	proteasome (prosome, macropain) 26S subunit, ATPase 3 [Source:MGI Symbol;Acc:MGI:1098754]	212	2.726630210876465	0.15436271	Yes	
row_6	Psma5	proteasome subunit alpha 5 [Source:MGI Symbol;Acc:MGI:1347009]	220	2.711615562438965	0.1781591	Yes	
row_7	Psmb1	proteasome (prosome, macropain) subunit, beta type 1 [Source:MGI Symbol;Acc:MGI:104884]	227	2.7046115398406982	0.20193356	Yes	
row_8	Psma7	proteasome subunit alpha 7 [Source:MGI Symbol;Acc:MGI:1347070]	229	2.6969950199127197	0.22584164	Yes	
row_9	Psmd8	proteasome (prosome, macropain) 26S subunit, non-ATPase, 8 [Source:MGI Symbol;Acc:MGI:1888669]	231	2.6958420276641846	0.24973948	Yes	
row_10	Psmb3	proteasome (prosome, macropain) subunit, beta type 3 [Source:MGI Symbol;Acc:MGI:1347014]	233	2.692302703857422	0.27360588	Yes	
row_11	Psmb4	proteasome (prosome, macropain) subunit, beta type 4 [Source:MGI Symbol;Acc:MGI:1098257]	250	2.6772937774658203	0.29673526	Yes	
row_12	Psmb7	proteasome (prosome, macropain) subunit, beta type 7 [Source:MGI Symbol;Acc:MGI:107637]	284	2.63240647315979	0.3187818	Yes	
row_13	Gm11808	predicted gene 11808 [Source:MGI Symbol;Acc:MGI:3649356]	292	2.6179325580596924	0.3417463	Yes	
row_14	Psmc2	proteasome (prosome, macropain) 26S subunit, ATPase 2 [Source:MGI Symbol;Acc:MGI:109555]	313	2.591653347015381	0.36395422	Yes	
row_15	Psmd6	proteasome (prosome, macropain) 26S subunit, non-ATPase, 6 [Source:MGI Symbol;Acc:MGI:1913663]	422	2.4602510929107666	0.38145322	Yes	
row_16	Skp1	S-phase kinase-associated protein 1 [Source:MGI Symbol;Acc:MGI:103575]	489	2.3984556198120117	0.40009406	Yes	
row_17	Uba52	ubiquitin A-52 residue ribosomal protein fusion product 1 [Source:MGI Symbol;Acc:MGI:98887]	514	2.373255968093872	0.4202017	Yes	
row_18	Psmd10	proteasome (prosome, macropain) 26S subunit, non-ATPase, 10 [Source:MGI Symbol;Acc:MGI:1858898]	693	2.2072179317474365	0.43263626	Yes	
row_19	Psma4	proteasome subunit alpha 4 [Source:MGI Symbol;Acc:MGI:1347060]	809	2.109053373336792	0.446735	Yes	
row_20	Psmc6	proteasome (prosome, macropain) 26S subunit, ATPase, 6 [Source:MGI Symbol;Acc:MGI:1914339]	843	2.0851800441741943	0.46392235	Yes	
row_21	Rps27a	ribosomal protein S27A [Source:MGI Symbol;Acc:MGI:1925544]	849	2.0800881385803223	0.4821915	Yes	
row_22	Cd40	CD40 antigen [Source:MGI Symbol;Acc:MGI:88336]	853	2.0787229537963867	0.50052905	Yes	
row_23	Psmc1	protease (prosome, macropain) 26S subunit, ATPase 1 [Source:MGI Symbol;Acc:MGI:106054]	856	2.076237916946411	0.5188848	Yes	
row_24	Psmd13	proteasome (prosome, macropain) 26S subunit, non-ATPase, 13 [Source:MGI Symbol;Acc:MGI:1345192]	925	2.021238088607788	0.5340956	Yes	
row_25	Psmb2	proteasome (prosome, macropain) subunit, beta type 2 [Source:MGI Symbol;Acc:MGI:1347045]	1072	1.934671401977539	0.54539806	Yes	
row_26	Psmc4	proteasome (prosome, macropain) 26S subunit, ATPase, 4 [Source:MGI Symbol;Acc:MGI:1346093]	1119	1.9082787036895752	0.5604913	Yes	
row_27	Eda	ectodysplasin-A [Source:MGI Symbol;Acc:MGI:1195272]	1157	1.884727120399475	0.5757377	Yes	
row_28	Psmc5	protease (prosome, macropain) 26S subunit, ATPase 5 [Source:MGI Symbol;Acc:MGI:105047]	1432	1.7426831722259521	0.58018327	Yes	
row_29	Psmd2	proteasome (prosome, macropain) 26S subunit, non-ATPase, 2 [Source:MGI Symbol;Acc:MGI:1096584]	1523	1.6982592344284058	0.5916406	Yes	
row_30	Psme1	proteasome (prosome, macropain) activator subunit 1 (PA28 alpha) [Source:MGI Symbol;Acc:MGI:1096367]	1610	1.6581841707229614	0.60290307	Yes	
row_31	Psmb10	proteasome (prosome, macropain) subunit, beta type 10 [Source:MGI Symbol;Acc:MGI:1096380]	1638	1.6426371335983276	0.6164023	Yes	
row_32	Psmd7	proteasome (prosome, macropain) 26S subunit, non-ATPase, 7 [Source:MGI Symbol;Acc:MGI:1351511]	1787	1.5759837627410889	0.6244393	Yes	
row_33	Psma1	proteasome subunit alpha 1 [Source:MGI Symbol;Acc:MGI:1347005]	1951	1.5155510902404785	0.6313359	Yes	
row_34	Ubc	ubiquitin C [Source:MGI Symbol;Acc:MGI:98889]	2385	1.3604834079742432	0.6259877	Yes	
row_35	Psmd9	proteasome (prosome, macropain) 26S subunit, non-ATPase, 9 [Source:MGI Symbol;Acc:MGI:1914401]	2512	1.3210643529891968	0.6326467	Yes	
row_36	Ltbr	lymphotoxin B receptor [Source:MGI Symbol;Acc:MGI:104875]	2551	1.3078320026397705	0.6427302	Yes	
row_37	Psmd3	proteasome (prosome, macropain) 26S subunit, non-ATPase, 3 [Source:MGI Symbol;Acc:MGI:98858]	2716	1.2695342302322388	0.647402	Yes	
row_38	Uba3	ubiquitin-like modifier activating enzyme 3 [Source:MGI Symbol;Acc:MGI:1341217]	3061	1.1794170141220093	0.64402837	Yes	
row_39	Ube2m	ubiquitin-conjugating enzyme E2M [Source:MGI Symbol;Acc:MGI:108278]	3117	1.1691011190414429	0.65219575	Yes	
row_40	Psme3	proteaseome (prosome, macropain) activator subunit 3 (PA28 gamma, Ki) [Source:MGI Symbol;Acc:MGI:1096366]	3195	1.149871826171875	0.6593069	Yes	
row_41	Psmd12	proteasome (prosome, macropain) 26S subunit, non-ATPase, 12 [Source:MGI Symbol;Acc:MGI:1914247]	3304	1.123979091644287	0.66494024	Yes	
row_42	Psmd4	proteasome (prosome, macropain) 26S subunit, non-ATPase, 4 [Source:MGI Symbol;Acc:MGI:1201670]	3379	1.1094571352005005	0.67181325	Yes	
row_43	Psma8	proteasome subunit alpha 8 [Source:MGI Symbol;Acc:MGI:1920927]	3615	1.0578862428665161	0.67174786	Yes	
row_44	Tnfsf9	tumor necrosis factor (ligand) superfamily, member 9 [Source:MGI Symbol;Acc:MGI:1101058]	3649	1.0494338274002075	0.67973816	Yes	
row_45	Nfkb2	nuclear factor of kappa light polypeptide gene enhancer in B cells 2, p49/p100 [Source:MGI Symbol;Acc:MGI:1099800]	4140	0.9563528895378113	0.66850716	No	
row_46	Tnfrsf1a	tumor necrosis factor receptor superfamily, member 1a [Source:MGI Symbol;Acc:MGI:1314884]	4457	0.9008051156997681	0.6637866	No	
row_47	Psmd5	proteasome (prosome, macropain) 26S subunit, non-ATPase, 5 [Source:MGI Symbol;Acc:MGI:1914248]	5160	0.7896214723587036	0.6425418	No	
row_48	Psmf1	proteasome (prosome, macropain) inhibitor subunit 1 [Source:MGI Symbol;Acc:MGI:1346072]	6040	0.6621775031089783	0.613041	No	
row_49	Tnfrsf11a	tumor necrosis factor receptor superfamily, member 11a, NFKB activator [Source:MGI Symbol;Acc:MGI:1314891]	6130	0.6517131924629211	0.6152456	No	
row_50	Ltb	lymphotoxin B [Source:MGI Symbol;Acc:MGI:104796]	6399	0.6148114800453186	0.6099176	No	
row_51	Tnfrsf13c	tumor necrosis factor receptor superfamily, member 13c [Source:MGI Symbol;Acc:MGI:1919299]	6994	0.5414952039718628	0.5908167	No	
row_52	Tnfrsf12a	tumor necrosis factor receptor superfamily, member 12a [Source:MGI Symbol;Acc:MGI:1351484]	7859	0.44421204924583435	0.5599841	No	
row_53	Psmb8	proteasome (prosome, macropain) subunit, beta type 8 (large multifunctional peptidase 7) [Source:MGI Symbol;Acc:MGI:1346527]	7910	0.4382493197917938	0.561863	No	
row_54	Birc3	baculoviral IAP repeat-containing 3 [Source:MGI Symbol;Acc:MGI:1197007]	8740	0.35429349541664124	0.53164077	No	
row_55	Tnfrsf13b	tumor necrosis factor receptor superfamily, member 13b [Source:MGI Symbol;Acc:MGI:1889411]	8857	0.3424420654773712	0.5300124	No	
row_56	Tnfrsf1b	tumor necrosis factor receptor superfamily, member 1b [Source:MGI Symbol;Acc:MGI:1314883]	8923	0.3364979922771454	0.53038406	No	
row_57	Psmd1	proteasome (prosome, macropain) 26S subunit, non-ATPase, 1 [Source:MGI Symbol;Acc:MGI:1917497]	9007	0.32842013239860535	0.5299595	No	
row_58	Tnfsf18	tumor necrosis factor (ligand) superfamily, member 18 [Source:MGI Symbol;Acc:MGI:2673064]	9131	0.3164263963699341	0.5278183	No	
row_59	Tnfrsf18	tumor necrosis factor receptor superfamily, member 18 [Source:MGI Symbol;Acc:MGI:894675]	9175	0.3125634491443634	0.52886295	No	
row_60	Cul1	cullin 1 [Source:MGI Symbol;Acc:MGI:1349658]	9439	0.2894957959651947	0.52084756	No	
row_61	Psmd14	proteasome (prosome, macropain) 26S subunit, non-ATPase, 14 [Source:MGI Symbol;Acc:MGI:1913284]	10426	0.19773158431053162	0.48291567	No	
row_62	Psmd11	proteasome (prosome, macropain) 26S subunit, non-ATPase, 11 [Source:MGI Symbol;Acc:MGI:1916327]	10841	0.16113197803497314	0.46768248	No	
row_63	Psma3	proteasome subunit alpha 3 [Source:MGI Symbol;Acc:MGI:104883]	11151	0.13177576661109924	0.456415	No	
row_64	Tnfrsf9	tumor necrosis factor receptor superfamily, member 9 [Source:MGI Symbol;Acc:MGI:1101059]	11204	0.1275486797094345	0.45545453	No	
row_65	Cd27	CD27 antigen [Source:MGI Symbol;Acc:MGI:88326]	11545	0.0971437394618988	0.44263172	No	
row_66	Psme2	proteasome (prosome, macropain) activator subunit 2 (PA28 beta) [Source:MGI Symbol;Acc:MGI:1096365]	11546	0.09700039774179459	0.44349304	No	
row_67	Tnf	tumor necrosis factor [Source:MGI Symbol;Acc:MGI:104798]	11556	0.09607547521591187	0.4439839	No	
row_68	Relb	avian reticuloendotheliosis viral (v-rel) oncogene related B [Source:MGI Symbol;Acc:MGI:103289]	12507	0.014228533953428268	0.40587163	No	
row_69	Tnfrsf8	tumor necrosis factor receptor superfamily, member 8 [Source:MGI Symbol;Acc:MGI:99908]	12592	0.007127873133867979	0.40255383	No	
row_70	Tnfrsf17	tumor necrosis factor receptor superfamily, member 17 [Source:MGI Symbol;Acc:MGI:1343050]	13240	6.079897866584361E-4	0.37651673	No	
row_71	Tnfrsf14	tumor necrosis factor receptor superfamily, member 14 (herpesvirus entry mediator) [Source:MGI Symbol;Acc:MGI:2675303]	13378	3.803517029155046E-4	0.37100568	No	
row_72	Tnfsf13	tumor necrosis factor (ligand) superfamily, member 13 [Source:MGI Symbol;Acc:MGI:1916833]	16789	0.0	0.23374921	No	
row_73	Tnfsf12	tumor necrosis factor (ligand) superfamily, member 12 [Source:MGI Symbol;Acc:MGI:1196259]	16790	0.0	0.23374921	No	
row_74	Psme2b	protease (prosome, macropain) activator subunit 2B [Source:MGI Symbol;Acc:MGI:1341073]	17420	0.0	0.20843121	No	
row_75	Psmb11	proteasome (prosome, macropain) subunit, beta type, 11 [Source:MGI Symbol;Acc:MGI:1921152]	18805	-0.002379030454903841	0.15274473	No	
row_76	Map3k14	mitogen-activated protein kinase kinase kinase 14 [Source:MGI Symbol;Acc:MGI:1858204]	19140	-0.028673788532614708	0.13955545	No	
row_77	Tnfrsf25	tumor necrosis factor receptor superfamily, member 25 [Source:MGI Symbol;Acc:MGI:1934667]	19537	-0.06655565649271011	0.124206975	No	
row_78	Tnfsf8	tumor necrosis factor (ligand) superfamily, member 8 [Source:MGI Symbol;Acc:MGI:88328]	19716	-0.08462483435869217	0.11779371	No	
row_79	Edaradd	EDAR (ectodysplasin-A receptor)-associated death domain [Source:MGI Symbol;Acc:MGI:1931001]	20174	-0.13182476162910461	0.10056948	No	
row_80	Tnfsf11	tumor necrosis factor (ligand) superfamily, member 11 [Source:MGI Symbol;Acc:MGI:1100089]	20455	-0.1612159162759781	0.09073069	No	
row_81	Lta	lymphotoxin A [Source:MGI Symbol;Acc:MGI:104797]	20467	-0.16222737729549408	0.09172845	No	
row_82	Fbxw11	F-box and WD-40 domain protein 11 [Source:MGI Symbol;Acc:MGI:2144023]	20491	-0.1643049567937851	0.092261635	No	
row_83	Tnfrsf11b	tumor necrosis factor receptor superfamily, member 11b (osteoprotegerin) [Source:MGI Symbol;Acc:MGI:109587]	20788	-0.19318252801895142	0.082062684	No	
row_84	Traf2	TNF receptor-associated factor 2 [Source:MGI Symbol;Acc:MGI:101835]	21230	-0.24327018857002258	0.06647207	No	
row_85	Tnfsf14	tumor necrosis factor (ligand) superfamily, member 14 [Source:MGI Symbol;Acc:MGI:1355317]	21241	-0.24538086354732513	0.06824844	No	
row_86	Tnfsf15	tumor necrosis factor (ligand) superfamily, member 15 [Source:MGI Symbol;Acc:MGI:2180140]	21614	-0.2877708375453949	0.05583031	No	
row_87	Traf3	TNF receptor-associated factor 3 [Source:MGI Symbol;Acc:MGI:108041]	21806	-0.3124980330467224	0.05091721	No	
row_88	Cd40lg	CD40 ligand [Source:MGI Symbol;Acc:MGI:88337]	22279	-0.3777625858783722	0.03527305	No	
row_89	Chuk	conserved helix-loop-helix ubiquitous kinase [Source:MGI Symbol;Acc:MGI:99484]	22519	-0.40990638732910156	0.029292839	No	
row_90	Psme4	proteasome (prosome, macropain) activator subunit 4 [Source:MGI Symbol;Acc:MGI:2143994]	23177	-0.5201758146286011	0.0074667917	No	
row_91	Tnfsf4	tumor necrosis factor (ligand) superfamily, member 4 [Source:MGI Symbol;Acc:MGI:104511]	23383	-0.5630207657814026	0.004214721	No	
row_92	Birc2	baculoviral IAP repeat-containing 2 [Source:MGI Symbol;Acc:MGI:1197009]	24137	-0.7607551217079163	-0.019339181	No	
row_93	Tnfrsf4	tumor necrosis factor receptor superfamily, member 4 [Source:MGI Symbol;Acc:MGI:104512]	24233	-0.8021231293678284	-0.016040483	No	
row_94	Tnfsf13b	tumor necrosis factor (ligand) superfamily, member 13b [Source:MGI Symbol;Acc:MGI:1344376]	24235	-0.8023895621299744	-0.008955808	No	
row_95	Cd70	CD70 antigen [Source:MGI Symbol;Acc:MGI:1195273]	24451	-0.896961510181427	-0.009645119	No	
row_96	Edar	ectodysplasin-A receptor [Source:MGI Symbol;Acc:MGI:1343498]	24891	-1.5926719903945923	-0.013173037	No	
row_97	Eda2r	ectodysplasin A2 receptor [Source:MGI Symbol;Acc:MGI:2442860]	24908	-1.7056232690811157	0.001328255	No	
