NAME	SYMBOL	TITLE	RANK IN GENE LIST	RANK METRIC SCORE	RUNNING ES	CORE ENRICHMENT	
row_0	Txn1	thioredoxin 1 [Source:MGI Symbol;Acc:MGI:98874]	70	2.9921271800994873	0.0812998	Yes	
row_1	Guk1	guanylate kinase 1 [Source:MGI Symbol;Acc:MGI:95871]	182	2.766768455505371	0.15461904	Yes	
row_2	Dut	deoxyuridine triphosphatase [Source:MGI Symbol;Acc:MGI:1346051]	332	2.5665574073791504	0.22078505	Yes	
row_3	Nme2	NME/NM23 nucleoside diphosphate kinase 2 [Source:MGI Symbol;Acc:MGI:97356]	440	2.4447107315063477	0.2852117	Yes	
row_4	Rrm2b	ribonucleotide reductase M2 B (TP53 inducible) [Source:MGI Symbol;Acc:MGI:2155865]	456	2.4304392337799072	0.35292992	Yes	
row_5	Rrm2	ribonucleotide reductase M2 [Source:MGI Symbol;Acc:MGI:98181]	581	2.302210807800293	0.41266856	Yes	
row_6	Dtymk	deoxythymidylate kinase [Source:MGI Symbol;Acc:MGI:108396]	684	2.214920997619629	0.47083646	Yes	
row_7	Nme4	NME/NM23 nucleoside diphosphate kinase 4 [Source:MGI Symbol;Acc:MGI:1931148]	1230	1.8532969951629639	0.50105786	Yes	
row_8	Gsr	glutathione reductase [Source:MGI Symbol;Acc:MGI:95804]	1305	1.812654733657837	0.5490418	Yes	
row_9	Cmpk1	cytidine monophosphate (UMP-CMP) kinase 1 [Source:MGI Symbol;Acc:MGI:1913838]	1450	1.735641598701477	0.59205127	Yes	
row_10	Ak1	adenylate kinase 1 [Source:MGI Symbol;Acc:MGI:87977]	1506	1.70685875415802	0.63782394	Yes	
row_11	Ak6	adenylate kinase 6 [Source:MGI Symbol;Acc:MGI:5510732]	1689	1.6236889362335205	0.6761611	Yes	
row_12	Rrm1	ribonucleotide reductase M1 [Source:MGI Symbol;Acc:MGI:98180]	1755	1.5883145332336426	0.7182001	Yes	
row_13	Glrx	glutaredoxin [Source:MGI Symbol;Acc:MGI:2135625]	2529	1.3147152662277222	0.72413033	Yes	
row_14	Tyms	thymidylate synthase [Source:MGI Symbol;Acc:MGI:98878]	3118	1.1688863039016724	0.7333868	Yes	
row_15	Ak2	adenylate kinase 2 [Source:MGI Symbol;Acc:MGI:87978]	3549	1.0725632905960083	0.74627745	Yes	
row_16	Dctd	dCMP deaminase [Source:MGI Symbol;Acc:MGI:2444529]	5870	0.6860286593437195	0.6724416	No	
row_17	Ctps2	cytidine 5'-triphosphate synthase 2 [Source:MGI Symbol;Acc:MGI:1933185]	7201	0.5172064900398254	0.6335968	No	
row_18	Ak4	adenylate kinase 4 [Source:MGI Symbol;Acc:MGI:87979]	7293	0.5060170292854309	0.64416844	No	
row_19	Ctps	cytidine 5'-triphosphate synthase [Source:MGI Symbol;Acc:MGI:1858304]	7363	0.4980877637863159	0.6554003	No	
row_20	Txnrd1	thioredoxin reductase 1 [Source:MGI Symbol;Acc:MGI:1354175]	10742	0.16946998238563538	0.52457774	No	
row_21	Ak9	adenylate kinase 9 [Source:MGI Symbol;Acc:MGI:2685080]	11377	0.1123800054192543	0.50228924	No	
row_22	Nme1	NME/NM23 nucleoside diphosphate kinase 1 [Source:MGI Symbol;Acc:MGI:97355]	13834	0.0	0.4037101	No	
row_23	Nudt13	nudix (nucleoside diphosphate linked moiety X)-type motif 13 [Source:MGI Symbol;Acc:MGI:1914975]	19265	-0.04009360447525978	0.1868874	No	
row_24	Ak5	adenylate kinase 5 [Source:MGI Symbol;Acc:MGI:2677491]	19808	-0.09526625275611877	0.16781053	No	
row_25	Ak8	adenylate kinase 8 [Source:MGI Symbol;Acc:MGI:1916120]	20723	-0.18781551718711853	0.13640387	No	
row_26	Ak7	adenylate kinase 7 [Source:MGI Symbol;Acc:MGI:1926051]	22967	-0.47876298427581787	0.059832316	No	
row_27	Nme3	NME/NM23 nucleoside diphosphate kinase 3 [Source:MGI Symbol;Acc:MGI:1930182]	23899	-0.6887222528457642	0.041823927	No	
