NAME	SYMBOL	TITLE	RANK IN GENE LIST	RANK METRIC SCORE	RUNNING ES	CORE ENRICHMENT	
row_0	Gabbr1	gamma-aminobutyric acid (GABA) B receptor, 1 [Source:MGI Symbol;Acc:MGI:1860139]	9079	0.32313641905784607	-0.3103221	No	
row_1	Grm8	glutamate receptor, metabotropic 8 [Source:MGI Symbol;Acc:MGI:1351345]	10659	0.17566895484924316	-0.34427777	No	
row_2	Grm6	glutamate receptor, metabotropic 6 [Source:MGI Symbol;Acc:MGI:1351343]	12990	9.464882896281779E-4	-0.43765217	No	
row_3	Tas2r119	taste receptor, type 2, member 119 [Source:MGI Symbol;Acc:MGI:2681253]	14406	0.0	-0.49445438	No	
row_4	Tas2r118	taste receptor, type 2, member 118 [Source:MGI Symbol;Acc:MGI:2681247]	14407	0.0	-0.49445438	No	
row_5	Tas2r120	taste receptor, type 2, member 120 [Source:MGI Symbol;Acc:MGI:2681256]	14415	0.0	-0.4947354	No	
row_6	Tas2r121	taste receptor, type 2, member 121 [Source:MGI Symbol;Acc:MGI:2681259]	14417	0.0	-0.49477553	No	
row_7	Tas2r126	taste receptor, type 2, member 126 [Source:MGI Symbol;Acc:MGI:2681273]	14420	0.0	-0.49485582	No	
row_8	Tas2r108	taste receptor, type 2, member 108 [Source:MGI Symbol;Acc:MGI:2681210]	14425	0.0	-0.4950164	No	
row_9	Tas2r107	taste receptor, type 2, member 107 [Source:MGI Symbol;Acc:MGI:2681207]	14426	0.0	-0.4950164	No	
row_10	Tas2r139	taste receptor, type 2, member 139 [Source:MGI Symbol;Acc:MGI:2681308]	14435	0.0	-0.49533755	No	
row_11	Tas2r138	taste receptor, type 2, member 138 [Source:MGI Symbol;Acc:MGI:2681306]	14436	0.0	-0.49533755	No	
row_12	Tas2r131	taste receptor, type 2, member 131 [Source:MGI Symbol;Acc:MGI:2681280]	14437	0.0	-0.49533755	No	
row_13	Tas2r130	taste receptor, type 2, member 130 [Source:MGI Symbol;Acc:MGI:2681278]	14438	0.0	-0.49533755	No	
row_14	Tas2r135	taste receptor, type 2, member 135 [Source:MGI Symbol;Acc:MGI:2681302]	14439	0.0	-0.49533755	No	
row_15	Tas2r137	taste receptor, type 2, member 137 [Source:MGI Symbol;Acc:MGI:3606604]	14441	0.0	-0.49537766	No	
row_16	Tas2r136	taste receptor, type 2, member 136 [Source:MGI Symbol;Acc:MGI:2681304]	14442	0.0	-0.49537766	No	
row_17	Tas2r140	taste receptor, type 2, member 140 [Source:MGI Symbol;Acc:MGI:2681298]	14445	0.0	-0.49545795	No	
row_18	Tas2r144	taste receptor, type 2, member 144 [Source:MGI Symbol;Acc:MGI:2681312]	14446	0.0	-0.49545795	No	
row_19	Tas1r2	taste receptor, type 1, member 2 [Source:MGI Symbol;Acc:MGI:1933546]	15999	0.0	-0.55775976	No	
row_20	Grm2	glutamate receptor, metabotropic 2 [Source:MGI Symbol;Acc:MGI:1351339]	18248	0.0	-0.648001	No	
row_21	Gprc6a	G protein-coupled receptor, family C, group 6, member A [Source:MGI Symbol;Acc:MGI:2429498]	18334	-5.571310175582767E-4	-0.6513198	No	
row_22	Tas1r3	taste receptor, type 1, member 3 [Source:MGI Symbol;Acc:MGI:1933547]	20664	-0.18051312863826752	-0.7145711	Yes	
row_23	Casr	calcium-sensing receptor [Source:MGI Symbol;Acc:MGI:1351351]	21258	-0.24696703255176544	-0.6970012	Yes	
row_24	Grm4	glutamate receptor, metabotropic 4 [Source:MGI Symbol;Acc:MGI:1351341]	22564	-0.41694188117980957	-0.679537	Yes	
row_25	Tas1r1	taste receptor, type 1, member 1 [Source:MGI Symbol;Acc:MGI:1927505]	22607	-0.4231768548488617	-0.6103278	Yes	
row_26	Grm5	glutamate receptor, metabotropic 5 [Source:MGI Symbol;Acc:MGI:1351342]	22669	-0.43227818608283997	-0.54035646	Yes	
row_27	Grm7	glutamate receptor, metabotropic 7 [Source:MGI Symbol;Acc:MGI:1351344]	23635	-0.6217997074127197	-0.47492364	Yes	
row_28	Grm3	glutamate receptor, metabotropic 3 [Source:MGI Symbol;Acc:MGI:1351340]	24156	-0.7677661180496216	-0.3671733	Yes	
row_29	Gabbr2	gamma-aminobutyric acid (GABA) B receptor, 2 [Source:MGI Symbol;Acc:MGI:2386030]	24380	-0.86085045337677	-0.23190603	Yes	
row_30	Grm1	glutamate receptor, metabotropic 1 [Source:MGI Symbol;Acc:MGI:1351338]	24880	-1.5184420347213745	0.0024488247	Yes	
