NAME	SYMBOL	TITLE	RANK IN GENE LIST	RANK METRIC SCORE	RUNNING ES	CORE ENRICHMENT	
row_0	Mgst3	microsomal glutathione S-transferase 3 [Source:MGI Symbol;Acc:MGI:1913697]	288	2.6288936138153076	0.23238103	Yes	
row_1	Acy3	aspartoacylase (aminoacylase) 3 [Source:MGI Symbol;Acc:MGI:1918920]	1251	1.8415378332138062	0.36465836	Yes	
row_2	Ggt5	gamma-glutamyltransferase 5 [Source:MGI Symbol;Acc:MGI:1346063]	1679	1.627562165260315	0.49854764	Yes	
row_3	Akr7a5	aldo-keto reductase family 7, member A5 (aflatoxin aldehyde reductase) [Source:MGI Symbol;Acc:MGI:107796]	2218	1.4207744598388672	0.60879505	Yes	
row_4	Mgst1	microsomal glutathione S-transferase 1 [Source:MGI Symbol;Acc:MGI:1913850]	2330	1.3801401853561401	0.7324055	Yes	
row_5	Dpep2	dipeptidase 2 [Source:MGI Symbol;Acc:MGI:2442042]	6366	0.6195393800735474	0.62798786	No	
row_6	Acy1	aminoacylase 1 [Source:MGI Symbol;Acc:MGI:87913]	9845	0.25168517231941223	0.5117865	No	
row_7	Ggt7	gamma-glutamyltransferase 7 [Source:MGI Symbol;Acc:MGI:1913385]	11396	0.11032569408416748	0.4598297	No	
row_8	Dpep3	dipeptidase 3 [Source:MGI Symbol;Acc:MGI:1919104]	12234	0.03807884082198143	0.42977828	No	
row_9	Cyp2a12	cytochrome P450, family 2, subfamily a, polypeptide 12 [Source:MGI Symbol;Acc:MGI:105055]	13080	8.074065553955734E-4	0.3959474	No	
row_10	Cyp3a41a	cytochrome P450, family 3, subfamily a, polypeptide 41A [Source:MGI Symbol;Acc:MGI:1858451]	13313	4.97765198815614E-4	0.38668457	No	
row_11	Cyp1a2	cytochrome P450, family 1, subfamily a, polypeptide 2 [Source:MGI Symbol;Acc:MGI:88589]	13470	0.0	0.38042504	No	
row_12	Cyp3a11	cytochrome P450, family 3, subfamily a, polypeptide 11 [Source:MGI Symbol;Acc:MGI:88609]	14890	0.0	0.32348737	No	
row_13	Dpep1	dipeptidase 1 [Source:MGI Symbol;Acc:MGI:94917]	16710	0.0	0.25049967	No	
row_14	Cyp3a41b	cytochrome P450, family 3, subfamily a, polypeptide 41B [Source:MGI Symbol;Acc:MGI:3714859]	17925	0.0	0.20178768	No	
row_15	Ggt6	gamma-glutamyltransferase 6 [Source:MGI Symbol;Acc:MGI:1918772]	18463	-7.236561505123973E-4	0.1803076	No	
row_16	Mgst2	microsomal glutathione S-transferase 2 [Source:MGI Symbol;Acc:MGI:2448481]	19586	-0.07197539508342743	0.14196579	No	
row_17	Ggt1	gamma-glutamyltransferase 1 [Source:MGI Symbol;Acc:MGI:95706]	21012	-0.21661065518856049	0.104886875	No	
row_18	Cyp3a16	cytochrome P450, family 3, subfamily a, polypeptide 16 [Source:MGI Symbol;Acc:MGI:106099]	21434	-0.2653430998325348	0.11261556	No	
row_19	Cyp3a44	cytochrome P450, family 3, subfamily a, polypeptide 44 [Source:MGI Symbol;Acc:MGI:2449818]	21739	-0.3024369776248932	0.12848087	No	
