NAME	SYMBOL	TITLE	RANK IN GENE LIST	RANK METRIC SCORE	RUNNING ES	CORE ENRICHMENT	
row_0	Rfc3	replication factor C (activator 1) 3 [Source:MGI Symbol;Acc:MGI:1916513]	67	3.0037307739257812	0.101737715	Yes	
row_1	Ubb	ubiquitin B [Source:MGI Symbol;Acc:MGI:98888]	101	2.909954309463501	0.20157935	Yes	
row_2	Gm11808	predicted gene 11808 [Source:MGI Symbol;Acc:MGI:3649356]	292	2.6179325580596924	0.28496984	Yes	
row_3	Pcna	proliferating cell nuclear antigen [Source:MGI Symbol;Acc:MGI:97503]	499	2.38982892036438	0.3597883	Yes	
row_4	Uba52	ubiquitin A-52 residue ribosomal protein fusion product 1 [Source:MGI Symbol;Acc:MGI:98887]	514	2.373255968093872	0.44173372	Yes	
row_5	Rfc4	replication factor C (activator 1) 4 [Source:MGI Symbol;Acc:MGI:2146571]	673	2.224010705947876	0.51271325	Yes	
row_6	Rps27a	ribosomal protein S27A [Source:MGI Symbol;Acc:MGI:1925544]	849	2.0800881385803223	0.57800716	Yes	
row_7	Rpa3	replication protein A3 [Source:MGI Symbol;Acc:MGI:1915490]	1396	1.763231873512268	0.6174008	Yes	
row_8	Mad2l2	MAD2 mitotic arrest deficient-like 2 [Source:MGI Symbol;Acc:MGI:1919140]	1416	1.7488418817520142	0.67743766	Yes	
row_9	Rpa1	replication protein A1 [Source:MGI Symbol;Acc:MGI:1915525]	1566	1.674730658531189	0.7296823	Yes	
row_10	Rfc5	replication factor C (activator 1) 5 [Source:MGI Symbol;Acc:MGI:1919401]	2031	1.4875855445861816	0.76278293	Yes	
row_11	Ubc	ubiquitin C [Source:MGI Symbol;Acc:MGI:98889]	2385	1.3604834079742432	0.79591817	Yes	
row_12	Rfc1	replication factor C (activator 1) 1 [Source:MGI Symbol;Acc:MGI:97891]	2389	1.3591148853302002	0.8430479	Yes	
row_13	Rfc2	replication factor C (activator 1) 2 [Source:MGI Symbol;Acc:MGI:1341868]	3296	1.1276843547821045	0.8459032	Yes	
row_14	Polk	polymerase (DNA directed), kappa [Source:MGI Symbol;Acc:MGI:1349767]	9169	0.31305986642837524	0.6212001	No	
row_15	Rev3l	REV3 like, DNA directed polymerase zeta catalytic subunit [Source:MGI Symbol;Acc:MGI:1337131]	11227	0.12563301622867584	0.5430402	No	
row_16	Rev1	REV1, DNA directed polymerase [Source:MGI Symbol;Acc:MGI:1929074]	20895	-0.20509588718414307	0.16232689	No	
