NAME	SYMBOL	TITLE	RANK IN GENE LIST	RANK METRIC SCORE	RUNNING ES	CORE ENRICHMENT	
row_0	Idi1	isopentenyl-diphosphate delta isomerase [Source:MGI Symbol;Acc:MGI:2442264]	180	2.768131732940674	0.06490026	Yes	
row_1	Ebp	phenylalkylamine Ca2+ antagonist (emopamil) binding protein [Source:MGI Symbol;Acc:MGI:107822]	496	2.39270281791687	0.114599876	Yes	
row_2	Nsdhl	NAD(P) dependent steroid dehydrogenase-like [Source:MGI Symbol;Acc:MGI:1099438]	500	2.388536214828491	0.176714	Yes	
row_3	Pmvk	phosphomevalonate kinase [Source:MGI Symbol;Acc:MGI:1915853]	505	2.385211706161499	0.23870139	Yes	
row_4	Cyp51	cytochrome P450, family 51 [Source:MGI Symbol;Acc:MGI:106040]	650	2.2350518703460693	0.29115695	Yes	
row_5	Msmo1	methylsterol monoxygenase 1 [Source:MGI Symbol;Acc:MGI:1913484]	722	2.173217535018921	0.34493145	Yes	
row_6	Hsd17b7	hydroxysteroid (17-beta) dehydrogenase 7 [Source:MGI Symbol;Acc:MGI:1330808]	905	2.035602331161499	0.390665	Yes	
row_7	Sqle	squalene epoxidase [Source:MGI Symbol;Acc:MGI:109296]	1023	1.9673714637756348	0.43722972	Yes	
row_8	Hmgcs1	3-hydroxy-3-methylglutaryl-Coenzyme A synthase 1 [Source:MGI Symbol;Acc:MGI:107592]	1044	1.9567393064498901	0.4874108	Yes	
row_9	Dhcr7	7-dehydrocholesterol reductase [Source:MGI Symbol;Acc:MGI:1298378]	1114	1.911061406135559	0.534435	Yes	
row_10	Fdft1	farnesyl diphosphate farnesyl transferase 1 [Source:MGI Symbol;Acc:MGI:102706]	1182	1.875861406326294	0.58062226	Yes	
row_11	Sc5d	sterol-C5-desaturase [Source:MGI Symbol;Acc:MGI:1353611]	1417	1.7487455606460571	0.61679447	Yes	
row_12	Dhcr24	24-dehydrocholesterol reductase [Source:MGI Symbol;Acc:MGI:1922004]	1743	1.5921837091445923	0.64523476	Yes	
row_13	Srebf2	sterol regulatory element binding factor 2 [Source:MGI Symbol;Acc:MGI:107585]	2017	1.4943268299102783	0.6732125	Yes	
row_14	Mvk	mevalonate kinase [Source:MGI Symbol;Acc:MGI:107624]	2108	1.4551777839660645	0.7075155	Yes	
row_15	Acat2	acetyl-Coenzyme A acetyltransferase 2 [Source:MGI Symbol;Acc:MGI:87871]	2710	1.2702018022537231	0.71648824	Yes	
row_16	Plpp6	phospholipid phosphatase 6 [Source:MGI Symbol;Acc:MGI:1921661]	2749	1.2600412368774414	0.74779403	Yes	
row_17	Lbr	lamin B receptor [Source:MGI Symbol;Acc:MGI:2138281]	2820	1.2415915727615356	0.7773347	Yes	
row_18	Mvd	mevalonate (diphospho) decarboxylase [Source:MGI Symbol;Acc:MGI:2179327]	2865	1.2318230867385864	0.8076644	Yes	
row_19	Hmgcr	3-hydroxy-3-methylglutaryl-Coenzyme A reductase [Source:MGI Symbol;Acc:MGI:96159]	3495	1.0853856801986694	0.81069785	Yes	
row_20	Srebf1	sterol regulatory element binding transcription factor 1 [Source:MGI Symbol;Acc:MGI:107606]	5115	0.7960314154624939	0.7664553	No	
row_21	Ggps1	geranylgeranyl diphosphate synthase 1 [Source:MGI Symbol;Acc:MGI:1341724]	6661	0.5803255438804626	0.71956265	No	
row_22	Lss	lanosterol synthase [Source:MGI Symbol;Acc:MGI:1336155]	11428	0.10789968073368073	0.531076	No	
row_23	Arv1	ARV1 homolog, fatty acid homeostasis modulator [Source:MGI Symbol;Acc:MGI:1916115]	11595	0.0926770567893982	0.5268278	No	
row_24	Fdps	farnesyl diphosphate synthetase [Source:MGI Symbol;Acc:MGI:104888]	14580	0.0	0.4070558	No	
row_25	Tm7sf2	transmembrane 7 superfamily member 2 [Source:MGI Symbol;Acc:MGI:1920416]	18898	-0.007216579746454954	0.23396777	No	
row_26	Idi2	isopentenyl-diphosphate delta isomerase 2 [Source:MGI Symbol;Acc:MGI:2444315]	19235	-0.03769601508975029	0.22146356	No	
row_27	Gm9745	predicted gene 9745 [Source:MGI Symbol;Acc:MGI:3704398]	21620	-0.2887802720069885	0.13329871	No	
