NAME	SYMBOL	TITLE	RANK IN GENE LIST	RANK METRIC SCORE	RUNNING ES	CORE ENRICHMENT	
row_0	Gstm5	glutathione S-transferase, mu 5 [Source:MGI Symbol;Acc:MGI:1309466]	5	3.50329852104187	0.005788346	Yes	
row_1	Nop10	NOP10 ribonucleoprotein [Source:MGI Symbol;Acc:MGI:1913431]	22	3.2422244548797607	0.010682181	Yes	
row_2	Prxl2a	peroxiredoxin like 2A [Source:MGI Symbol;Acc:MGI:1917814]	23	3.2393805980682373	0.016222753	Yes	
row_3	Fundc2	FUN14 domain containing 2 [Source:MGI Symbol;Acc:MGI:1914641]	32	3.1913459300994873	0.021355366	Yes	
row_4	Hint1	histidine triad nucleotide binding protein 1 [Source:MGI Symbol;Acc:MGI:1321133]	38	3.133892774581909	0.026511889	Yes	
row_5	Hspe1	heat shock protein 1 (chaperonin 10) [Source:MGI Symbol;Acc:MGI:104680]	43	3.10880184173584	0.03166622	Yes	
row_6	Dbi	diazepam binding inhibitor [Source:MGI Symbol;Acc:MGI:94865]	44	3.101989269256592	0.0369718	Yes	
row_7	Rps3	ribosomal protein S3 [Source:MGI Symbol;Acc:MGI:1350917]	49	3.082003355026245	0.042080294	Yes	
row_8	Acot1	acyl-CoA thioesterase 1 [Source:MGI Symbol;Acc:MGI:1349396]	51	3.074054002761841	0.04729737	Yes	
row_9	Rtraf	RNA transcription, translation and transport factor [Source:MGI Symbol;Acc:MGI:1915295]	54	3.053462028503418	0.052438498	Yes	
row_10	Psmg4	proteasome (prosome, macropain) assembly chaperone 4 [Source:MGI Symbol;Acc:MGI:1916916]	68	3.000555992126465	0.057041164	Yes	
row_11	Txn1	thioredoxin 1 [Source:MGI Symbol;Acc:MGI:98874]	70	2.9921271800994873	0.062118113	Yes	
row_12	H3f3a	H3.3 histone A [Source:MGI Symbol;Acc:MGI:1097686]	71	2.9912099838256836	0.06723422	Yes	
row_13	Rpl14	ribosomal protein L14 [Source:MGI Symbol;Acc:MGI:1914365]	93	2.922318935394287	0.07137727	Yes	
row_14	Eef1d	eukaryotic translation elongation factor 1 delta (guanine nucleotide exchange protein) [Source:MGI Symbol;Acc:MGI:1913906]	94	2.9209654331207275	0.07637323	Yes	
row_15	Gng5	guanine nucleotide binding protein (G protein), gamma 5 [Source:MGI Symbol;Acc:MGI:109164]	95	2.9193453788757324	0.08136642	Yes	
row_16	Anapc13	anaphase promoting complex subunit 13 [Source:MGI Symbol;Acc:MGI:1916260]	105	2.8959009647369385	0.08595298	Yes	
row_17	Atp5g2	ATP synthase, H+ transporting, mitochondrial F0 complex, subunit C2 (subunit 9) [Source:MGI Symbol;Acc:MGI:1915192]	108	2.8890655040740967	0.09081294	Yes	
row_18	Gtf2h5	general transcription factor IIH, polypeptide 5 [Source:MGI Symbol;Acc:MGI:107227]	110	2.8879246711730957	0.095711656	Yes	
row_19	Rpl19	ribosomal protein L19 [Source:MGI Symbol;Acc:MGI:98020]	111	2.8858726024627686	0.10064759	Yes	
row_20	Med28	mediator complex subunit 28 [Source:MGI Symbol;Acc:MGI:1914249]	112	2.8840882778167725	0.10558048	Yes	
row_21	Tomm20	translocase of outer mitochondrial membrane 20 [Source:MGI Symbol;Acc:MGI:1915202]	115	2.882789134979248	0.1104297	Yes	
row_22	Ldha	lactate dehydrogenase A [Source:MGI Symbol;Acc:MGI:96759]	116	2.8821868896484375	0.11535933	Yes	
row_23	Micos13	mitochondrial contact site and cristae organizing system subunit 13 [Source:MGI Symbol;Acc:MGI:2442174]	118	2.8786942958831787	0.12024226	Yes	
row_24	Rps8	ribosomal protein S8 [Source:MGI Symbol;Acc:MGI:98166]	128	2.8616580963134766	0.12477026	Yes	
row_25	Mrpl34	mitochondrial ribosomal protein L34 [Source:MGI Symbol;Acc:MGI:2137227]	130	2.853466749191284	0.12961005	Yes	
row_26	Rpl32	ribosomal protein L32 [Source:MGI Symbol;Acc:MGI:98038]	136	2.8384509086608887	0.13426125	Yes	
row_27	Rpl18	ribosomal protein L18 [Source:MGI Symbol;Acc:MGI:98003]	146	2.813602924346924	0.13870706	Yes	
row_28	C1qbp	complement component 1, q subcomponent binding protein [Source:MGI Symbol;Acc:MGI:1194505]	148	2.8124730587005615	0.14347672	Yes	
row_29	Rps6	ribosomal protein S6 [Source:MGI Symbol;Acc:MGI:98159]	158	2.801931619644165	0.14790256	Yes	
row_30	Mrps12	mitochondrial ribosomal protein S12 [Source:MGI Symbol;Acc:MGI:1346333]	162	2.793504476547241	0.15255834	Yes	
row_31	Hcfc1r1	host cell factor C1 regulator 1 (XPO1-dependent) [Source:MGI Symbol;Acc:MGI:2663619]	167	2.787768602371216	0.15716359	Yes	
row_32	Prdx2	peroxiredoxin 2 [Source:MGI Symbol;Acc:MGI:109486]	173	2.7782485485076904	0.16171183	Yes	
row_33	Eif3f	eukaryotic translation initiation factor 3, subunit F [Source:MGI Symbol;Acc:MGI:1913335]	175	2.777421236038208	0.16642155	Yes	
row_34	Rps27l	ribosomal protein S27-like [Source:MGI Symbol;Acc:MGI:1915191]	176	2.774613618850708	0.1711672	Yes	
row_35	Guk1	guanylate kinase 1 [Source:MGI Symbol;Acc:MGI:95871]	182	2.766768455505371	0.17569579	Yes	
row_36	Gpx4	glutathione peroxidase 4 [Source:MGI Symbol;Acc:MGI:104767]	183	2.766568183898926	0.18042767	Yes	
row_37	Gsta4	glutathione S-transferase, alpha 4 [Source:MGI Symbol;Acc:MGI:1309515]	184	2.7648298740386963	0.18515658	Yes	
row_38	Rps4x	ribosomal protein S4, X-linked [Source:MGI Symbol;Acc:MGI:98158]	185	2.7639007568359375	0.1898839	Yes	
row_39	Rps5	ribosomal protein S5 [Source:MGI Symbol;Acc:MGI:1097682]	189	2.7611117362976074	0.19448428	Yes	
row_40	Eef1a1	eukaryotic translation elongation factor 1 alpha 1 [Source:MGI Symbol;Acc:MGI:1096881]	195	2.7506484985351562	0.1989853	Yes	
row_41	Eif3k	eukaryotic translation initiation factor 3, subunit K [Source:MGI Symbol;Acc:MGI:1921080]	211	2.726971387863159	0.20303859	Yes	
row_42	Rpl4	ribosomal protein L4 [Source:MGI Symbol;Acc:MGI:1915141]	237	2.6895945072174072	0.2066207	Yes	
row_43	Anp32a	acidic (leucine-rich) nuclear phosphoprotein 32 family, member A [Source:MGI Symbol;Acc:MGI:108447]	240	2.6874611377716064	0.21113582	Yes	
row_44	Rpl24	ribosomal protein L24 [Source:MGI Symbol;Acc:MGI:1915443]	241	2.686551332473755	0.21573085	Yes	
row_45	Spcs1	signal peptidase complex subunit 1 homolog (S. cerevisiae) [Source:MGI Symbol;Acc:MGI:1916269]	244	2.683825731277466	0.22023976	Yes	
row_46	Ndufb6	NADH:ubiquinone oxidoreductase subunit B6 [Source:MGI Symbol;Acc:MGI:2684983]	248	2.6786582469940186	0.2246991	Yes	
row_47	H2az1	H2A.Z variant histone 1 [Source:MGI Symbol;Acc:MGI:1888388]	255	2.6711530685424805	0.22902344	Yes	
row_48	Cisd1	CDGSH iron sulfur domain 1 [Source:MGI Symbol;Acc:MGI:1261855]	261	2.6591813564300537	0.23336802	Yes	
row_49	Rpl8	ribosomal protein L8 [Source:MGI Symbol;Acc:MGI:1350927]	265	2.6540653705596924	0.23778531	Yes	
row_50	Rab5if	RAB5 interacting factor [Source:MGI Symbol;Acc:MGI:1914638]	272	2.6458895206451416	0.24206643	Yes	
row_51	Rpl36al	ribosomal protein L36A-like [Source:MGI Symbol;Acc:MGI:1913733]	279	2.641556739807129	0.24634014	Yes	
row_52	Ndufa7	NADH:ubiquinone oxidoreductase subunit A7 [Source:MGI Symbol;Acc:MGI:1913666]	285	2.632049083709717	0.25063834	Yes	
row_53	Rplp0	ribosomal protein, large, P0 [Source:MGI Symbol;Acc:MGI:1927636]	290	2.61911940574646	0.2549551	Yes	
row_54	Swi5	SWI5 recombination repair homolog (yeast) [Source:MGI Symbol;Acc:MGI:1920181]	296	2.615535020828247	0.25922504	Yes	
row_55	Krtcap2	keratinocyte associated protein 2 [Source:MGI Symbol;Acc:MGI:1913309]	303	2.6063408851623535	0.26343852	Yes	
row_56	Cox7a2l	cytochrome c oxidase subunit 7A2 like [Source:MGI Symbol;Acc:MGI:106015]	305	2.6053121089935303	0.2678539	Yes	
row_57	Hmgb1	high mobility group box 1 [Source:MGI Symbol;Acc:MGI:96113]	309	2.5986881256103516	0.27217644	Yes	
row_58	Pfdn5	prefoldin 5 [Source:MGI Symbol;Acc:MGI:1928753]	314	2.591451406478882	0.27644593	Yes	
row_59	Mrfap1	Morf4 family associated protein 1 [Source:MGI Symbol;Acc:MGI:1914818]	315	2.591017007827759	0.28087753	Yes	
row_60	Eif3i	eukaryotic translation initiation factor 3, subunit I [Source:MGI Symbol;Acc:MGI:1860763]	316	2.5887444019317627	0.28530526	Yes	
row_61	Nenf	neuron derived neurotrophic factor [Source:MGI Symbol;Acc:MGI:1913458]	325	2.5761475563049316	0.28938568	Yes	
row_62	Mrpl30	mitochondrial ribosomal protein L30 [Source:MGI Symbol;Acc:MGI:1333820]	329	2.5730276107788086	0.29366434	Yes	
row_63	Txndc17	thioredoxin domain containing 17 [Source:MGI Symbol;Acc:MGI:1289248]	339	2.551888942718506	0.29766253	Yes	
row_64	Rps29	ribosomal protein S29 [Source:MGI Symbol;Acc:MGI:107681]	342	2.5470681190490723	0.30193752	Yes	
row_65	Rpl22l1	ribosomal protein L22 like 1 [Source:MGI Symbol;Acc:MGI:1915278]	352	2.537670850753784	0.30591136	Yes	
row_66	Mrpl33	mitochondrial ribosomal protein L33 [Source:MGI Symbol;Acc:MGI:2137225]	370	2.516677141189575	0.30952352	Yes	
row_67	Rps16	ribosomal protein S16 [Source:MGI Symbol;Acc:MGI:98118]	378	2.5096633434295654	0.31353092	Yes	
row_68	Rps23	ribosomal protein S23 [Source:MGI Symbol;Acc:MGI:1913725]	379	2.5089480876922607	0.3178222	Yes	
row_69	Ndufaf8	NADH:ubiquinone oxidoreductase complex assembly factor 8 [Source:MGI Symbol;Acc:MGI:1913676]	380	2.508936643600464	0.32211342	Yes	
row_70	Rps11	ribosomal protein S11 [Source:MGI Symbol;Acc:MGI:1351329]	408	2.4747188091278076	0.32524654	Yes	
row_71	Rpl18a	ribosomal protein L18A [Source:MGI Symbol;Acc:MGI:1924058]	417	2.4627668857574463	0.32913303	Yes	
row_72	Tmem37	transmembrane protein 37 [Source:MGI Symbol;Acc:MGI:2157899]	418	2.4620816707611084	0.3333441	Yes	
row_73	Rpl7a	ribosomal protein L7A [Source:MGI Symbol;Acc:MGI:1353472]	423	2.4584484100341797	0.3373861	Yes	
row_74	Rps9	ribosomal protein S9 [Source:MGI Symbol;Acc:MGI:1924096]	424	2.458054780960083	0.34159032	Yes	
row_75	Rpl35a	ribosomal protein L35A [Source:MGI Symbol;Acc:MGI:1928894]	432	2.454348087310791	0.3455031	Yes	
row_76	Gabarap	gamma-aminobutyric acid receptor associated protein [Source:MGI Symbol;Acc:MGI:1861742]	445	2.4389760494232178	0.34918597	Yes	
row_77	Ubl5	ubiquitin-like 5 [Source:MGI Symbol;Acc:MGI:1913427]	454	2.432814836502075	0.3530212	Yes	
row_78	Fmc1	formation of mitochondrial complex V assembly factor 1 [Source:MGI Symbol;Acc:MGI:1913367]	462	2.4235308170318604	0.3568813	Yes	
row_79	Rnf7	ring finger protein 7 [Source:MGI Symbol;Acc:MGI:1337096]	480	2.407552480697632	0.3603068	Yes	
row_80	Rpl6	ribosomal protein L6 [Source:MGI Symbol;Acc:MGI:108057]	482	2.405489921569824	0.36438036	Yes	
row_81	Cstb	cystatin B [Source:MGI Symbol;Acc:MGI:109514]	485	2.4014651775360107	0.36840633	Yes	
row_82	Acaa2	acetyl-Coenzyme A acyltransferase 2 (mitochondrial 3-oxoacyl-Coenzyme A thiolase) [Source:MGI Symbol;Acc:MGI:1098623]	507	2.384762763977051	0.37162995	Yes	
row_83	Anapc11	anaphase promoting complex subunit 11 [Source:MGI Symbol;Acc:MGI:1913406]	508	2.380990505218506	0.37570235	Yes	
row_84	Sptssa	serine palmitoyltransferase, small subunit A [Source:MGI Symbol;Acc:MGI:1913399]	510	2.3776516914367676	0.37972832	Yes	
row_85	Uba52	ubiquitin A-52 residue ribosomal protein fusion product 1 [Source:MGI Symbol;Acc:MGI:98887]	514	2.373255968093872	0.38366532	Yes	
row_86	Ndufb9	NADH:ubiquinone oxidoreductase subunit B9 [Source:MGI Symbol;Acc:MGI:1913468]	517	2.3706459999084473	0.38763857	Yes	
row_87	Gatd3a	glutamine amidotransferase like class 1 domain containing 3A [Source:MGI Symbol;Acc:MGI:1351861]	522	2.3650569915771484	0.39152083	Yes	
row_88	Ndufb11	NADH:ubiquinone oxidoreductase subunit B11 [Source:MGI Symbol;Acc:MGI:1349919]	525	2.3629584312438965	0.39548093	Yes	
row_89	Rpl7	ribosomal protein L7 [Source:MGI Symbol;Acc:MGI:98073]	533	2.353642463684082	0.39922148	Yes	
row_90	Sec61g	SEC61, gamma subunit [Source:MGI Symbol;Acc:MGI:1202066]	534	2.352757692337036	0.4032456	Yes	
row_91	Rps25	ribosomal protein S25 [Source:MGI Symbol;Acc:MGI:1922867]	536	2.348893880844116	0.40722236	Yes	
row_92	Sumo2	small ubiquitin-like modifier 2 [Source:MGI Symbol;Acc:MGI:2158813]	544	2.344068765640259	0.41094652	Yes	
row_93	Lamtor2	late endosomal/lysosomal adaptor, MAPK and MTOR activator 2 [Source:MGI Symbol;Acc:MGI:1932697]	551	2.33538818359375	0.41469657	Yes	
row_94	Tst	thiosulfate sulfurtransferase, mitochondrial [Source:MGI Symbol;Acc:MGI:98852]	553	2.332885503768921	0.41864598	Yes	
row_95	Rpl11	ribosomal protein L11 [Source:MGI Symbol;Acc:MGI:1914275]	556	2.329986810684204	0.4225497	Yes	
row_96	Tmem256	transmembrane protein 256 [Source:MGI Symbol;Acc:MGI:1916436]	558	2.3292489051818848	0.42649287	Yes	
row_97	Rpl39	ribosomal protein L39 [Source:MGI Symbol;Acc:MGI:1914498]	559	2.3278610706329346	0.4304744	Yes	
row_98	Rps14	ribosomal protein S14 [Source:MGI Symbol;Acc:MGI:98107]	568	2.314396619796753	0.4341071	Yes	
row_99	Rer1	retention in endoplasmic reticulum sorting receptor 1 [Source:MGI Symbol;Acc:MGI:1915080]	571	2.3094286918640137	0.43797565	Yes	
row_100	Cox8a	cytochrome c oxidase subunit 8A [Source:MGI Symbol;Acc:MGI:105959]	582	2.3016977310180664	0.44150516	Yes	
row_101	Tpt1	tumor protein, translationally-controlled 1 [Source:MGI Symbol;Acc:MGI:104890]	588	2.2967422008514404	0.44522983	Yes	
row_102	Abracl	ABRA C-terminal like [Source:MGI Symbol;Acc:MGI:1920362]	599	2.2890326976776123	0.4487377	Yes	
row_103	Sephs2	selenophosphate synthetase 2 [Source:MGI Symbol;Acc:MGI:108388]	602	2.2868685722351074	0.45256767	Yes	
row_104	Fth1	ferritin heavy polypeptide 1 [Source:MGI Symbol;Acc:MGI:95588]	603	2.2863357067108154	0.45647818	Yes	
row_105	Eef1g	eukaryotic translation elongation factor 1 gamma [Source:MGI Symbol;Acc:MGI:1914410]	608	2.2808613777160645	0.4602164	Yes	
row_106	Hsd17b10	hydroxysteroid (17-beta) dehydrogenase 10 [Source:MGI Symbol;Acc:MGI:1333871]	609	2.278879165649414	0.46411416	Yes	
row_107	Cyb5a	cytochrome b5 type A (microsomal) [Source:MGI Symbol;Acc:MGI:1926952]	612	2.2761528491973877	0.4679258	Yes	
row_108	Rps19	ribosomal protein S19 [Source:MGI Symbol;Acc:MGI:1333780]	614	2.274627923965454	0.47177556	Yes	
row_109	Mrpl52	mitochondrial ribosomal protein L52 [Source:MGI Symbol;Acc:MGI:1916086]	622	2.2628796100616455	0.47536087	Yes	
row_110	Btf3	basic transcription factor 3 [Source:MGI Symbol;Acc:MGI:1202875]	631	2.251398801803589	0.4788858	Yes	
row_111	Rps7	ribosomal protein S7 [Source:MGI Symbol;Acc:MGI:1333818]	643	2.243867874145508	0.4822757	Yes	
row_112	Pgls	6-phosphogluconolactonase [Source:MGI Symbol;Acc:MGI:1913421]	646	2.2413368225097656	0.48602778	Yes	
row_113	Rps15	ribosomal protein S15 [Source:MGI Symbol;Acc:MGI:98117]	664	2.225654363632202	0.48914218	Yes	
row_114	Eif3e	eukaryotic translation initiation factor 3, subunit E [Source:MGI Symbol;Acc:MGI:99257]	668	2.2249953746795654	0.4928256	Yes	
row_115	Ddt	D-dopachrome tautomerase [Source:MGI Symbol;Acc:MGI:1298381]	670	2.224724769592285	0.49659	Yes	
row_116	Rpl15	ribosomal protein L15 [Source:MGI Symbol;Acc:MGI:1913730]	675	2.221076726913452	0.50022596	Yes	
row_117	Rpl27a	ribosomal protein L27A [Source:MGI Symbol;Acc:MGI:1347076]	676	2.220766544342041	0.5040243	Yes	
row_118	Cox5a	cytochrome c oxidase subunit 5A [Source:MGI Symbol;Acc:MGI:88474]	702	2.1918530464172363	0.5067551	Yes	
row_119	Rpl28	ribosomal protein L28 [Source:MGI Symbol;Acc:MGI:101839]	721	2.173325777053833	0.5097393	Yes	
row_120	S100a1	S100 calcium binding protein A1 [Source:MGI Symbol;Acc:MGI:1338917]	751	2.151198148727417	0.5122376	Yes	
row_121	Dpm3	dolichyl-phosphate mannosyltransferase polypeptide 3 [Source:MGI Symbol;Acc:MGI:1915813]	757	2.1467411518096924	0.5157057	Yes	
row_122	Tomm6	translocase of outer mitochondrial membrane 6 [Source:MGI Symbol;Acc:MGI:1913369]	759	2.1458864212036133	0.51933527	Yes	
row_123	Eif1	eukaryotic translation initiation factor 1 [Source:MGI Symbol;Acc:MGI:105125]	775	2.136638641357422	0.52237886	Yes	
row_124	Hint2	histidine triad nucleotide binding protein 2 [Source:MGI Symbol;Acc:MGI:1916167]	786	2.129347562789917	0.5256136	Yes	
row_125	Tmbim4	transmembrane BAX inhibitor motif containing 4 [Source:MGI Symbol;Acc:MGI:1915462]	800	2.119844675064087	0.52870995	Yes	
row_126	Eif3h	eukaryotic translation initiation factor 3, subunit H [Source:MGI Symbol;Acc:MGI:1915385]	802	2.118293285369873	0.5322923	Yes	
row_127	Mrpl23	mitochondrial ribosomal protein L23 [Source:MGI Symbol;Acc:MGI:1196612]	810	2.1088194847106934	0.5356141	Yes	
row_128	Ubxn1	UBX domain protein 1 [Source:MGI Symbol;Acc:MGI:1289301]	818	2.1019039154052734	0.5389241	Yes	
row_129	Tmem147	transmembrane protein 147 [Source:MGI Symbol;Acc:MGI:1915011]	827	2.096066951751709	0.54218334	Yes	
row_130	Echs1	enoyl Coenzyme A hydratase, short chain, 1, mitochondrial [Source:MGI Symbol;Acc:MGI:2136460]	831	2.094217300415039	0.5456431	Yes	
row_131	Gstm1	glutathione S-transferase, mu 1 [Source:MGI Symbol;Acc:MGI:95860]	839	2.088419198989868	0.54893	Yes	
row_132	Rps27a	ribosomal protein S27A [Source:MGI Symbol;Acc:MGI:1925544]	849	2.0800881385803223	0.5521212	Yes	
row_133	Grcc10	gene rich cluster, C10 gene [Source:MGI Symbol;Acc:MGI:1315201]	850	2.0796663761138916	0.55567825	Yes	
row_134	Rpl22	ribosomal protein L22 [Source:MGI Symbol;Acc:MGI:99262]	861	2.0716114044189453	0.5588142	Yes	
row_135	Tmem205	transmembrane protein 205 [Source:MGI Symbol;Acc:MGI:3045495]	892	2.0466885566711426	0.5610931	Yes	
row_136	Aldh2	aldehyde dehydrogenase 2, mitochondrial [Source:MGI Symbol;Acc:MGI:99600]	897	2.041411876678467	0.5644218	Yes	
row_137	Ost4	oligosaccharyltransferase complex subunit 4 (non-catalytic) [Source:MGI Symbol;Acc:MGI:1914945]	910	2.030086040496826	0.5674053	Yes	
row_138	Polr1d	polymerase (RNA) I polypeptide D [Source:MGI Symbol;Acc:MGI:108403]	916	2.027364492416382	0.57066923	Yes	
row_139	H3f3b	H3.3 histone B [Source:MGI Symbol;Acc:MGI:1101768]	938	2.0141589641571045	0.573259	Yes	
row_140	Bola3	bolA-like 3 (E. coli) [Source:MGI Symbol;Acc:MGI:1925903]	945	2.0093517303466797	0.5764514	Yes	
row_141	Rps24	ribosomal protein S24 [Source:MGI Symbol;Acc:MGI:98147]	983	1.9888651371002197	0.5783463	Yes	
row_142	Naa38	N(alpha)-acetyltransferase 38, NatC auxiliary subunit [Source:MGI Symbol;Acc:MGI:1925554]	1006	1.9777112007141113	0.58083296	Yes	
row_143	Gm5617	predicted gene 5617 [Source:MGI Symbol;Acc:MGI:3643566]	1104	1.916418194770813	0.58016044	Yes	
row_144	Selenom	selenoprotein M [Source:MGI Symbol;Acc:MGI:2149786]	1125	1.903201699256897	0.5826012	Yes	
row_145	Rpl29	ribosomal protein L29 [Source:MGI Symbol;Acc:MGI:99687]	1134	1.8977245092391968	0.5855212	Yes	
row_146	H1f0	H1.0 linker histone [Source:MGI Symbol;Acc:MGI:95893]	1137	1.8965023756027222	0.5886835	Yes	
row_147	Rplp1	ribosomal protein, large, P1 [Source:MGI Symbol;Acc:MGI:1927099]	1152	1.8872458934783936	0.59134126	Yes	
row_148	Rpl17	ribosomal protein L17 [Source:MGI Symbol;Acc:MGI:2448270]	1159	1.8841198682785034	0.59431946	Yes	
row_149	Hebp1	heme binding protein 1 [Source:MGI Symbol;Acc:MGI:1333880]	1172	1.8793444633483887	0.5970451	Yes	
row_150	Fam162a	family with sequence similarity 162, member A [Source:MGI Symbol;Acc:MGI:1917436]	1173	1.8793318271636963	0.60025954	Yes	
row_151	Gchfr	GTP cyclohydrolase I feedback regulator [Source:MGI Symbol;Acc:MGI:2443977]	1178	1.8773216009140015	0.60330755	Yes	
row_152	Tmco1	transmembrane and coiled-coil domains 1 [Source:MGI Symbol;Acc:MGI:1921173]	1191	1.8732260465621948	0.6060228	Yes	
row_153	Rps3a1	ribosomal protein S3A1 [Source:MGI Symbol;Acc:MGI:1202063]	1229	1.8534443378448486	0.60768604	Yes	
row_154	Polr2e	polymerase (RNA) II (DNA directed) polypeptide E [Source:MGI Symbol;Acc:MGI:1913670]	1239	1.8466869592666626	0.61047804	Yes	
row_155	Bola2	bolA-like 2 (E. coli) [Source:MGI Symbol;Acc:MGI:1913412]	1252	1.8407787084579468	0.6131378	Yes	
row_156	Rpl37a	ribosomal protein L37a [Source:MGI Symbol;Acc:MGI:98068]	1263	1.8363195657730103	0.61587137	Yes	
row_157	B2m	beta-2 microglobulin [Source:MGI Symbol;Acc:MGI:88127]	1269	1.8336069583892822	0.6188039	Yes	
row_158	Itm2b	integral membrane protein 2B [Source:MGI Symbol;Acc:MGI:1309517]	1276	1.8310365676879883	0.6216913	Yes	
row_159	Ndufa4	Ndufa4, mitochondrial complex associated [Source:MGI Symbol;Acc:MGI:107686]	1278	1.8305232524871826	0.6247815	Yes	
row_160	Rpl10a	ribosomal protein L10A [Source:MGI Symbol;Acc:MGI:1343877]	1280	1.8289415836334229	0.62786895	Yes	
row_161	Mrpl42	mitochondrial ribosomal protein L42 [Source:MGI Symbol;Acc:MGI:1333774]	1289	1.8220635652542114	0.6306596	Yes	
row_162	Rpl23	ribosomal protein L23 [Source:MGI Symbol;Acc:MGI:1929455]	1293	1.8187220096588135	0.6336481	Yes	
row_163	Gsr	glutathione reductase [Source:MGI Symbol;Acc:MGI:95804]	1305	1.812654733657837	0.63630044	Yes	
row_164	Cnn3	calponin 3, acidic [Source:MGI Symbol;Acc:MGI:1919244]	1313	1.810792326927185	0.63911253	Yes	
row_165	Slirp	SRA stem-loop interacting RNA binding protein [Source:MGI Symbol;Acc:MGI:1916394]	1319	1.8101038932800293	0.64200485	Yes	
row_166	Eef1b2	eukaryotic translation elongation factor 1 beta 2 [Source:MGI Symbol;Acc:MGI:1929520]	1324	1.80555260181427	0.6449301	Yes	
row_167	Pnrc1	proline-rich nuclear receptor coactivator 1 [Source:MGI Symbol;Acc:MGI:1917838]	1325	1.8055195808410645	0.64801824	Yes	
row_168	Rps20	ribosomal protein S20 [Source:MGI Symbol;Acc:MGI:1914677]	1334	1.8000637292861938	0.65077126	Yes	
row_169	Cuta	cutA divalent cation tolerance homolog [Source:MGI Symbol;Acc:MGI:1914925]	1336	1.7996639013290405	0.65380865	Yes	
row_170	Fkbp2	FK506 binding protein 2 [Source:MGI Symbol;Acc:MGI:95542]	1373	1.7752716541290283	0.65537894	Yes	
row_171	Rpl31	ribosomal protein L31 [Source:MGI Symbol;Acc:MGI:2149632]	1423	1.7458425760269165	0.65636945	Yes	
row_172	Cd81	CD81 antigen [Source:MGI Symbol;Acc:MGI:1096398]	1433	1.7425698041915894	0.6589834	Yes	
row_173	Hdgf	heparin binding growth factor [Source:MGI Symbol;Acc:MGI:1194494]	1445	1.7376902103424072	0.66150755	Yes	
row_174	Ddrgk1	DDRGK domain containing 1 [Source:MGI Symbol;Acc:MGI:1924256]	1448	1.7365044355392456	0.66439617	Yes	
row_175	Rpl41	ribosomal protein L41 [Source:MGI Symbol;Acc:MGI:1915195]	1457	1.7300082445144653	0.6670293	Yes	
row_176	Ethe1	ethylmalonic encephalopathy 1 [Source:MGI Symbol;Acc:MGI:1913321]	1466	1.7243198156356812	0.66965276	Yes	
row_177	Mpst	mercaptopyruvate sulfurtransferase [Source:MGI Symbol;Acc:MGI:2179733]	1476	1.7187715768814087	0.672226	Yes	
row_178	Commd3	COMM domain containing 3 [Source:MGI Symbol;Acc:MGI:88218]	1487	1.7141512632369995	0.67475057	Yes	
row_179	Mrps24	mitochondrial ribosomal protein S24 [Source:MGI Symbol;Acc:MGI:1928142]	1498	1.7100164890289307	0.67726815	Yes	
row_180	Npm1	nucleophosmin 1 [Source:MGI Symbol;Acc:MGI:106184]	1501	1.7083595991134644	0.6801086	Yes	
row_181	Fau	Finkel-Biskis-Reilly murine sarcoma virus (FBR-MuSV) ubiquitously expressed (fox derived) [Source:MGI Symbol;Acc:MGI:102547]	1524	1.6980072259902954	0.6821169	Yes	
row_182	Tex261	testis expressed gene 261 [Source:MGI Symbol;Acc:MGI:1096575]	1532	1.6932953596115112	0.684728	Yes	
row_183	Rps15a	ribosomal protein S15A [Source:MGI Symbol;Acc:MGI:2389091]	1537	1.6912199258804321	0.68745774	Yes	
row_184	Gstk1	glutathione S-transferase kappa 1 [Source:MGI Symbol;Acc:MGI:1923513]	1544	1.68778657913208	0.69010013	Yes	
row_185	Rpl36a	ribosomal protein L36A [Source:MGI Symbol;Acc:MGI:1201789]	1567	1.6746454238891602	0.69206846	Yes	
row_186	Cfl2	cofilin 2, muscle [Source:MGI Symbol;Acc:MGI:101763]	1580	1.6685771942138672	0.6944337	Yes	
row_187	Mien1	migration and invasion enhancer 1 [Source:MGI Symbol;Acc:MGI:1913678]	1604	1.6605923175811768	0.6963372	Yes	
row_188	Iscu	iron-sulfur cluster assembly enzyme [Source:MGI Symbol;Acc:MGI:1913633]	1683	1.6259596347808838	0.6959417	Yes	
row_189	Oaz1	ornithine decarboxylase antizyme 1 [Source:MGI Symbol;Acc:MGI:109433]	1718	1.6074938774108887	0.6973065	Yes	
row_190	Dhcr24	24-dehydrocholesterol reductase [Source:MGI Symbol;Acc:MGI:1922004]	1743	1.5921837091445923	0.69905233	Yes	
row_191	Hmgn1	high mobility group nucleosomal binding domain 1 [Source:MGI Symbol;Acc:MGI:96120]	1775	1.5806392431259155	0.70049334	Yes	
row_192	Tmem59	transmembrane protein 59 [Source:MGI Symbol;Acc:MGI:1929278]	1790	1.574981927871704	0.70261705	Yes	
row_193	Rpl5	ribosomal protein L5 [Source:MGI Symbol;Acc:MGI:102854]	1818	1.5660237073898315	0.7041959	Yes	
row_194	Ddc	dopa decarboxylase [Source:MGI Symbol;Acc:MGI:94876]	1826	1.5635108947753906	0.70658505	Yes	
row_195	St13	suppression of tumorigenicity 13 [Source:MGI Symbol;Acc:MGI:1917606]	1828	1.5633388757705688	0.70921826	Yes	
row_196	Ppa2	pyrophosphatase (inorganic) 2 [Source:MGI Symbol;Acc:MGI:1922026]	1917	1.5279721021652222	0.70824784	Yes	
row_197	Rpl23a	ribosomal protein L23A [Source:MGI Symbol;Acc:MGI:3040672]	1927	1.524482011795044	0.7104888	Yes	
row_198	Mpc2	mitochondrial pyruvate carrier 2 [Source:MGI Symbol;Acc:MGI:1917706]	1933	1.521268367767334	0.7128871	Yes	
row_199	Jund	jun D proto-oncogene [Source:MGI Symbol;Acc:MGI:96648]	1974	1.507743239402771	0.7138369	Yes	
row_200	S100a11	S100 calcium binding protein A11 [Source:MGI Symbol;Acc:MGI:1338798]	1986	1.5033576488494873	0.71596026	Yes	
row_201	Rpl35	ribosomal protein L35 [Source:MGI Symbol;Acc:MGI:1913739]	2018	1.4942820072174072	0.71725357	Yes	
row_202	Kyat3	kynurenine aminotransferase 3 [Source:MGI Symbol;Acc:MGI:2677849]	2024	1.4925599098205566	0.7196028	Yes	
row_203	Mettl7a1	methyltransferase like 7A1 [Source:MGI Symbol;Acc:MGI:1916523]	2046	1.481628179550171	0.7212817	Yes	
row_204	Slc25a3	solute carrier family 25 (mitochondrial carrier, phosphate carrier), member 3 [Source:MGI Symbol;Acc:MGI:1353498]	2065	1.474069356918335	0.7230699	Yes	
row_205	Cbr1	carbonyl reductase 1 [Source:MGI Symbol;Acc:MGI:88284]	2099	1.4578983783721924	0.72421956	Yes	
row_206	Rpsa	ribosomal protein SA [Source:MGI Symbol;Acc:MGI:105381]	2106	1.4555823802947998	0.7264648	Yes	
row_207	S100a10	S100 calcium binding protein A10 (calpactin) [Source:MGI Symbol;Acc:MGI:1339468]	2109	1.45505952835083	0.72887206	Yes	
row_208	Rps10	ribosomal protein S10 [Source:MGI Symbol;Acc:MGI:1914347]	2115	1.4529087543487549	0.7311534	Yes	
row_209	Rpl13a	ribosomal protein L13A [Source:MGI Symbol;Acc:MGI:1351455]	2120	1.4507142305374146	0.7334718	Yes	
row_210	Csrp2	cysteine and glycine-rich protein 2 [Source:MGI Symbol;Acc:MGI:1202907]	2197	1.4269510507583618	0.73281735	Yes	
row_211	Akr7a5	aldo-keto reductase family 7, member A5 (aflatoxin aldehyde reductase) [Source:MGI Symbol;Acc:MGI:107796]	2218	1.4207744598388672	0.73443294	Yes	
row_212	Cox20	cytochrome c oxidase assembly protein 20 [Source:MGI Symbol;Acc:MGI:1913609]	2288	1.3979244232177734	0.73401386	Yes	
row_213	Rps26	ribosomal protein S26 [Source:MGI Symbol;Acc:MGI:1351628]	2307	1.3899073600769043	0.7356581	Yes	
row_214	Cyp4b1	cytochrome P450, family 4, subfamily b, polypeptide 1 [Source:MGI Symbol;Acc:MGI:103225]	2313	1.3874560594558716	0.73782754	Yes	
row_215	Mgst1	microsomal glutathione S-transferase 1 [Source:MGI Symbol;Acc:MGI:1913850]	2330	1.3801401853561401	0.7395365	Yes	
row_216	Eci1	enoyl-Coenzyme A delta isomerase 1 [Source:MGI Symbol;Acc:MGI:94871]	2339	1.3780181407928467	0.7415677	Yes	
row_217	Rpl36	ribosomal protein L36 [Source:MGI Symbol;Acc:MGI:1860603]	2348	1.373885154724121	0.7435917	Yes	
row_218	Clta	clathrin, light polypeptide (Lca) [Source:MGI Symbol;Acc:MGI:894297]	2349	1.3736860752105713	0.7459412	Yes	
row_219	Ssr4	signal sequence receptor, delta [Source:MGI Symbol;Acc:MGI:1099464]	2390	1.3589074611663818	0.7466365	Yes	
row_220	Gcdh	glutaryl-Coenzyme A dehydrogenase [Source:MGI Symbol;Acc:MGI:104541]	2400	1.3560383319854736	0.7485893	Yes	
row_221	Vkorc1	vitamin K epoxide reductase complex, subunit 1 [Source:MGI Symbol;Acc:MGI:106442]	2408	1.354188084602356	0.7506204	Yes	
row_222	Rack1	receptor for activated C kinase 1 [Source:MGI Symbol;Acc:MGI:101849]	2526	1.315251111984253	0.74810517	Yes	
row_223	Rab2a	RAB2A, member RAS oncogene family [Source:MGI Symbol;Acc:MGI:1928750]	2560	1.3052458763122559	0.7489937	Yes	
row_224	Rpl3	ribosomal protein L3 [Source:MGI Symbol;Acc:MGI:1351605]	2607	1.2923104763031006	0.7493307	Yes	
row_225	Iah1	isoamyl acetate-hydrolyzing esterase 1 homolog [Source:MGI Symbol;Acc:MGI:1914982]	2625	1.2875564098358154	0.7508406	Yes	
row_226	Rps17	ribosomal protein S17 [Source:MGI Symbol;Acc:MGI:1309526]	2661	1.2799997329711914	0.7516045	Yes	
row_227	Ccdc107	coiled-coil domain containing 107 [Source:MGI Symbol;Acc:MGI:1913423]	2688	1.2752983570098877	0.7527269	Yes	
row_228	Lyplal1	lysophospholipase-like 1 [Source:MGI Symbol;Acc:MGI:2385115]	2690	1.274800181388855	0.7548666	Yes	
row_229	Gpx1	glutathione peroxidase 1 [Source:MGI Symbol;Acc:MGI:104887]	2768	1.2548232078552246	0.753877	Yes	
row_230	Ccnd1	cyclin D1 [Source:MGI Symbol;Acc:MGI:88313]	2793	1.2474942207336426	0.75503325	Yes	
row_231	H2bc4	H2B clustered histone 4 [Source:MGI Symbol;Acc:MGI:1915274]	2821	1.2415306568145752	0.7560572	Yes	
row_232	Rpl10	ribosomal protein L10 [Source:MGI Symbol;Acc:MGI:105943]	2856	1.2338430881500244	0.7567829	Yes	
row_233	Laptm4b	lysosomal-associated protein transmembrane 4B [Source:MGI Symbol;Acc:MGI:1890494]	2909	1.2218588590621948	0.75675505	Yes	
row_234	Rpl9	ribosomal protein L9 [Source:MGI Symbol;Acc:MGI:1298373]	3010	1.1939568519592285	0.7547247	Yes	
row_235	Bax	BCL2-associated X protein [Source:MGI Symbol;Acc:MGI:99702]	3032	1.1862397193908691	0.75589836	Yes	
row_236	Atraid	all-trans retinoic acid induced differentiation factor [Source:MGI Symbol;Acc:MGI:1918918]	3059	1.1799638271331787	0.7568577	Yes	
row_237	Gemin7	gem nuclear organelle associated protein 7 [Source:MGI Symbol;Acc:MGI:1916981]	3129	1.1655067205429077	0.7560411	Yes	
row_238	Rpl37	ribosomal protein L37 [Source:MGI Symbol;Acc:MGI:1914531]	3146	1.160775899887085	0.7573749	Yes	
row_239	Ifi27	interferon, alpha-inducible protein 27 [Source:MGI Symbol;Acc:MGI:1277180]	3179	1.1519895792007446	0.75804204	Yes	
row_240	Krcc1	lysine-rich coiled-coil 1 [Source:MGI Symbol;Acc:MGI:1889377]	3336	1.1188204288482666	0.75360256	No	
row_241	Rps28	ribosomal protein S28 [Source:MGI Symbol;Acc:MGI:1859516]	3398	1.104539394378662	0.75300753	No	
row_242	Gas6	growth arrest specific 6 [Source:MGI Symbol;Acc:MGI:95660]	3459	1.0920027494430542	0.75243175	No	
row_243	Dnajc19	DnaJ heat shock protein family (Hsp40) member C19 [Source:MGI Symbol;Acc:MGI:1914963]	3461	1.0916764736175537	0.7542582	No	
row_244	Zfp36l1	zinc finger protein 36, C3H type-like 1 [Source:MGI Symbol;Acc:MGI:107946]	3524	1.0776481628417969	0.75357646	No	
row_245	Cela1	chymotrypsin-like elastase family, member 1 [Source:MGI Symbol;Acc:MGI:95314]	3545	1.0733667612075806	0.75459784	No	
row_246	Ncoa7	nuclear receptor coactivator 7 [Source:MGI Symbol;Acc:MGI:2444847]	3554	1.071292519569397	0.75610435	No	
row_247	Gstz1	glutathione transferase zeta 1 (maleylacetoacetate isomerase) [Source:MGI Symbol;Acc:MGI:1341859]	3610	1.0589451789855957	0.7556757	No	
row_248	Bphl	biphenyl hydrolase-like (serine hydrolase, breast epithelial mucin-associated antigen) [Source:MGI Symbol;Acc:MGI:1915271]	3627	1.0560295581817627	0.7568303	No	
row_249	Ftl1	ferritin light polypeptide 1 [Source:MGI Symbol;Acc:MGI:95589]	3695	1.040156602859497	0.7558808	No	
row_250	Fbp2	fructose bisphosphatase 2 [Source:MGI Symbol;Acc:MGI:95491]	3713	1.0375360250473022	0.7569631	No	
row_251	Aldh7a1	aldehyde dehydrogenase family 7, member A1 [Source:MGI Symbol;Acc:MGI:108186]	3777	1.0258787870407104	0.75615203	No	
row_252	Car4	carbonic anhydrase 4 [Source:MGI Symbol;Acc:MGI:1096574]	3929	0.9987156987190247	0.7517108	No	
row_253	Id2	inhibitor of DNA binding 2 [Source:MGI Symbol;Acc:MGI:96397]	3933	0.997410237789154	0.7532945	No	
row_254	Cox7b	cytochrome c oxidase subunit 7B [Source:MGI Symbol;Acc:MGI:1913392]	3988	0.9860404133796692	0.75278187	No	
row_255	Abat	4-aminobutyrate aminotransferase [Source:MGI Symbol;Acc:MGI:2443582]	4095	0.9643009305000305	0.7501144	No	
row_256	Rpl38	ribosomal protein L38 [Source:MGI Symbol;Acc:MGI:1914921]	4132	0.9573643207550049	0.75028574	No	
row_257	Dhrs4	dehydrogenase/reductase (SDR family) member 4 [Source:MGI Symbol;Acc:MGI:90169]	4141	0.9561265110969543	0.75159526	No	
row_258	Sri	sorcin [Source:MGI Symbol;Acc:MGI:98419]	4159	0.9522092342376709	0.7525316	No	
row_259	Rab14	RAB14, member RAS oncogene family [Source:MGI Symbol;Acc:MGI:1915615]	4193	0.9464410543441772	0.7528064	No	
row_260	Scd1	stearoyl-Coenzyme A desaturase 1 [Source:MGI Symbol;Acc:MGI:98239]	4257	0.9347180128097534	0.75183946	No	
row_261	Dnajc12	DnaJ heat shock protein family (Hsp40) member C12 [Source:MGI Symbol;Acc:MGI:1353428]	4332	0.9216216802597046	0.75040215	No	
row_262	Jtb	jumping translocation breakpoint [Source:MGI Symbol;Acc:MGI:1346082]	4365	0.9146917462348938	0.75066346	No	
row_263	Apoe	apolipoprotein E [Source:MGI Symbol;Acc:MGI:88057]	4665	0.8667453527450562	0.73996913	No	
row_264	Tmem19	transmembrane protein 19 [Source:MGI Symbol;Acc:MGI:1914476]	4699	0.8617798089981079	0.7400992	No	
row_265	Immp1l	IMP1 inner mitochondrial membrane peptidase-like (S. cerevisiae) [Source:MGI Symbol;Acc:MGI:1913791]	4715	0.8583797216415405	0.7409565	No	
row_266	Camk2n1	calcium/calmodulin-dependent protein kinase II inhibitor 1 [Source:MGI Symbol;Acc:MGI:1913509]	4751	0.8521943688392639	0.7409887	No	
row_267	Sumo1	small ubiquitin-like modifier 1 [Source:MGI Symbol;Acc:MGI:1197010]	4917	0.8251442313194275	0.7356804	No	
row_268	Mpc1	mitochondrial pyruvate carrier 1 [Source:MGI Symbol;Acc:MGI:1915240]	4965	0.8185901641845703	0.73516643	No	
row_269	Hnrnpa3	heterogeneous nuclear ribonucleoprotein A3 [Source:MGI Symbol;Acc:MGI:1917171]	5078	0.8007686138153076	0.73197484	No	
row_270	Cmbl	carboxymethylenebutenolidase-like (Pseudomonas) [Source:MGI Symbol;Acc:MGI:1916824]	5307	0.7676460146903992	0.72400254	No	
row_271	Igfbp7	insulin-like growth factor binding protein 7 [Source:MGI Symbol;Acc:MGI:1352480]	5314	0.7660992741584778	0.7250685	No	
row_272	Naca	nascent polypeptide-associated complex alpha polypeptide [Source:MGI Symbol;Acc:MGI:106095]	5370	0.7588046789169312	0.72412646	No	
row_273	Ube2r2	ubiquitin-conjugating enzyme E2R 2 [Source:MGI Symbol;Acc:MGI:1914865]	5451	0.7455745935440063	0.7221437	No	
row_274	Aqp1	aquaporin 1 [Source:MGI Symbol;Acc:MGI:103201]	5652	0.7180887460708618	0.71522695	No	
row_275	Acsl1	acyl-CoA synthetase long-chain family member 1 [Source:MGI Symbol;Acc:MGI:102797]	5653	0.71800297498703	0.716455	No	
row_276	Nqo1	NAD(P)H dehydrogenase, quinone 1 [Source:MGI Symbol;Acc:MGI:103187]	5788	0.6986376643180847	0.7121928	No	
row_277	Sgk1	serum/glucocorticoid regulated kinase 1 [Source:MGI Symbol;Acc:MGI:1340062]	5838	0.6901305913925171	0.7113777	No	
row_278	Rida	reactive intermediate imine deaminase A homolog [Source:MGI Symbol;Acc:MGI:1095401]	5849	0.6889338493347168	0.7121487	No	
row_279	Npnt	nephronectin [Source:MGI Symbol;Acc:MGI:2148811]	5861	0.6865954995155334	0.7128751	No	
row_280	Mgll	monoglyceride lipase [Source:MGI Symbol;Acc:MGI:1346042]	6082	0.6557804942131042	0.70503724	No	
row_281	Tmem252	transmembrane protein 252 [Source:MGI Symbol;Acc:MGI:3583948]	6183	0.645300567150116	0.7020685	No	
row_282	Napsa	napsin A aspartic peptidase [Source:MGI Symbol;Acc:MGI:109365]	6561	0.594621479511261	0.6877322	No	
row_283	Bnip3	BCL2/adenovirus E1B interacting protein 3 [Source:MGI Symbol;Acc:MGI:109326]	6562	0.5935645699501038	0.68874747	No	
row_284	Tmem254	transmembrane protein 254 [Source:MGI Symbol;Acc:MGI:1196450]	6590	0.5906513333320618	0.6886581	No	
row_285	Ascc1	activating signal cointegrator 1 complex subunit 1 [Source:MGI Symbol;Acc:MGI:1916340]	6645	0.5827793478965759	0.6874557	No	
row_286	Hibadh	3-hydroxyisobutyrate dehydrogenase [Source:MGI Symbol;Acc:MGI:1889802]	6662	0.5800815224647522	0.6877963	No	
row_287	H1f2	H1.2 linker histone, cluster member [Source:MGI Symbol;Acc:MGI:1931526]	6746	0.5691654086112976	0.68538964	No	
row_288	Ube2d3	ubiquitin-conjugating enzyme E2D 3 [Source:MGI Symbol;Acc:MGI:1913355]	6792	0.5648658871650696	0.68452317	No	
row_289	Cda	cytidine deaminase [Source:MGI Symbol;Acc:MGI:1919519]	6902	0.5518383979797363	0.68102795	No	
row_290	Retsat	retinol saturase (all trans retinol 13,14 reductase) [Source:MGI Symbol;Acc:MGI:1914692]	7113	0.527648389339447	0.6733782	No	
row_291	Cryz	crystallin, zeta [Source:MGI Symbol;Acc:MGI:88527]	7176	0.519775390625	0.6717423	No	
row_292	Klf6	Kruppel-like factor 6 [Source:MGI Symbol;Acc:MGI:1346318]	7241	0.5122899413108826	0.6700121	No	
row_293	Cd302	CD302 antigen [Source:MGI Symbol;Acc:MGI:1913455]	7302	0.5052784085273743	0.66843283	No	
row_294	Spsb4	splA/ryanodine receptor domain and SOCS box containing 4 [Source:MGI Symbol;Acc:MGI:2183445]	7316	0.503239631652832	0.6687641	No	
row_295	Ccng1	cyclin G1 [Source:MGI Symbol;Acc:MGI:102890]	7442	0.4880644679069519	0.6645083	No	
row_296	Spns3	spinster homolog 3 [Source:MGI Symbol;Acc:MGI:1924827]	7602	0.46951380372047424	0.65883607	No	
row_297	Sat1	spermidine/spermine N1-acetyl transferase 1 [Source:MGI Symbol;Acc:MGI:98233]	7763	0.45355457067489624	0.65309584	No	
row_298	Rps2	ribosomal protein S2 [Source:MGI Symbol;Acc:MGI:105110]	7878	0.44150981307029724	0.64920837	No	
row_299	Rplp2	ribosomal protein, large P2 [Source:MGI Symbol;Acc:MGI:1914436]	7964	0.4331340193748474	0.6464876	No	
row_300	Rps18	ribosomal protein S18 [Source:MGI Symbol;Acc:MGI:98146]	7978	0.43216177821159363	0.6466973	No	
row_301	Apom	apolipoprotein M [Source:MGI Symbol;Acc:MGI:1930124]	8068	0.42204517126083374	0.64379466	No	
row_302	Srrm2	serine/arginine repetitive matrix 2 [Source:MGI Symbol;Acc:MGI:1923206]	8152	0.4139409363269806	0.64112246	No	
row_303	Gsta3	glutathione S-transferase, alpha 3 [Source:MGI Symbol;Acc:MGI:95856]	8201	0.4082811176776886	0.639866	No	
row_304	Mocs2	molybdenum cofactor synthesis 2 [Source:MGI Symbol;Acc:MGI:1336894]	8433	0.384310781955719	0.63111585	No	
row_305	Gabarapl1	gamma-aminobutyric acid (GABA) A receptor-associated protein-like 1 [Source:MGI Symbol;Acc:MGI:1914980]	8488	0.3788853585720062	0.62956476	No	
row_306	Ggact	gamma-glutamylamine cyclotransferase [Source:MGI Symbol;Acc:MGI:2385008]	8542	0.3719284236431122	0.62804246	No	
row_307	Pxmp2	peroxisomal membrane protein 2 [Source:MGI Symbol;Acc:MGI:107487]	8627	0.36452752351760864	0.6252451	No	
row_308	Gstt1	glutathione S-transferase, theta 1 [Source:MGI Symbol;Acc:MGI:107379]	8737	0.3545627295970917	0.6214125	No	
row_309	Rdh16f2	RDH16 family member 2 [Source:MGI Symbol;Acc:MGI:3583955]	8836	0.3445579707622528	0.61801076	No	
row_310	Slc15a2	solute carrier family 15 (H+/peptide transporter), member 2 [Source:MGI Symbol;Acc:MGI:1890457]	8968	0.3322884142398834	0.6132442	No	
row_311	Pts	6-pyruvoyl-tetrahydropterin synthase [Source:MGI Symbol;Acc:MGI:1338783]	9137	0.31611862778663635	0.6069431	No	
row_312	Jun	jun proto-oncogene [Source:MGI Symbol;Acc:MGI:96646]	9327	0.29950615763664246	0.5997583	No	
row_313	Ass1	argininosuccinate synthetase 1 [Source:MGI Symbol;Acc:MGI:88090]	9572	0.2776908874511719	0.5902964	No	
row_314	Rpl21	ribosomal protein L21 [Source:MGI Symbol;Acc:MGI:1278340]	9656	0.27034828066825867	0.5873786	No	
row_315	Rbm3	RNA binding motif (RNP1, RRM) protein 3 [Source:MGI Symbol;Acc:MGI:1099460]	9792	0.2558757960796356	0.5823184	No	
row_316	Pecr	peroxisomal trans-2-enoyl-CoA reductase [Source:MGI Symbol;Acc:MGI:2148199]	9888	0.24773530662059784	0.5788733	No	
row_317	Dstn	destrin [Source:MGI Symbol;Acc:MGI:1929270]	10041	0.2340082973241806	0.57308334	No	
row_318	Gsta5	glutathione S-transferase alpha 5 [Source:MGI Symbol;Acc:MGI:3704339]	10090	0.22962813079357147	0.5715213	No	
row_319	Iyd	iodotyrosine deiodinase [Source:MGI Symbol;Acc:MGI:1917587]	10156	0.22367489337921143	0.5692567	No	
row_320	Nuak2	NUAK family, SNF1-like kinase, 2 [Source:MGI Symbol;Acc:MGI:1921387]	10187	0.22140246629714966	0.5684137	No	
row_321	Cfb	complement factor B [Source:MGI Symbol;Acc:MGI:105975]	10450	0.19620797038078308	0.5580793	No	
row_322	Cd74	CD74 antigen (invariant polypeptide of major histocompatibility complex, class II antigen-associated) [Source:MGI Symbol;Acc:MGI:96534]	10481	0.19359447062015533	0.5571887	No	
row_323	Rps13	ribosomal protein S13 [Source:MGI Symbol;Acc:MGI:1915302]	11022	0.1431053727865219	0.535442	No	
row_324	Srsf3	serine and arginine-rich splicing factor 3 [Source:MGI Symbol;Acc:MGI:98285]	11254	0.1231568455696106	0.52624524	No	
row_325	Btg2	BTG anti-proliferation factor 2 [Source:MGI Symbol;Acc:MGI:108384]	11406	0.10981586575508118	0.5202836	No	
row_326	Cubn	cubilin (intrinsic factor-cobalamin receptor) [Source:MGI Symbol;Acc:MGI:1931256]	11466	0.10391543060541153	0.51805854	No	
row_327	Acaa1b	acetyl-Coenzyme A acyltransferase 1B [Source:MGI Symbol;Acc:MGI:3605455]	11711	0.08255580812692642	0.5082629	No	
row_328	Dhrs3	dehydrogenase/reductase (SDR family) member 3 [Source:MGI Symbol;Acc:MGI:1315215]	12048	0.05345156416296959	0.49467072	No	
row_329	Slc6a6	solute carrier family 6 (neurotransmitter transporter, taurine), member 6 [Source:MGI Symbol;Acc:MGI:98488]	12126	0.04690556973218918	0.49161515	No	
row_330	Npl	N-acetylneuraminate pyruvate lyase [Source:MGI Symbol;Acc:MGI:1921341]	12164	0.044074058532714844	0.49018368	No	
row_331	Guca2b	guanylate cyclase activator 2b (retina) [Source:MGI Symbol;Acc:MGI:1270851]	12233	0.038493044674396515	0.48748025	No	
row_332	Spink1	serine peptidase inhibitor, Kazal type 1 [Source:MGI Symbol;Acc:MGI:106202]	12299	0.03241370990872383	0.48488855	No	
row_333	Rnaset2b	ribonuclease T2B [Source:MGI Symbol;Acc:MGI:3702087]	12511	0.01358660589903593	0.47631884	No	
row_334	Chchd7	coiled-coil-helix-coiled-coil-helix domain containing 7 [Source:MGI Symbol;Acc:MGI:1913683]	12599	0.006823231466114521	0.47278744	No	
row_335	Tcea3	transcription elongation factor A (SII), 3 [Source:MGI Symbol;Acc:MGI:1196908]	12667	0.0037371681537479162	0.47006527	No	
row_336	Rpl12	ribosomal protein L12 [Source:MGI Symbol;Acc:MGI:98002]	12781	0.0018944662297144532	0.4654666	No	
row_337	Hsd3b4	hydroxy-delta-5-steroid dehydrogenase, 3 beta- and steroid delta-isomerase 4 [Source:MGI Symbol;Acc:MGI:96236]	12886	0.0013386415084823966	0.4612335	No	
row_338	Cyp2a4	cytochrome P450, family 2, subfamily a, polypeptide 4 [Source:MGI Symbol;Acc:MGI:88596]	13535	0.0	0.43484375	No	
row_339	Rpl13	ribosomal protein L13 [Source:MGI Symbol;Acc:MGI:105922]	13556	0.0	0.43402925	No	
row_340	Nme1	NME/NM23 nucleoside diphosphate kinase 1 [Source:MGI Symbol;Acc:MGI:97355]	13834	0.0	0.42274848	No	
row_341	Hpd	4-hydroxyphenylpyruvic acid dioxygenase [Source:MGI Symbol;Acc:MGI:96213]	13849	0.0	0.42217833	No	
row_342	Cox4i1	cytochrome c oxidase subunit 4I1 [Source:MGI Symbol;Acc:MGI:88473]	14355	0.0	0.40161225	No	
row_343	Sult1c2	sulfotransferase family, cytosolic, 1C, member 2 [Source:MGI Symbol;Acc:MGI:1916333]	14545	0.0	0.39391524	No	
row_344	2310039H08Rik	RIKEN cDNA 2310039H08 gene [Source:MGI Symbol;Acc:MGI:1914351]	15781	0.0	0.34361997	No	
row_345	Slc22a13	solute carrier family 22 (organic cation transporter), member 13 [Source:MGI Symbol;Acc:MGI:2143107]	17388	0.0	0.2782158	No	
row_346	Slc22a12	solute carrier family 22 (organic anion/cation transporter), member 12 [Source:MGI Symbol;Acc:MGI:1195269]	17389	0.0	0.2782158	No	
row_347	Cyp2d12	cytochrome P450, family 2, subfamily d, polypeptide 12 [Source:MGI Symbol;Acc:MGI:88604]	17499	0.0	0.27377677	No	
row_348	Slc22a8	solute carrier family 22 (organic anion transporter), member 8 [Source:MGI Symbol;Acc:MGI:1336187]	17654	0.0	0.26750514	No	
row_349	Defb29	defensin beta 29 [Source:MGI Symbol;Acc:MGI:1922650]	17781	0.0	0.2623738	No	
row_350	Akr1c21	aldo-keto reductase family 1, member C21 [Source:MGI Symbol;Acc:MGI:1924587]	17918	0.0	0.25683522	No	
row_351	Cyp4a14	cytochrome P450, family 4, subfamily a, polypeptide 14 [Source:MGI Symbol;Acc:MGI:1096550]	18066	0.0	0.25084865	No	
row_352	Cyp24a1	cytochrome P450, family 24, subfamily a, polypeptide 1 [Source:MGI Symbol;Acc:MGI:88593]	18314	-5.19695517141372E-4	0.24079049	No	
row_353	Wfdc2	WAP four-disulfide core domain 2 [Source:MGI Symbol;Acc:MGI:1914951]	19139	-0.028575696051120758	0.20728205	No	
row_354	BC004004	cDNA sequence BC004004 [Source:MGI Symbol;Acc:MGI:2136782]	19234	-0.03759855404496193	0.20351821	No	
row_355	ccdc198	coiled-coil domain containing 198 [Source:MGI Symbol;Acc:MGI:1914332]	19512	-0.06337205320596695	0.1923458	No	
row_356	Hao2	hydroxyacid oxidase 2 [Source:MGI Symbol;Acc:MGI:96012]	19602	-0.07294807583093643	0.18884605	No	
row_357	Ccn1	cellular communication network factor 1 [Source:MGI Symbol;Acc:MGI:88613]	20196	-0.13391464948654175	0.16492523	No	
row_358	Gc	vitamin D binding protein [Source:MGI Symbol;Acc:MGI:95669]	20365	-0.15264835953712463	0.15834454	No	
row_359	Slc51b	solute carrier family 51, beta subunit [Source:MGI Symbol;Acc:MGI:3582052]	20925	-0.20757927000522614	0.13593435	No	
row_360	Aldh9a1	aldehyde dehydrogenase 9, subfamily A1 [Source:MGI Symbol;Acc:MGI:1861622]	21042	-0.22041858732700348	0.13158727	No	
row_361	Tstd1	thiosulfate sulfurtransferase (rhodanese)-like domain containing 1 [Source:MGI Symbol;Acc:MGI:3648482]	21250	-0.24595265090465546	0.123577885	No	
row_362	Rps21	ribosomal protein S21 [Source:MGI Symbol;Acc:MGI:1913731]	21507	-0.27526533603668213	0.11362312	No	
row_363	Rps27	ribosomal protein S27 [Source:MGI Symbol;Acc:MGI:1888676]	21834	-0.31571298837661743	0.100886784	No	
row_364	Cyp4a10	cytochrome P450, family 4, subfamily a, polypeptide 10 [Source:MGI Symbol;Acc:MGI:88611]	22031	-0.3424789309501648	0.093490474	No	
row_365	Gsta2	glutathione S-transferase, alpha 2 (Yc2) [Source:MGI Symbol;Acc:MGI:95863]	22147	-0.3580898940563202	0.08941958	No	
row_366	Actg1	actin, gamma, cytoplasmic 1 [Source:MGI Symbol;Acc:MGI:87906]	22350	-0.38626131415367126	0.08185381	No	
row_367	Scp2	sterol carrier protein 2, liver [Source:MGI Symbol;Acc:MGI:98254]	22405	-0.39329206943511963	0.08032734	No	
row_368	Calml4	calmodulin-like 4 [Source:MGI Symbol;Acc:MGI:1922850]	22779	-0.44912248849868774	0.06590512	No	
row_369	Cpn1	carboxypeptidase N, polypeptide 1 [Source:MGI Symbol;Acc:MGI:2135874]	22854	-0.45997416973114014	0.063678205	No	
row_370	Srsf5	serine and arginine-rich splicing factor 5 [Source:MGI Symbol;Acc:MGI:98287]	22942	-0.47588014602661133	0.060949076	No	
row_371	Rps12	ribosomal protein S12 [Source:MGI Symbol;Acc:MGI:98105]	23036	-0.4949805736541748	0.058008265	No	
row_372	Slc13a1	solute carrier family 13 (sodium/sulfate symporters), member 1 [Source:MGI Symbol;Acc:MGI:1859937]	23092	-0.5064621567726135	0.05663464	No	
row_373	Adk	adenosine kinase [Source:MGI Symbol;Acc:MGI:87930]	23106	-0.5085801482200623	0.05697508	No	
row_374	Slc22a29	solute carrier family 22. member 29 [Source:MGI Symbol;Acc:MGI:3605624]	23166	-0.518779993057251	0.055459622	No	
row_375	Rpl27	ribosomal protein L27 [Source:MGI Symbol;Acc:MGI:98036]	23206	-0.5263305902481079	0.054771576	No	
row_376	Ddx5	DEAD box helicase 5 [Source:MGI Symbol;Acc:MGI:105037]	23493	-0.5903158783912659	0.044133916	No	
row_377	Mettl7b	methyltransferase like 7B [Source:MGI Symbol;Acc:MGI:1918914]	23614	-0.6179365515708923	0.040303834	No	
row_378	Bhmt	betaine-homocysteine methyltransferase [Source:MGI Symbol;Acc:MGI:1339972]	23982	-0.7141356468200684	0.026579238	No	
row_379	Tmigd1	transmembrane and immunoglobulin domain containing 1 [Source:MGI Symbol;Acc:MGI:1913851]	24039	-0.7311884164810181	0.025549253	No	
row_380	Prlr	prolactin receptor [Source:MGI Symbol;Acc:MGI:97763]	24163	-0.7704123854637146	0.021857789	No	
row_381	Mfsd4b1	major facilitator superfamily domain containing 4B1 [Source:MGI Symbol;Acc:MGI:2143575]	24168	-0.7734171152114868	0.023017727	No	
row_382	Ghr	growth hormone receptor [Source:MGI Symbol;Acc:MGI:95708]	24393	-0.8638463020324707	0.015372853	No	
row_383	Slc38a3	solute carrier family 38, member 3 [Source:MGI Symbol;Acc:MGI:1923507]	24409	-0.8740001916885376	0.016256852	No	
row_384	Apob	apolipoprotein B [Source:MGI Symbol;Acc:MGI:88052]	24596	-0.9988497495651245	0.010390432	No	
row_385	Cyp2c23	cytochrome P450, family 2, subfamily c, polypeptide 23 [Source:MGI Symbol;Acc:MGI:1888897]	24635	-1.031909465789795	0.010607842	No	
row_386	Mfsd4b5	major facilitator superfamily domain containing 4B5 [Source:MGI Symbol;Acc:MGI:2446139]	24656	-1.0603599548339844	0.011606962	No	
