NAME	SYMBOL	TITLE	RANK IN GENE LIST	RANK METRIC SCORE	RUNNING ES	CORE ENRICHMENT	
row_0	Gsta4	glutathione S-transferase, alpha 4 [Source:MGI Symbol;Acc:MGI:1309515]	184	2.7648298740386963	0.21004829	Yes	
row_1	Insig1	insulin induced gene 1 [Source:MGI Symbol;Acc:MGI:1916289]	275	2.643444061279297	0.41432163	Yes	
row_2	Sc5d	sterol-C5-desaturase [Source:MGI Symbol;Acc:MGI:1353611]	1417	1.7487455606460571	0.5060716	Yes	
row_3	Tmem50b	transmembrane protein 50B [Source:MGI Symbol;Acc:MGI:1925225]	3047	1.1833816766738892	0.5337835	Yes	
row_4	Idh1	isocitrate dehydrogenase 1 (NADP+), soluble [Source:MGI Symbol;Acc:MGI:96413]	3181	1.1518769264221191	0.61903304	Yes	
row_5	Hmgcr	3-hydroxy-3-methylglutaryl-Coenzyme A reductase [Source:MGI Symbol;Acc:MGI:96159]	3495	1.0853856801986694	0.6918325	Yes	
row_6	Bnip3	BCL2/adenovirus E1B interacting protein 3 [Source:MGI Symbol;Acc:MGI:109326]	6562	0.5935645699501038	0.615512	No	
row_7	Lss	lanosterol synthase [Source:MGI Symbol;Acc:MGI:1336155]	11428	0.10789968073368073	0.42882752	No	
row_8	Tfrc	transferrin receptor [Source:MGI Symbol;Acc:MGI:98822]	12043	0.053699832409620285	0.40841863	No	
row_9	Gfod2	glucose-fructose oxidoreductase domain containing 2 [Source:MGI Symbol;Acc:MGI:1917825]	12674	0.0036145441699773073	0.38342908	No	
row_10	Dclk3	doublecortin-like kinase 3 [Source:MGI Symbol;Acc:MGI:3039580]	19522	-0.06407931447029114	0.11378628	No	
row_11	Plcd3	phospholipase C, delta 3 [Source:MGI Symbol;Acc:MGI:107451]	19563	-0.06933405995368958	0.11763412	No	
row_12	Fmr1nb	Fmr1 neighbor [Source:MGI Symbol;Acc:MGI:2672032]	21187	-0.2374056726694107	0.07119389	No	
row_13	Erbb3	erb-b2 receptor tyrosine kinase 3 [Source:MGI Symbol;Acc:MGI:95411]	22152	-0.358486145734787	0.06071278	No	
row_14	Actl6b	actin-like 6B [Source:MGI Symbol;Acc:MGI:1933548]	23752	-0.6502164602279663	0.047699347	No	
