NAME	SYMBOL	TITLE	RANK IN GENE LIST	RANK METRIC SCORE	RUNNING ES	CORE ENRICHMENT	
row_0	Ppia	peptidylprolyl isomerase A [Source:MGI Symbol;Acc:MGI:97749]	14	3.3418498039245605	0.08451968	Yes	
row_1	Fundc2	FUN14 domain containing 2 [Source:MGI Symbol;Acc:MGI:1914641]	32	3.1913459300994873	0.16508722	Yes	
row_2	Anp32e	acidic (leucine-rich) nuclear phosphoprotein 32 family, member E [Source:MGI Symbol;Acc:MGI:1913721]	246	2.6796791553497314	0.22476223	Yes	
row_3	Med21	mediator complex subunit 21 [Source:MGI Symbol;Acc:MGI:1347064]	298	2.6102468967437744	0.28917086	Yes	
row_4	Rpl22l1	ribosomal protein L22 like 1 [Source:MGI Symbol;Acc:MGI:1915278]	352	2.537670850753784	0.35165146	Yes	
row_5	Tomm7	translocase of outer mitochondrial membrane 7 [Source:MGI Symbol;Acc:MGI:1913419]	358	2.527020215988159	0.41578725	Yes	
row_6	Uqcr10	ubiquinol-cytochrome c reductase, complex III subunit X [Source:MGI Symbol;Acc:MGI:1913402]	374	2.5141260623931885	0.47919345	Yes	
row_7	Sem1	SEM1, 26S proteasome complex subunit [Source:MGI Symbol;Acc:MGI:109238]	399	2.4880969524383545	0.5415758	Yes	
row_8	Ebp	phenylalkylamine Ca2+ antagonist (emopamil) binding protein [Source:MGI Symbol;Acc:MGI:107822]	496	2.39270281791687	0.5986399	Yes	
row_9	Fem1a	fem 1 homolog a [Source:MGI Symbol;Acc:MGI:1335089]	834	2.0919387340545654	0.6383751	Yes	
row_10	Tk1	thymidine kinase 1 [Source:MGI Symbol;Acc:MGI:98763]	996	1.9830527305603027	0.68240124	Yes	
row_11	Rpl17	ribosomal protein L17 [Source:MGI Symbol;Acc:MGI:2448270]	1159	1.8841198682785034	0.7238685	Yes	
row_12	Pttg1	pituitary tumor-transforming gene 1 [Source:MGI Symbol;Acc:MGI:1353578]	1301	1.814082145690918	0.7643954	Yes	
row_13	Rps15a	ribosomal protein S15A [Source:MGI Symbol;Acc:MGI:2389091]	1537	1.6912199258804321	0.7980219	Yes	
row_14	Msx2	msh homeobox 2 [Source:MGI Symbol;Acc:MGI:97169]	2981	1.1993052959442139	0.77064556	No	
row_15	Ctsz	cathepsin Z [Source:MGI Symbol;Acc:MGI:1891190]	3081	1.1760377883911133	0.79661375	No	
row_16	Retreg1	reticulophagy regulator 1 [Source:MGI Symbol;Acc:MGI:1913520]	5146	0.7908576130867004	0.7339169	No	
row_17	Krt7	keratin 7 [Source:MGI Symbol;Acc:MGI:96704]	7382	0.4957752227783203	0.6568448	No	
row_18	Myh4	myosin, heavy polypeptide 4, skeletal muscle [Source:MGI Symbol;Acc:MGI:1339713]	13263	5.775396130047739E-4	0.4208855	No	
row_19	Wfdc2	WAP four-disulfide core domain 2 [Source:MGI Symbol;Acc:MGI:1914951]	19139	-0.028575696051120758	0.1858397	No	
row_20	Spp1	secreted phosphoprotein 1 [Source:MGI Symbol;Acc:MGI:98389]	19600	-0.07272491604089737	0.16923068	No	
row_21	Cth	cystathionase (cystathionine gamma-lyase) [Source:MGI Symbol;Acc:MGI:1339968]	20659	-0.18034760653972626	0.13136296	No	
row_22	Crabp2	cellular retinoic acid binding protein II [Source:MGI Symbol;Acc:MGI:88491]	23043	-0.49650272727012634	0.048369944	No	
row_23	Atp1a2	ATPase, Na+/K+ transporting, alpha 2 polypeptide [Source:MGI Symbol;Acc:MGI:88106]	24683	-1.0903477668762207	0.010353808	No	
