NAME	SYMBOL	TITLE	RANK IN GENE LIST	RANK METRIC SCORE	RUNNING ES	CORE ENRICHMENT	
row_0	Acsl3	acyl-CoA synthetase long-chain family member 3 [Source:MGI Symbol;Acc:MGI:1921455]	18	3.2781949043273926	0.049210567	Yes	
row_1	Acot1	acyl-CoA thioesterase 1 [Source:MGI Symbol;Acc:MGI:1349396]	51	3.074054002761841	0.09474917	Yes	
row_2	Idi1	isopentenyl-diphosphate delta isomerase [Source:MGI Symbol;Acc:MGI:2442264]	180	2.768131732940674	0.13177097	Yes	
row_3	Scd2	stearoyl-Coenzyme A desaturase 2 [Source:MGI Symbol;Acc:MGI:98240]	388	2.502661943435669	0.16157514	Yes	
row_4	Ebp	phenylalkylamine Ca2+ antagonist (emopamil) binding protein [Source:MGI Symbol;Acc:MGI:107822]	496	2.39270281791687	0.19372207	Yes	
row_5	Nsdhl	NAD(P) dependent steroid dehydrogenase-like [Source:MGI Symbol;Acc:MGI:1099438]	500	2.388536214828491	0.22998394	Yes	
row_6	Pmvk	phosphomevalonate kinase [Source:MGI Symbol;Acc:MGI:1915853]	505	2.385211706161499	0.26615497	Yes	
row_7	Cyp51	cytochrome P450, family 51 [Source:MGI Symbol;Acc:MGI:106040]	650	2.2350518703460693	0.29441404	Yes	
row_8	Msmo1	methylsterol monoxygenase 1 [Source:MGI Symbol;Acc:MGI:1913484]	722	2.173217535018921	0.32466412	Yes	
row_9	Acot2	acyl-CoA thioesterase 2 [Source:MGI Symbol;Acc:MGI:2159605]	731	2.1674399375915527	0.35735732	Yes	
row_10	Fads2	fatty acid desaturase 2 [Source:MGI Symbol;Acc:MGI:1930079]	866	2.0686416625976562	0.38348338	Yes	
row_11	Hsd17b7	hydroxysteroid (17-beta) dehydrogenase 7 [Source:MGI Symbol;Acc:MGI:1330808]	905	2.035602331161499	0.41296312	Yes	
row_12	Sqle	squalene epoxidase [Source:MGI Symbol;Acc:MGI:109296]	1023	1.9673714637756348	0.43822962	Yes	
row_13	Hmgcs1	3-hydroxy-3-methylglutaryl-Coenzyme A synthase 1 [Source:MGI Symbol;Acc:MGI:107592]	1044	1.9567393064498901	0.4672313	Yes	
row_14	Fads1	fatty acid desaturase 1 [Source:MGI Symbol;Acc:MGI:1923517]	1079	1.931593418121338	0.4952875	Yes	
row_15	Dhcr7	7-dehydrocholesterol reductase [Source:MGI Symbol;Acc:MGI:1298378]	1114	1.911061406135559	0.52303094	Yes	
row_16	Fdft1	farnesyl diphosphate farnesyl transferase 1 [Source:MGI Symbol;Acc:MGI:102706]	1182	1.875861406326294	0.5489124	Yes	
row_17	Hmgcs2	3-hydroxy-3-methylglutaryl-Coenzyme A synthase 2 [Source:MGI Symbol;Acc:MGI:101939]	1265	1.8340387344360352	0.5735541	Yes	
row_18	Acat1	acetyl-Coenzyme A acetyltransferase 1 [Source:MGI Symbol;Acc:MGI:87870]	1410	1.7527416944503784	0.59446657	Yes	
row_19	Sc5d	sterol-C5-desaturase [Source:MGI Symbol;Acc:MGI:1353611]	1417	1.7487455606460571	0.62086254	Yes	
row_20	Dhcr24	24-dehydrocholesterol reductase [Source:MGI Symbol;Acc:MGI:1922004]	1743	1.5921837091445923	0.63205737	Yes	
row_21	Srebf2	sterol regulatory element binding factor 2 [Source:MGI Symbol;Acc:MGI:107585]	2017	1.4943268299102783	0.64385086	Yes	
row_22	Mvk	mevalonate kinase [Source:MGI Symbol;Acc:MGI:107624]	2108	1.4551777839660645	0.6624003	Yes	
row_23	Cyp46a1	cytochrome P450, family 46, subfamily a, polypeptide 1 [Source:MGI Symbol;Acc:MGI:1341877]	2300	1.3916141986846924	0.67592376	Yes	
row_24	Fasn	fatty acid synthase [Source:MGI Symbol;Acc:MGI:95485]	2419	1.3509855270385742	0.6917612	Yes	
row_25	Acat2	acetyl-Coenzyme A acetyltransferase 2 [Source:MGI Symbol;Acc:MGI:87871]	2710	1.2702018022537231	0.69945776	Yes	
row_26	Lbr	lamin B receptor [Source:MGI Symbol;Acc:MGI:2138281]	2820	1.2415915727615356	0.7139905	Yes	
row_27	Mvd	mevalonate (diphospho) decarboxylase [Source:MGI Symbol;Acc:MGI:2179327]	2865	1.2318230867385864	0.730986	Yes	
row_28	Soat1	sterol O-acyltransferase 1 [Source:MGI Symbol;Acc:MGI:104665]	3217	1.1447380781173706	0.7343207	Yes	
row_29	Elovl5	ELOVL family member 5, elongation of long chain fatty acids (yeast) [Source:MGI Symbol;Acc:MGI:1916051]	3345	1.1171237230300903	0.74623436	Yes	
row_30	Hmgcr	3-hydroxy-3-methylglutaryl-Coenzyme A reductase [Source:MGI Symbol;Acc:MGI:96159]	3495	1.0853856801986694	0.75678074	Yes	
row_31	Scd1	stearoyl-Coenzyme A desaturase 1 [Source:MGI Symbol;Acc:MGI:98239]	4257	0.9347180128097534	0.7404439	No	
row_32	Srebf1	sterol regulatory element binding transcription factor 1 [Source:MGI Symbol;Acc:MGI:107606]	5115	0.7960314154624939	0.7181376	No	
row_33	Acsl1	acyl-CoA synthetase long-chain family member 1 [Source:MGI Symbol;Acc:MGI:102797]	5653	0.71800297498703	0.7074994	No	
row_34	Nr1h2	nuclear receptor subfamily 1, group H, member 2 [Source:MGI Symbol;Acc:MGI:1352463]	6147	0.649808943271637	0.6975902	No	
row_35	Ggps1	geranylgeranyl diphosphate synthase 1 [Source:MGI Symbol;Acc:MGI:1341724]	6661	0.5803255438804626	0.68581903	No	
row_36	Abcg1	ATP binding cassette subfamily G member 1 [Source:MGI Symbol;Acc:MGI:107704]	6854	0.5579318404197693	0.68660355	No	
row_37	Mylip	myosin regulatory light chain interacting protein [Source:MGI Symbol;Acc:MGI:2388271]	7467	0.484908789396286	0.6694015	No	
row_38	Acsl4	acyl-CoA synthetase long-chain family member 4 [Source:MGI Symbol;Acc:MGI:1354713]	7663	0.46305376291275024	0.66862035	No	
row_39	Abca1	ATP-binding cassette, sub-family A (ABC1), member 1 [Source:MGI Symbol;Acc:MGI:99607]	8308	0.39564570784568787	0.648773	No	
row_40	Ch25h	cholesterol 25-hydroxylase [Source:MGI Symbol;Acc:MGI:1333869]	10583	0.1827109158039093	0.5601941	No	
row_41	Lss	lanosterol synthase [Source:MGI Symbol;Acc:MGI:1336155]	11428	0.10789968073368073	0.5279284	No	
row_42	Elovl2	elongation of very long chain fatty acids (FEN1/Elo2, SUR4/Elo3, yeast)-like 2 [Source:MGI Symbol;Acc:MGI:1858960]	12347	0.02786414697766304	0.49147058	No	
row_43	Cyp7a1	cytochrome P450, family 7, subfamily a, polypeptide 1 [Source:MGI Symbol;Acc:MGI:106091]	13099	7.795901037752628E-4	0.4613097	No	
row_44	Fdps	farnesyl diphosphate synthetase [Source:MGI Symbol;Acc:MGI:104888]	14580	0.0	0.40184805	No	
row_45	Elovl3	elongation of very long chain fatty acids (FEN1/Elo2, SUR4/Elo3, yeast)-like 3 [Source:MGI Symbol;Acc:MGI:1195976]	18082	0.0	0.26118916	No	
row_46	Elovl4	elongation of very long chain fatty acids (FEN1/Elo2, SUR4/Elo3, yeast)-like 4 [Source:MGI Symbol;Acc:MGI:1933331]	18679	-0.0013150278246030211	0.23726383	No	
row_47	Tm7sf2	transmembrane 7 superfamily member 2 [Source:MGI Symbol;Acc:MGI:1920416]	18898	-0.007216579746454954	0.22861521	No	
row_48	Cyp27a1	cytochrome P450, family 27, subfamily a, polypeptide 1 [Source:MGI Symbol;Acc:MGI:88594]	19152	-0.029796959832310677	0.21890435	No	
row_49	Idi2	isopentenyl-diphosphate delta isomerase 2 [Source:MGI Symbol;Acc:MGI:2444315]	19235	-0.03769601508975029	0.21618405	No	
row_50	Soat2	sterol O-acyltransferase 2 [Source:MGI Symbol;Acc:MGI:1332226]	21457	-0.2680487036705017	0.13103436	No	
row_51	Nr1h3	nuclear receptor subfamily 1, group H, member 3 [Source:MGI Symbol;Acc:MGI:1352462]	23474	-0.5843643546104431	0.058939062	No	
