NAME	SYMBOL	TITLE	RANK IN GENE LIST	RANK METRIC SCORE	RUNNING ES	CORE ENRICHMENT	
row_0	Cyp4f18	cytochrome P450, family 4, subfamily f, polypeptide 18 [Source:MGI Symbol;Acc:MGI:1919304]	6267	0.6339597105979919	-0.1660535	No	
row_1	Ephx2	epoxide hydrolase 2, cytoplasmic [Source:MGI Symbol;Acc:MGI:99500]	7951	0.43401116132736206	-0.17512827	No	
row_2	Cyp2c37	cytochrome P450, family 2. subfamily c, polypeptide 37 [Source:MGI Symbol;Acc:MGI:1306806]	17567	0.0	-0.56087005	No	
row_3	Cyp2c40	cytochrome P450, family 2, subfamily c, polypeptide 40 [Source:MGI Symbol;Acc:MGI:1306815]	18328	-5.426753778010607E-4	-0.5912872	No	
row_4	Cyp4f14	cytochrome P450, family 4, subfamily f, polypeptide 14 [Source:MGI Symbol;Acc:MGI:1927669]	18462	-7.234255317598581E-4	-0.5965256	No	
row_5	Cyp4a12a	cytochrome P450, family 4, subfamily a, polypeptide 12a [Source:MGI Symbol;Acc:MGI:88612]	18872	-0.005493391305208206	-0.6121944	No	
row_6	Cyp2c38	cytochrome P450, family 2, subfamily c, polypeptide 38 [Source:MGI Symbol;Acc:MGI:1306819]	21886	-0.32200393080711365	-0.6897103	Yes	
row_7	Cyp4a10	cytochrome P450, family 4, subfamily a, polypeptide 10 [Source:MGI Symbol;Acc:MGI:88611]	22031	-0.3424789309501648	-0.6493683	Yes	
row_8	Cyp2j5	cytochrome P450, family 2, subfamily j, polypeptide 5 [Source:MGI Symbol;Acc:MGI:1270149]	22716	-0.43813422322273254	-0.6178092	Yes	
row_9	Cyp2c55	cytochrome P450, family 2, subfamily c, polypeptide 55 [Source:MGI Symbol;Acc:MGI:1919332]	22957	-0.4777674078941345	-0.5631003	Yes	
row_10	Cyp2c29	cytochrome P450, family 2, subfamily c, polypeptide 29 [Source:MGI Symbol;Acc:MGI:103238]	23216	-0.5285267233848572	-0.5022781	Yes	
row_11	Cyp2c54	cytochrome P450, family 2, subfamily c, polypeptide 54 [Source:MGI Symbol;Acc:MGI:3642960]	23612	-0.6176360845565796	-0.43495247	Yes	
row_12	Cyp4a12b	cytochrome P450, family 4, subfamily a, polypeptide 12B [Source:MGI Symbol;Acc:MGI:3611747]	24296	-0.8269656896591187	-0.3509922	Yes	
row_13	Ppara	peroxisome proliferator activated receptor alpha [Source:MGI Symbol;Acc:MGI:104740]	24394	-0.8643158078193665	-0.23849265	Yes	
row_14	Cyp2c39	cytochrome P450, family 2, subfamily c, polypeptide 39 [Source:MGI Symbol;Acc:MGI:1306818]	24456	-0.9014958739280701	-0.11954207	Yes	
row_15	Cyp2c23	cytochrome P450, family 2, subfamily c, polypeptide 23 [Source:MGI Symbol;Acc:MGI:1888897]	24635	-1.031909465789795	0.012276451	Yes	
