NAME	SYMBOL	TITLE	RANK IN GENE LIST	RANK METRIC SCORE	RUNNING ES	CORE ENRICHMENT	
row_0	Gstm5	glutathione S-transferase, mu 5 [Source:MGI Symbol;Acc:MGI:1309466]	5	3.50329852104187	0.036745273	Yes	
row_1	Cyba	cytochrome b-245, alpha polypeptide [Source:MGI Symbol;Acc:MGI:1316658]	48	3.0834906101226807	0.06757423	Yes	
row_2	Prdx1	peroxiredoxin 1 [Source:MGI Symbol;Acc:MGI:99523]	66	3.006011724472046	0.098592125	Yes	
row_3	Txn1	thioredoxin 1 [Source:MGI Symbol;Acc:MGI:98874]	70	2.9921271800994873	0.13002697	Yes	
row_4	Prdx4	peroxiredoxin 4 [Source:MGI Symbol;Acc:MGI:1859815]	72	2.9902749061584473	0.16152275	Yes	
row_5	Gclm	glutamate-cysteine ligase, modifier subunit [Source:MGI Symbol;Acc:MGI:104995]	103	2.9031033515930176	0.1909322	Yes	
row_6	Prdx3	peroxiredoxin 3 [Source:MGI Symbol;Acc:MGI:88034]	142	2.8190221786499023	0.21913299	Yes	
row_7	Prdx2	peroxiredoxin 2 [Source:MGI Symbol;Acc:MGI:109486]	173	2.7782485485076904	0.2472257	Yes	
row_8	Gpx4	glutathione peroxidase 4 [Source:MGI Symbol;Acc:MGI:104767]	183	2.766568183898926	0.27604032	Yes	
row_9	Gsta4	glutathione S-transferase, alpha 4 [Source:MGI Symbol;Acc:MGI:1309515]	184	2.7648298740386963	0.30519876	Yes	
row_10	Mgst3	microsomal glutathione S-transferase 3 [Source:MGI Symbol;Acc:MGI:1913697]	288	2.6288936138153076	0.3287787	Yes	
row_11	Prdx5	peroxiredoxin 5 [Source:MGI Symbol;Acc:MGI:1859821]	326	2.5749807357788086	0.35444602	Yes	
row_12	Lap3	leucine aminopeptidase 3 [Source:MGI Symbol;Acc:MGI:1914238]	521	2.3660078048706055	0.37159157	Yes	
row_13	Gpx8	glutathione peroxidase 8 (putative) [Source:MGI Symbol;Acc:MGI:1916840]	555	2.3306381702423096	0.39484298	Yes	
row_14	Prdx6	peroxiredoxin 6 [Source:MGI Symbol;Acc:MGI:894320]	580	2.3033578395843506	0.41816884	Yes	
row_15	Sod2	superoxide dismutase 2, mitochondrial [Source:MGI Symbol;Acc:MGI:98352]	720	2.173707962036133	0.43549964	Yes	
row_16	Gstm1	glutathione S-transferase, mu 1 [Source:MGI Symbol;Acc:MGI:95860]	839	2.088419198989868	0.45277604	Yes	
row_17	Gstt2	glutathione S-transferase, theta 2 [Source:MGI Symbol;Acc:MGI:106188]	891	2.0471792221069336	0.47231367	Yes	
row_18	Idh2	isocitrate dehydrogenase 2 (NADP+), mitochondrial [Source:MGI Symbol;Acc:MGI:96414]	1167	1.88185453414917	0.48109367	Yes	
row_19	Sod1	superoxide dismutase 1, soluble [Source:MGI Symbol;Acc:MGI:98351]	1207	1.86297607421875	0.49917158	Yes	
row_20	Gsr	glutathione reductase [Source:MGI Symbol;Acc:MGI:95804]	1305	1.812654733657837	0.51438475	Yes	
row_21	Gstm7	glutathione S-transferase, mu 7 [Source:MGI Symbol;Acc:MGI:1915562]	1441	1.7384446859359741	0.5272862	Yes	
row_22	Gstk1	glutathione S-transferase kappa 1 [Source:MGI Symbol;Acc:MGI:1923513]	1544	1.68778657913208	0.54098123	Yes	
row_23	Ctla4	cytotoxic T-lymphocyte-associated protein 4 [Source:MGI Symbol;Acc:MGI:88556]	1612	1.6573486328125	0.5557638	Yes	
row_24	Ggt5	gamma-glutamyltransferase 5 [Source:MGI Symbol;Acc:MGI:1346063]	1679	1.627562165260315	0.57027245	Yes	
row_25	Gsto1	glutathione S-transferase omega 1 [Source:MGI Symbol;Acc:MGI:1342273]	1691	1.62325918674469	0.58694905	Yes	
row_26	Gpx7	glutathione peroxidase 7 [Source:MGI Symbol;Acc:MGI:1914555]	1813	1.566816806793213	0.5986038	Yes	
row_27	Gstm2	glutathione S-transferase, mu 2 [Source:MGI Symbol;Acc:MGI:95861]	1903	1.53510582447052	0.6112118	Yes	
row_28	Slc1a5	solute carrier family 1 (neutral amino acid transporter), member 5 [Source:MGI Symbol;Acc:MGI:105305]	1988	1.5029627084732056	0.6236821	Yes	
row_29	Rac1	Rac family small GTPase 1 [Source:MGI Symbol;Acc:MGI:97845]	2172	1.4344233274459839	0.6314456	Yes	
row_30	Mgst1	microsomal glutathione S-transferase 1 [Source:MGI Symbol;Acc:MGI:1913850]	2330	1.3801401853561401	0.6396829	Yes	
row_31	Hpgds	hematopoietic prostaglandin D synthase [Source:MGI Symbol;Acc:MGI:1859384]	2528	1.3147625923156738	0.6456211	Yes	
row_32	Gpx3	glutathione peroxidase 3 [Source:MGI Symbol;Acc:MGI:105102]	2680	1.2771929502487183	0.6530142	Yes	
row_33	Gpx1	glutathione peroxidase 1 [Source:MGI Symbol;Acc:MGI:104887]	2768	1.2548232078552246	0.6627468	Yes	
row_34	Txnrd3	thioredoxin reductase 3 [Source:MGI Symbol;Acc:MGI:2386711]	2824	1.2407187223434448	0.6736184	Yes	
row_35	Gstm4	glutathione S-transferase, mu 4 [Source:MGI Symbol;Acc:MGI:95862]	3009	1.1940444707870483	0.67880654	Yes	
row_36	Txnrd2	thioredoxin reductase 2 [Source:MGI Symbol;Acc:MGI:1347023]	3043	1.1838769912719727	0.689964	Yes	
row_37	Idh1	isocitrate dehydrogenase 1 (NADP+), soluble [Source:MGI Symbol;Acc:MGI:96413]	3181	1.1518769264221191	0.6965988	Yes	
row_38	Gstm6	glutathione S-transferase, mu 6 [Source:MGI Symbol;Acc:MGI:1309467]	3973	0.9896093010902405	0.67520446	No	
row_39	Pgd	phosphogluconate dehydrogenase [Source:MGI Symbol;Acc:MGI:97553]	4361	0.9153336882591248	0.66928434	No	
row_40	Cybb	cytochrome b-245, beta polypeptide [Source:MGI Symbol;Acc:MGI:88574]	4539	0.8852747082710266	0.6714979	No	
row_41	Slc6a9	solute carrier family 6 (neurotransmitter transporter, glycine), member 9 [Source:MGI Symbol;Acc:MGI:95760]	5550	0.7312667965888977	0.6385661	No	
row_42	Foxp3	forkhead box P3 [Source:MGI Symbol;Acc:MGI:1891436]	5551	0.7312299013137817	0.6462778	No	
row_43	Ptgs1	prostaglandin-endoperoxide synthase 1 [Source:MGI Symbol;Acc:MGI:97797]	6058	0.6595488786697388	0.6328713	No	
row_44	Ggct	gamma-glutamyl cyclotransferase [Source:MGI Symbol;Acc:MGI:95700]	6120	0.6528050899505615	0.6373012	No	
row_45	Gstp1	glutathione S-transferase, pi 1 [Source:MGI Symbol;Acc:MGI:95865]	6163	0.6471846699714661	0.64243644	No	
row_46	Alox5	arachidonate 5-lipoxygenase [Source:MGI Symbol;Acc:MGI:87999]	6918	0.5497210621833801	0.61789185	No	
row_47	Keap1	kelch-like ECH-associated protein 1 [Source:MGI Symbol;Acc:MGI:1858732]	7338	0.5009461641311646	0.60631377	No	
row_48	Anpep	alanyl (membrane) aminopeptidase [Source:MGI Symbol;Acc:MGI:5000466]	7640	0.4653342664241791	0.5991086	No	
row_49	Gss	glutathione synthetase [Source:MGI Symbol;Acc:MGI:95852]	7862	0.44360843300819397	0.5948936	No	
row_50	Gsta3	glutathione S-transferase, alpha 3 [Source:MGI Symbol;Acc:MGI:95856]	8201	0.4082811176776886	0.5855978	No	
row_51	Gstt1	glutathione S-transferase, theta 1 [Source:MGI Symbol;Acc:MGI:107379]	8737	0.3545627295970917	0.5678079	No	
row_52	S100a8	S100 calcium binding protein A8 (calgranulin A) [Source:MGI Symbol;Acc:MGI:88244]	9377	0.29542312026023865	0.5452092	No	
row_53	S100a9	S100 calcium binding protein A9 (calgranulin B) [Source:MGI Symbol;Acc:MGI:1338947]	9513	0.2822859585285187	0.54275364	No	
row_54	Ncf4	neutrophil cytosolic factor 4 [Source:MGI Symbol;Acc:MGI:109186]	9937	0.2439289540052414	0.52830404	No	
row_55	Slco2a1	solute carrier organic anion transporter family, member 2a1 [Source:MGI Symbol;Acc:MGI:1346021]	10190	0.22119323909282684	0.52049595	No	
row_56	Txnrd1	thioredoxin reductase 1 [Source:MGI Symbol;Acc:MGI:1354175]	10742	0.16946998238563538	0.5001102	No	
row_57	Ncf1	neutrophil cytosolic factor 1 [Source:MGI Symbol;Acc:MGI:97283]	11109	0.1357344090938568	0.4868133	No	
row_58	Slc1a2	solute carrier family 1 (glial high affinity glutamate transporter), member 2 [Source:MGI Symbol;Acc:MGI:101931]	11171	0.13006474077701569	0.48573026	No	
row_59	Gls	glutaminase [Source:MGI Symbol;Acc:MGI:95752]	11183	0.12920710444450378	0.48665026	No	
row_60	Oplah	5-oxoprolinase (ATP-hydrolysing) [Source:MGI Symbol;Acc:MGI:1922725]	11273	0.12190689891576767	0.4843544	No	
row_61	Ggt7	gamma-glutamyltransferase 7 [Source:MGI Symbol;Acc:MGI:1913385]	11396	0.11032569408416748	0.48060846	No	
row_62	Nrf1	nuclear respiratory factor 1 [Source:MGI Symbol;Acc:MGI:1332235]	11758	0.07851633429527283	0.46690935	No	
row_63	Ncf2	neutrophil cytosolic factor 2 [Source:MGI Symbol;Acc:MGI:97284]	11886	0.06912468373775482	0.4625277	No	
row_64	Cbs	cystathionine beta-synthase [Source:MGI Symbol;Acc:MGI:88285]	12114	0.04794478788971901	0.45389852	No	
row_65	Cd44	CD44 antigen [Source:MGI Symbol;Acc:MGI:88338]	12604	0.006444197613745928	0.4342884	No	
row_66	Gstm3	glutathione S-transferase, mu 3 [Source:MGI Symbol;Acc:MGI:106026]	13066	8.245118078775704E-4	0.4157458	No	
row_67	Gpx2	glutathione peroxidase 2 [Source:MGI Symbol;Acc:MGI:106609]	13082	8.052585180848837E-4	0.41515067	No	
row_68	G6pd2	glucose-6-phosphate dehydrogenase 2 [Source:MGI Symbol;Acc:MGI:105977]	13428	1.692664372967556E-4	0.40126917	No	
row_69	Gstp2	glutathione S-transferase, pi 2 [Source:MGI Symbol;Acc:MGI:95864]	15518	0.0	0.31720477	No	
row_70	Gstt3	glutathione S-transferase, theta 3 [Source:MGI Symbol;Acc:MGI:2143526]	15537	0.0	0.31648043	No	
row_71	Grxcr2	glutaredoxin, cysteine rich 2 [Source:MGI Symbol;Acc:MGI:2685697]	17919	0.0	0.22066554	No	
row_72	Gpx6	glutathione peroxidase 6 [Source:MGI Symbol;Acc:MGI:1922762]	18184	0.0	0.21004179	No	
row_73	Gpx5	glutathione peroxidase 5 [Source:MGI Symbol;Acc:MGI:104886]	18185	0.0	0.21004179	No	
row_74	Ptgs2	prostaglandin-endoperoxide synthase 2 [Source:MGI Symbol;Acc:MGI:97798]	18251	-1.326512428931892E-4	0.2074275	No	
row_75	Ggt6	gamma-glutamyltransferase 6 [Source:MGI Symbol;Acc:MGI:1918772]	18463	-7.236561505123973E-4	0.19894418	No	
row_76	Gsta1	glutathione S-transferase, alpha 1 (Ya) [Source:MGI Symbol;Acc:MGI:1095417]	18783	-0.0021239728666841984	0.18612957	No	
row_77	Gclc	glutamate-cysteine ligase, catalytic subunit [Source:MGI Symbol;Acc:MGI:104990]	19087	-0.024434255436062813	0.1741941	No	
row_78	Mgst2	microsomal glutathione S-transferase 2 [Source:MGI Symbol;Acc:MGI:2448481]	19586	-0.07197539508342743	0.15491292	No	
row_79	Slc6a5	solute carrier family 6 (neurotransmitter transporter, glycine), member 5 [Source:MGI Symbol;Acc:MGI:105090]	20019	-0.11527533084154129	0.13874434	No	
row_80	Ggt1	gamma-glutamyltransferase 1 [Source:MGI Symbol;Acc:MGI:95706]	21012	-0.21661065518856049	0.10110924	No	
row_81	Gsto2	glutathione S-transferase omega 2 [Source:MGI Symbol;Acc:MGI:1915464]	21519	-0.2767879366874695	0.08366612	No	
row_82	Nfe2l2	nuclear factor, erythroid derived 2, like 2 [Source:MGI Symbol;Acc:MGI:108420]	21722	-0.300658255815506	0.07870815	No	
row_83	Sod3	superoxide dismutase 3, extracellular [Source:MGI Symbol;Acc:MGI:103181]	21890	-0.32242482900619507	0.075388186	No	
row_84	Gsta2	glutathione S-transferase, alpha 2 (Yc2) [Source:MGI Symbol;Acc:MGI:95863]	22147	-0.3580898940563202	0.06886286	No	
row_85	Grxcr1	glutaredoxin, cysteine rich 1 [Source:MGI Symbol;Acc:MGI:3577767]	22481	-0.4043169319629669	0.059726465	No	
row_86	Slco1a1	solute carrier organic anion transporter family, member 1a1 [Source:MGI Symbol;Acc:MGI:1351891]	22791	-0.4516870379447937	0.052055437	No	
row_87	G6pdx	glucose-6-phosphate dehydrogenase X-linked [Source:MGI Symbol;Acc:MGI:105979]	22936	-0.47454366087913513	0.0512653	No	
row_88	Prdx6b	peroxiredoxin 6B [Source:MGI Symbol;Acc:MGI:1336888]	23266	-0.5384206771850586	0.043704156	No	
row_89	Slc7a11	solute carrier family 7 (cationic amino acid transporter, y+ system), member 11 [Source:MGI Symbol;Acc:MGI:1347355]	23786	-0.6610152125358582	0.02979004	No	
row_90	Abcc5	ATP-binding cassette, sub-family C (CFTR/MRP), member 5 [Source:MGI Symbol;Acc:MGI:1351644]	23944	-0.7004649043083191	0.030859374	No	
row_91	Abcc2	ATP-binding cassette, sub-family C (CFTR/MRP), member 2 [Source:MGI Symbol;Acc:MGI:1352447]	24410	-0.8743399381637573	0.02136806	No	
