NAME	SYMBOL	TITLE	RANK IN GENE LIST	RANK METRIC SCORE	RUNNING ES	CORE ENRICHMENT	
row_0	ATG4A	autophagy related 4A cysteine peptidase [Source:HGNC Symbol;Acc:HGNC:16489]	2531	0.8787395358085632	-0.14696781	No	
row_1	PKM	pyruvate kinase M1/2 [Source:HGNC Symbol;Acc:HGNC:9021]	2710	0.8285472393035889	-0.13775055	No	
row_2	DCUN1D4	defective in cullin neddylation 1 domain containing 4 [Source:HGNC Symbol;Acc:HGNC:28998]	2780	0.8107588887214661	-0.12169254	No	
row_3	PER1	period circadian regulator 1 [Source:HGNC Symbol;Acc:HGNC:8845]	3283	0.7034035325050354	-0.13734902	No	
row_4	NKTR	natural killer cell triggering receptor [Source:HGNC Symbol;Acc:HGNC:7833]	3680	0.6262773871421814	-0.14787874	No	
row_5	TNFAIP2	TNF alpha induced protein 2 [Source:HGNC Symbol;Acc:HGNC:11895]	3710	0.6196024417877197	-0.13401866	No	
row_6	LDLR	low density lipoprotein receptor [Source:HGNC Symbol;Acc:HGNC:6547]	4037	0.5573749542236328	-0.141621	No	
row_7	EXOC5	exocyst complex component 5 [Source:HGNC Symbol;Acc:HGNC:10696]	4579	0.45914024114608765	-0.16611649	No	
row_8	DNAJC24	DnaJ heat shock protein family (Hsp40) member C24 [Source:HGNC Symbol;Acc:HGNC:26979]	4685	0.4420032203197479	-0.16187145	No	
row_9	FOSL2	FOS like 2, AP-1 transcription factor subunit [Source:HGNC Symbol;Acc:HGNC:3798]	5056	0.3795275390148163	-0.17695369	No	
row_10	ZFP36L1	ZFP36 ring finger protein like 1 [Source:HGNC Symbol;Acc:HGNC:1107]	5283	0.342405766248703	-0.18334597	No	
row_11	UGCG	UDP-glucose ceramide glucosyltransferase [Source:HGNC Symbol;Acc:HGNC:12524]	5455	0.30766403675079346	-0.18694356	No	
row_12	SNAI2	snail family transcriptional repressor 2 [Source:HGNC Symbol;Acc:HGNC:11094]	5564	0.2908477187156677	-0.18675399	No	
row_13	CCND1	cyclin D1 [Source:HGNC Symbol;Acc:HGNC:1582]	5595	0.2862163782119751	-0.18146266	No	
row_14	SOD2	superoxide dismutase 2 [Source:HGNC Symbol;Acc:HGNC:11180]	6691	0.11711737513542175	-0.25175446	No	
row_15	LIF	LIF interleukin 6 family cytokine [Source:HGNC Symbol;Acc:HGNC:6596]	7517	0.008089566603302956	-0.30675796	No	
row_16	FOSB	FosB proto-oncogene, AP-1 transcription factor subunit [Source:HGNC Symbol;Acc:HGNC:3797]	7680	0.002547935815528035	-0.31753418	No	
row_17	FOXC1	forkhead box C1 [Source:HGNC Symbol;Acc:HGNC:3800]	8187	0.0	-0.3513962	No	
row_18	GPRC5A	G protein-coupled receptor class C group 5 member A [Source:HGNC Symbol;Acc:HGNC:9836]	9331	-0.004782308358699083	-0.42776492	No	
row_19	KLF10	Kruppel like factor 10 [Source:HGNC Symbol;Acc:HGNC:11810]	9735	-0.04004257917404175	-0.4537129	No	
row_20	TIPARP	TCDD inducible poly(ADP-ribose) polymerase [Source:HGNC Symbol;Acc:HGNC:23696]	9961	-0.0730884000658989	-0.46690628	No	
row_21	VEGFA	vascular endothelial growth factor A [Source:HGNC Symbol;Acc:HGNC:12680]	10152	-0.10166091471910477	-0.47702876	No	
row_22	MBNL2	muscleblind like splicing regulator 2 [Source:HGNC Symbol;Acc:HGNC:16746]	10201	-0.10983261466026306	-0.47744006	No	
row_23	FXR1	FMR1 autosomal homolog 1 [Source:HGNC Symbol;Acc:HGNC:4023]	10773	-0.21230117976665497	-0.51023793	No	
row_24	NCKAP1	NCK associated protein 1 [Source:HGNC Symbol;Acc:HGNC:7666]	11700	-0.3995705544948578	-0.5620171	No	
row_25	RUNX3	RUNX family transcription factor 3 [Source:HGNC Symbol;Acc:HGNC:10473]	11962	-0.46529421210289	-0.5676178	Yes	
row_26	NAA15	N-alpha-acetyltransferase 15, NatA auxiliary subunit [Source:HGNC Symbol;Acc:HGNC:30782]	12149	-0.5130122303962708	-0.5669825	Yes	
row_27	PLSCR1	phospholipid scramblase 1 [Source:HGNC Symbol;Acc:HGNC:9092]	12166	-0.5170148611068726	-0.5548686	Yes	
row_28	HSPH1	heat shock protein family H (Hsp110) member 1 [Source:HGNC Symbol;Acc:HGNC:16969]	12270	-0.5491358041763306	-0.5477577	Yes	
row_29	NR4A2	nuclear receptor subfamily 4 group A member 2 [Source:HGNC Symbol;Acc:HGNC:7981]	12483	-0.6088717579841614	-0.5464178	Yes	
row_30	PMAIP1	phorbol-12-myristate-13-acetate-induced protein 1 [Source:HGNC Symbol;Acc:HGNC:9108]	12973	-0.7704188227653503	-0.55949533	Yes	
row_31	PTPN11	protein tyrosine phosphatase non-receptor type 11 [Source:HGNC Symbol;Acc:HGNC:9644]	13300	-0.9098747968673706	-0.5581084	Yes	
row_32	MED20	mediator complex subunit 20 [Source:HGNC Symbol;Acc:HGNC:16840]	13420	-0.9591110944747925	-0.5416132	Yes	
row_33	CITED2	Cbp/p300 interacting transactivator with Glu/Asp rich carboxy-terminal domain 2 [Source:HGNC Symbol;Acc:HGNC:1987]	14099	-1.3894771337509155	-0.55155194	Yes	
row_34	SLC20A1	solute carrier family 20 member 1 [Source:HGNC Symbol;Acc:HGNC:10946]	14305	-1.6030420064926147	-0.52439076	Yes	
row_35	SERPINE1	serpin family E member 1 [Source:HGNC Symbol;Acc:HGNC:8583]	14753	-2.5593323707580566	-0.48903763	Yes	
row_36	HES1	hes family bHLH transcription factor 1 [Source:HGNC Symbol;Acc:HGNC:5192]	14767	-2.600170373916626	-0.4235994	Yes	
row_37	BHLHE40	basic helix-loop-helix family member e40 [Source:HGNC Symbol;Acc:HGNC:1046]	14808	-2.7275125980377197	-0.3567206	Yes	
row_38	KLF6	Kruppel like factor 6 [Source:HGNC Symbol;Acc:HGNC:2235]	14814	-2.7629661560058594	-0.28659546	Yes	
row_39	CCN2	cellular communication network factor 2 [Source:HGNC Symbol;Acc:HGNC:2500]	14873	-3.1123409271240234	-0.21110757	Yes	
row_40	CCN1	cellular communication network factor 1 [Source:HGNC Symbol;Acc:HGNC:2654]	14939	-3.682379722595215	-0.12155126	Yes	
row_41	NR4A3	nuclear receptor subfamily 4 group A member 3 [Source:HGNC Symbol;Acc:HGNC:7982]	14983	-4.881898403167725	6.680776E-5	Yes	
