NAME	SYMBOL	TITLE	RANK IN GENE LIST	RANK METRIC SCORE	RUNNING ES	CORE ENRICHMENT	
row_0	NOS3	nitric oxide synthase 3 [Source:HGNC Symbol;Acc:HGNC:7876]	55	3.1592087745666504	0.18594092	Yes	
row_1	PIK3R1	phosphoinositide-3-kinase regulatory subunit 1 [Source:HGNC Symbol;Acc:HGNC:8979]	427	2.011627435684204	0.2818804	Yes	
row_2	HIF1A	hypoxia inducible factor 1 subunit alpha [Source:HGNC Symbol;Acc:HGNC:4910]	799	1.586715579032898	0.35231647	Yes	
row_3	SHC1	SHC adaptor protein 1 [Source:HGNC Symbol;Acc:HGNC:10840]	1227	1.3312197923660278	0.4036742	Yes	
row_4	PRKCB	protein kinase C beta [Source:HGNC Symbol;Acc:HGNC:9395]	1392	1.2626475095748901	0.4684964	Yes	
row_5	PLCG1	phospholipase C gamma 1 [Source:HGNC Symbol;Acc:HGNC:9065]	1523	1.2077535390853882	0.5322966	Yes	
row_6	VHL	von Hippel-Lindau tumor suppressor [Source:HGNC Symbol;Acc:HGNC:12687]	2035	1.0294231176376343	0.5599254	Yes	
row_7	EIF1AX	eukaryotic translation initiation factor 1A X-linked [Source:HGNC Symbol;Acc:HGNC:3250]	4643	0.4484739601612091	0.41257828	No	
row_8	PIK3CA	phosphatidylinositol-4,5-bisphosphate 3-kinase catalytic subunit alpha [Source:HGNC Symbol;Acc:HGNC:8975]	5297	0.33994174003601074	0.38933203	No	
row_9	EIF2B5	eukaryotic translation initiation factor 2B subunit epsilon [Source:HGNC Symbol;Acc:HGNC:3261]	5655	0.27828019857406616	0.38217092	No	
row_10	EIF2B3	eukaryotic translation initiation factor 2B subunit gamma [Source:HGNC Symbol;Acc:HGNC:3259]	6455	0.15006549656391144	0.33776885	No	
row_11	PRKCA	protein kinase C alpha [Source:HGNC Symbol;Acc:HGNC:9393]	6615	0.12778419256210327	0.33481017	No	
row_12	FLT1	fms related receptor tyrosine kinase 1 [Source:HGNC Symbol;Acc:HGNC:3763]	9528	-0.01674598641693592	0.14116287	No	
row_13	PIK3CG	phosphatidylinositol-4,5-bisphosphate 3-kinase catalytic subunit gamma [Source:HGNC Symbol;Acc:HGNC:8978]	9574	-0.021397359669208527	0.13943914	No	
row_14	EIF2S1	eukaryotic translation initiation factor 2 subunit alpha [Source:HGNC Symbol;Acc:HGNC:3265]	9899	-0.06355492770671844	0.12159598	No	
row_15	FLT4	fms related receptor tyrosine kinase 4 [Source:HGNC Symbol;Acc:HGNC:3767]	10053	-0.08797542750835419	0.11664904	No	
row_16	VEGFA	vascular endothelial growth factor A [Source:HGNC Symbol;Acc:HGNC:12680]	10152	-0.10166091471910477	0.11619998	No	
row_17	EIF2B4	eukaryotic translation initiation factor 2B subunit delta [Source:HGNC Symbol;Acc:HGNC:3260]	10160	-0.10321169346570969	0.12192688	No	
row_18	ARNT	aryl hydrocarbon receptor nuclear translocator [Source:HGNC Symbol;Acc:HGNC:700]	10243	-0.11707952618598938	0.12347278	No	
row_19	EIF2B2	eukaryotic translation initiation factor 2B subunit beta [Source:HGNC Symbol;Acc:HGNC:3258]	10390	-0.14228440821170807	0.1222534	No	
row_20	ELAVL1	ELAV like RNA binding protein 1 [Source:HGNC Symbol;Acc:HGNC:3312]	10752	-0.20757746696472168	0.1105813	No	
row_21	KDR	kinase insert domain receptor [Source:HGNC Symbol;Acc:HGNC:6307]	10965	-0.24406388401985168	0.11105902	No	
row_22	EIF2S2	eukaryotic translation initiation factor 2 subunit beta [Source:HGNC Symbol;Acc:HGNC:3266]	12140	-0.5115379691123962	0.063285865	No	
row_23	EIF1	eukaryotic translation initiation factor 1 [Source:HGNC Symbol;Acc:HGNC:3249]	13422	-0.9610278010368347	0.03533892	No	
row_24	HRAS	HRas proto-oncogene, GTPase [Source:HGNC Symbol;Acc:HGNC:5173]	13776	-1.149706244468689	0.08074864	No	
