NAME	SYMBOL	TITLE	RANK IN GENE LIST	RANK METRIC SCORE	RUNNING ES	CORE ENRICHMENT	
row_0	EPS8	epidermal growth factor receptor pathway substrate 8 [Source:HGNC Symbol;Acc:HGNC:3420]	142	2.7065162658691406	-7.9373E-5	No	
row_1	EGFR	epidermal growth factor receptor [Source:HGNC Symbol;Acc:HGNC:3236]	203	2.4680166244506836	0.0046206997	No	
row_2	RUNX1	RUNX family transcription factor 1 [Source:HGNC Symbol;Acc:HGNC:10471]	206	2.4486305713653564	0.013235001	No	
row_3	COL5A2	collagen type V alpha 2 chain [Source:HGNC Symbol;Acc:HGNC:2210]	311	2.227905511856079	0.014054914	No	
row_4	FUT8	fucosyltransferase 8 [Source:HGNC Symbol;Acc:HGNC:4019]	516	1.8850871324539185	0.0067814244	No	
row_5	IL1RAP	interleukin 1 receptor accessory protein [Source:HGNC Symbol;Acc:HGNC:5995]	578	1.796722650527954	0.00901354	No	
row_6	TDRD7	tudor domain containing 7 [Source:HGNC Symbol;Acc:HGNC:30831]	637	1.7399405241012573	0.011248754	No	
row_7	MSH2	mutS homolog 2 [Source:HGNC Symbol;Acc:HGNC:7325]	648	1.7281160354614258	0.01673841	No	
row_8	CRIM1	cysteine rich transmembrane BMP regulator 1 [Source:HGNC Symbol;Acc:HGNC:2359]	760	1.6210663318634033	0.014908645	No	
row_9	NRIP1	nuclear receptor interacting protein 1 [Source:HGNC Symbol;Acc:HGNC:8001]	868	1.5262622833251953	0.013014766	No	
row_10	NEDD4	NEDD4 E3 ubiquitin protein ligase [Source:HGNC Symbol;Acc:HGNC:7727]	882	1.5163764953613281	0.017541599	No	
row_11	ASAP2	ArfGAP with SH3 domain, ankyrin repeat and PH domain 2 [Source:HGNC Symbol;Acc:HGNC:2721]	895	1.5072124004364014	0.02210436	No	
row_12	THBS2	thrombospondin 2 [Source:HGNC Symbol;Acc:HGNC:11786]	917	1.495728850364685	0.026007945	No	
row_13	ORC2	origin recognition complex subunit 2 [Source:HGNC Symbol;Acc:HGNC:8488]	921	1.4938347339630127	0.031141022	No	
row_14	MID1	midline 1 [Source:HGNC Symbol;Acc:HGNC:7095]	928	1.489974856376648	0.03605426	No	
row_15	WASF3	WASP family member 3 [Source:HGNC Symbol;Acc:HGNC:12734]	1045	1.4187309741973877	0.033157922	No	
row_16	ARHGAP29	Rho GTPase activating protein 29 [Source:HGNC Symbol;Acc:HGNC:30207]	1086	1.398789644241333	0.03541009	No	
row_17	TRAM2	translocation associated membrane protein 2 [Source:HGNC Symbol;Acc:HGNC:16855]	1132	1.3753409385681152	0.037235048	No	
row_18	CDYL	chromodomain Y like [Source:HGNC Symbol;Acc:HGNC:1811]	1184	1.355202317237854	0.038575936	No	
row_19	MBNL1	muscleblind like splicing regulator 1 [Source:HGNC Symbol;Acc:HGNC:6923]	1241	1.3273048400878906	0.03947371	No	
row_20	CXCL12	C-X-C motif chemokine ligand 12 [Source:HGNC Symbol;Acc:HGNC:10672]	1252	1.3233178853988647	0.043516573	No	
row_21	NR2F2	nuclear receptor subfamily 2 group F member 2 [Source:HGNC Symbol;Acc:HGNC:7976]	1287	1.3101273775100708	0.04586394	No	
row_22	CHSY1	chondroitin sulfate synthase 1 [Source:HGNC Symbol;Acc:HGNC:17198]	1352	1.2799795866012573	0.04604312	No	
row_23	RFTN1	raftlin, lipid raft linker 1 [Source:HGNC Symbol;Acc:HGNC:30278]	1515	1.208735466003418	0.039236892	No	
row_24	SMARCA2	SWI/SNF related, matrix associated, actin dependent regulator of chromatin, subfamily a, member 2 [Source:HGNC Symbol;Acc:HGNC:11098]	1553	1.1984227895736694	0.040978976	No	
row_25	MARF1	meiosis regulator and mRNA stability factor 1 [Source:HGNC Symbol;Acc:HGNC:29562]	1620	1.1755083799362183	0.0406474	No	
row_26	ACSL3	acyl-CoA synthetase long chain family member 3 [Source:HGNC Symbol;Acc:HGNC:3570]	1658	1.1624761819839478	0.042261	No	
row_27	FAM171A1	family with sequence similarity 171 member A1 [Source:HGNC Symbol;Acc:HGNC:23522]	1662	1.1601308584213257	0.046201386	No	
row_28	LIMCH1	LIM and calponin homology domains 1 [Source:HGNC Symbol;Acc:HGNC:29191]	1671	1.1555583477020264	0.049782023	No	
row_29	STIL	STIL centriolar assembly protein [Source:HGNC Symbol;Acc:HGNC:10879]	1693	1.1485213041305542	0.05244465	No	
row_30	CASP8	caspase 8 [Source:HGNC Symbol;Acc:HGNC:1509]	1745	1.128844141960144	0.052976515	No	
row_31	PEX3	peroxisomal biogenesis factor 3 [Source:HGNC Symbol;Acc:HGNC:8858]	1748	1.1279277801513672	0.056870483	No	
row_32	ANKS1A	ankyrin repeat and sterile alpha motif domain containing 1A [Source:HGNC Symbol;Acc:HGNC:20961]	1854	1.0895626544952393	0.053553157	No	
row_33	PNISR	PNN interacting serine and arginine rich protein [Source:HGNC Symbol;Acc:HGNC:21222]	1912	1.0711451768875122	0.053466707	No	
row_34	CLASP1	cytoplasmic linker associated protein 1 [Source:HGNC Symbol;Acc:HGNC:17088]	1961	1.0548175573349	0.05394003	No	
row_35	NR3C1	nuclear receptor subfamily 3 group C member 1 [Source:HGNC Symbol;Acc:HGNC:7978]	1987	1.0458191633224487	0.055960868	No	
row_36	ORC5	origin recognition complex subunit 5 [Source:HGNC Symbol;Acc:HGNC:8491]	2001	1.0418602228164673	0.05879173	No	
row_37	NBN	nibrin [Source:HGNC Symbol;Acc:HGNC:7652]	2080	1.017216444015503	0.057070225	No	
row_38	USP9X	ubiquitin specific peptidase 9 X-linked [Source:HGNC Symbol;Acc:HGNC:12632]	2178	0.9846655130386353	0.053927436	No	
row_39	HEG1	heart development protein with EGF like domains 1 [Source:HGNC Symbol;Acc:HGNC:29227]	2214	0.9734526872634888	0.055002812	No	
row_40	MICAL3	microtubule associated monooxygenase, calponin and LIM domain containing 3 [Source:HGNC Symbol;Acc:HGNC:24694]	2228	0.9684547781944275	0.057571314	No	
row_41	ADAM10	ADAM metallopeptidase domain 10 [Source:HGNC Symbol;Acc:HGNC:188]	2255	0.9607160091400146	0.0592193	No	
row_42	TP53BP2	tumor protein p53 binding protein 2 [Source:HGNC Symbol;Acc:HGNC:12000]	2261	0.9580333828926086	0.062300008	No	
row_43	PCMT1	protein-L-isoaspartate (D-aspartate) O-methyltransferase [Source:HGNC Symbol;Acc:HGNC:8728]	2302	0.9466586709022522	0.06293621	No	
row_44	PTPRA	protein tyrosine phosphatase receptor type A [Source:HGNC Symbol;Acc:HGNC:9664]	2304	0.9460853338241577	0.06624894	No	
row_45	LYN	LYN proto-oncogene, Src family tyrosine kinase [Source:HGNC Symbol;Acc:HGNC:6735]	2324	0.9398919343948364	0.068303265	No	
row_46	C2CD2	C2 calcium dependent domain containing 2 [Source:HGNC Symbol;Acc:HGNC:1266]	2344	0.9323412775993347	0.070330605	No	
row_47	RBMS1	RNA binding motif single stranded interacting protein 1 [Source:HGNC Symbol;Acc:HGNC:9907]	2362	0.926323413848877	0.0724738	No	
row_48	CEP135	centrosomal protein 135 [Source:HGNC Symbol;Acc:HGNC:29086]	2387	0.9200460314750671	0.07411379	No	
row_49	PPP2R3A	protein phosphatase 2 regulatory subunit B''alpha [Source:HGNC Symbol;Acc:HGNC:9307]	2546	0.8747280240058899	0.06638852	No	
row_50	PTPN12	protein tyrosine phosphatase non-receptor type 12 [Source:HGNC Symbol;Acc:HGNC:9645]	2648	0.8474270105361938	0.062480494	No	
row_51	FGF2	fibroblast growth factor 2 [Source:HGNC Symbol;Acc:HGNC:3676]	2651	0.8468002676963806	0.06536969	No	
row_52	MAP4K5	mitogen-activated protein kinase kinase kinase kinase 5 [Source:HGNC Symbol;Acc:HGNC:6867]	2657	0.8439329862594604	0.068042584	No	
row_53	RYK	receptor like tyrosine kinase [Source:HGNC Symbol;Acc:HGNC:10481]	2689	0.8328680396080017	0.06889022	No	
row_54	SLC25A13	solute carrier family 25 member 13 [Source:HGNC Symbol;Acc:HGNC:10983]	2711	0.828005313873291	0.070407294	No	
row_55	ANKMY2	ankyrin repeat and MYND domain containing 2 [Source:HGNC Symbol;Acc:HGNC:25370]	2738	0.8212443590164185	0.07155679	No	
row_56	DCUN1D4	defective in cullin neddylation 1 domain containing 4 [Source:HGNC Symbol;Acc:HGNC:28998]	2780	0.8107588887214661	0.07163859	No	
row_57	CDK8	cyclin dependent kinase 8 [Source:HGNC Symbol;Acc:HGNC:1779]	2824	0.8021090626716614	0.07155212	No	
row_58	ZHX3	zinc fingers and homeoboxes 3 [Source:HGNC Symbol;Acc:HGNC:15935]	2835	0.7999154329299927	0.07372429	No	
row_59	PHF21A	PHD finger protein 21A [Source:HGNC Symbol;Acc:HGNC:24156]	2850	0.7944371700286865	0.07560215	No	
row_60	ZMIZ1	zinc finger MIZ-type containing 1 [Source:HGNC Symbol;Acc:HGNC:16493]	2881	0.786928117275238	0.07635428	No	
row_61	TLE4	TLE family member 4, transcriptional corepressor [Source:HGNC Symbol;Acc:HGNC:11840]	2888	0.7859269976615906	0.07875118	No	
row_62	R3HDM1	R3H domain containing 1 [Source:HGNC Symbol;Acc:HGNC:9757]	2932	0.7758339047431946	0.07857079	No	
row_63	SCAF8	SR-related CTD associated factor 8 [Source:HGNC Symbol;Acc:HGNC:20959]	2949	0.7706563472747803	0.080226295	No	
row_64	PAIP1	poly(A) binding protein interacting protein 1 [Source:HGNC Symbol;Acc:HGNC:16945]	3067	0.7445105314254761	0.07485154	No	
row_65	BBX	BBX high mobility group box domain containing [Source:HGNC Symbol;Acc:HGNC:14422]	3097	0.7382340431213379	0.07549831	No	
row_66	C2CD3	C2 domain containing 3 centriole elongation regulator [Source:HGNC Symbol;Acc:HGNC:24564]	3119	0.7343841791152954	0.07668077	No	
row_67	SLC4A7	solute carrier family 4 member 7 [Source:HGNC Symbol;Acc:HGNC:11033]	3164	0.7265128493309021	0.076255426	No	
row_68	AGAP1	ArfGAP with GTPase domain, ankyrin repeat and PH domain 1 [Source:HGNC Symbol;Acc:HGNC:16922]	3168	0.7260506749153137	0.078644365	No	
row_69	PIKFYVE	phosphoinositide kinase, FYVE-type zinc finger containing [Source:HGNC Symbol;Acc:HGNC:23785]	3169	0.7252215147018433	0.08123638	No	
row_70	TLE1	TLE family member 1, transcriptional corepressor [Source:HGNC Symbol;Acc:HGNC:11837]	3195	0.7177197337150574	0.08208455	No	
row_71	DPYD	dihydropyrimidine dehydrogenase [Source:HGNC Symbol;Acc:HGNC:3012]	3207	0.7159237265586853	0.083887845	No	
row_72	RAB3GAP1	RAB3 GTPase activating protein catalytic subunit 1 [Source:HGNC Symbol;Acc:HGNC:17063]	3225	0.7129647135734558	0.085268475	No	
row_73	SOCS5	suppressor of cytokine signaling 5 [Source:HGNC Symbol;Acc:HGNC:16852]	3249	0.7091642022132874	0.08622343	No	
row_74	NFYC	nuclear transcription factor Y subunit gamma [Source:HGNC Symbol;Acc:HGNC:7806]	3266	0.706894040107727	0.087651044	No	
row_75	MYO1B	myosin IB [Source:HGNC Symbol;Acc:HGNC:7596]	3270	0.7066723108291626	0.08997072	No	
row_76	TRRAP	transformation/transcription domain associated protein [Source:HGNC Symbol;Acc:HGNC:12347]	3304	0.6976653933525085	0.090197764	No	
row_77	FRYL	FRY like transcription coactivator [Source:HGNC Symbol;Acc:HGNC:29127]	3341	0.6908512711524963	0.09019442	No	
row_78	CLIP1	CAP-Gly domain containing linker protein 1 [Source:HGNC Symbol;Acc:HGNC:10461]	3363	0.6876527070999146	0.09120985	No	
row_79	ADARB1	adenosine deaminase RNA specific B1 [Source:HGNC Symbol;Acc:HGNC:226]	3387	0.6832603216171265	0.092072226	No	
row_80	MBD2	methyl-CpG binding domain protein 2 [Source:HGNC Symbol;Acc:HGNC:6917]	3390	0.6830040216445923	0.09437599	No	
row_81	BDNF	brain derived neurotrophic factor [Source:HGNC Symbol;Acc:HGNC:1033]	3449	0.6719032526016235	0.09279393	No	
row_82	AUH	AU RNA binding methylglutaconyl-CoA hydratase [Source:HGNC Symbol;Acc:HGNC:890]	3463	0.6696898341178894	0.094294615	No	
row_83	FCHSD2	FCH and double SH3 domains 2 [Source:HGNC Symbol;Acc:HGNC:29114]	3481	0.6667047739028931	0.0955099	No	
row_84	RAPGEF2	Rap guanine nucleotide exchange factor 2 [Source:HGNC Symbol;Acc:HGNC:16854]	3526	0.658159613609314	0.09484026	No	
row_85	ATR	ATR serine/threonine kinase [Source:HGNC Symbol;Acc:HGNC:882]	3530	0.6575180292129517	0.09698425	No	
row_86	EPHA4	EPH receptor A4 [Source:HGNC Symbol;Acc:HGNC:3388]	3558	0.651285707950592	0.09745762	No	
row_87	CLASP2	cytoplasmic linker associated protein 2 [Source:HGNC Symbol;Acc:HGNC:17078]	3597	0.6418178677558899	0.09714165	No	
row_88	AFF1	AF4/FMR2 family member 1 [Source:HGNC Symbol;Acc:HGNC:7135]	3853	0.594441294670105	0.08175252	No	
row_89	PRKACB	protein kinase cAMP-activated catalytic subunit beta [Source:HGNC Symbol;Acc:HGNC:9381]	3874	0.5889652967453003	0.08248391	No	
row_90	PBX3	PBX homeobox 3 [Source:HGNC Symbol;Acc:HGNC:8634]	3894	0.5850988626480103	0.08327017	No	
row_91	DST	dystonin [Source:HGNC Symbol;Acc:HGNC:1090]	3954	0.5738850831985474	0.0812691	No	
row_92	SWAP70	switching B cell complex subunit SWAP70 [Source:HGNC Symbol;Acc:HGNC:17070]	3972	0.5710615515708923	0.082142554	No	
row_93	MGLL	monoglyceride lipase [Source:HGNC Symbol;Acc:HGNC:17038]	3987	0.5675399303436279	0.08320946	No	
row_94	STK39	serine/threonine kinase 39 [Source:HGNC Symbol;Acc:HGNC:17717]	4022	0.5599838495254517	0.082875736	No	
row_95	TRIM37	tripartite motif containing 37 [Source:HGNC Symbol;Acc:HGNC:7523]	4045	0.5554233193397522	0.08334989	No	
row_96	CAMSAP2	calmodulin regulated spectrin associated protein family member 2 [Source:HGNC Symbol;Acc:HGNC:29188]	4062	0.5531083345413208	0.08422785	No	
row_97	KIAA1109	KIAA1109 [Source:HGNC Symbol;Acc:HGNC:26953]	4092	0.5473938584327698	0.08419254	No	
row_98	ZMYM2	zinc finger MYM-type containing 2 [Source:HGNC Symbol;Acc:HGNC:12989]	4122	0.5409673452377319	0.08413426	No	
row_99	CCDC93	coiled-coil domain containing 93 [Source:HGNC Symbol;Acc:HGNC:25611]	4157	0.534990131855011	0.0837112	No	
row_100	NCOA3	nuclear receptor coactivator 3 [Source:HGNC Symbol;Acc:HGNC:7670]	4162	0.5338253378868103	0.08534443	No	
row_101	WASHC4	WASH complex subunit 4 [Source:HGNC Symbol;Acc:HGNC:29174]	4180	0.5304433107376099	0.086072706	No	
row_102	MGAT5	alpha-1,6-mannosylglycoprotein 6-beta-N-acetylglucosaminyltransferase [Source:HGNC Symbol;Acc:HGNC:7049]	4196	0.5272729992866516	0.08692701	No	
row_103	C2CD5	C2 calcium dependent domain containing 5 [Source:HGNC Symbol;Acc:HGNC:29062]	4204	0.5260051488876343	0.08832624	No	
row_104	CEP350	centrosomal protein 350 [Source:HGNC Symbol;Acc:HGNC:24238]	4210	0.5249741077423096	0.08985915	No	
row_105	ZNF148	zinc finger protein 148 [Source:HGNC Symbol;Acc:HGNC:12933]	4214	0.5242964625358582	0.09152699	No	
row_106	SEC14L1	SEC14 like lipid binding 1 [Source:HGNC Symbol;Acc:HGNC:10698]	4215	0.523326575756073	0.093397416	No	
row_107	PPFIA1	PTPRF interacting protein alpha 1 [Source:HGNC Symbol;Acc:HGNC:9245]	4245	0.5184059143066406	0.0932585	No	
row_108	KPNA3	karyopherin subunit alpha 3 [Source:HGNC Symbol;Acc:HGNC:6396]	4259	0.51362144947052	0.09420138	No	
row_109	FNBP1L	formin binding protein 1 like [Source:HGNC Symbol;Acc:HGNC:20851]	4262	0.5129123330116272	0.09589722	No	
row_110	VEGFC	vascular endothelial growth factor C [Source:HGNC Symbol;Acc:HGNC:12682]	4280	0.5100378394126892	0.096552566	No	
row_111	NCK1	NCK adaptor protein 1 [Source:HGNC Symbol;Acc:HGNC:7664]	4309	0.5051639080047607	0.096434996	No	
row_112	TMEM131	transmembrane protein 131 [Source:HGNC Symbol;Acc:HGNC:30366]	4353	0.5000763535499573	0.095269024	No	
row_113	OXSR1	oxidative stress responsive kinase 1 [Source:HGNC Symbol;Acc:HGNC:8508]	4381	0.49562570452690125	0.09518605	No	
row_114	TCF7L2	transcription factor 7 like 2 [Source:HGNC Symbol;Acc:HGNC:11641]	4383	0.49526259303092957	0.09688749	No	
row_115	EIF4G3	eukaryotic translation initiation factor 4 gamma 3 [Source:HGNC Symbol;Acc:HGNC:3298]	4409	0.4905987083911896	0.09692391	No	
row_116	REV3L	REV3 like, DNA directed polymerase zeta catalytic subunit [Source:HGNC Symbol;Acc:HGNC:9968]	4444	0.48535558581352234	0.09632345	No	
row_117	CDC27	cell division cycle 27 [Source:HGNC Symbol;Acc:HGNC:1728]	4448	0.48502257466316223	0.09785093	No	
row_118	FTO	FTO alpha-ketoglutarate dependent dioxygenase [Source:HGNC Symbol;Acc:HGNC:24678]	4479	0.4778461754322052	0.097498365	No	
row_119	RASA1	RAS p21 protein activator 1 [Source:HGNC Symbol;Acc:HGNC:9871]	4496	0.474528968334198	0.09809548	No	
row_120	CHD9	chromodomain helicase DNA binding protein 9 [Source:HGNC Symbol;Acc:HGNC:25701]	4563	0.4614909887313843	0.09521193	No	
row_121	PARG	poly(ADP-ribose) glycohydrolase [Source:HGNC Symbol;Acc:HGNC:8605]	4614	0.4538823962211609	0.09340009	No	
row_122	FYN	FYN proto-oncogene, Src family tyrosine kinase [Source:HGNC Symbol;Acc:HGNC:4037]	4648	0.44744399189949036	0.09273282	No	
row_123	VPS13A	vacuolar protein sorting 13 homolog A [Source:HGNC Symbol;Acc:HGNC:1908]	4652	0.4470316469669342	0.09412451	No	
row_124	TRIM2	tripartite motif containing 2 [Source:HGNC Symbol;Acc:HGNC:15974]	4671	0.4439295828342438	0.0944749	No	
row_125	MEIS2	Meis homeobox 2 [Source:HGNC Symbol;Acc:HGNC:7001]	4684	0.44210702180862427	0.09523086	No	
row_126	ARHGAP12	Rho GTPase activating protein 12 [Source:HGNC Symbol;Acc:HGNC:16348]	4732	0.43547478318214417	0.09355927	No	
row_127	CREB3L2	cAMP responsive element binding protein 3 like 2 [Source:HGNC Symbol;Acc:HGNC:23720]	4742	0.4338785409927368	0.09449187	No	
row_128	RGS20	regulator of G protein signaling 20 [Source:HGNC Symbol;Acc:HGNC:14600]	4830	0.4174979627132416	0.09000877	No	
row_129	KAT6B	lysine acetyltransferase 6B [Source:HGNC Symbol;Acc:HGNC:17582]	4857	0.4123246967792511	0.08969675	No	
row_130	ZFYVE9	zinc finger FYVE-type containing 9 [Source:HGNC Symbol;Acc:HGNC:6775]	4883	0.4071812331676483	0.089435026	No	
row_131	RCOR1	REST corepressor 1 [Source:HGNC Symbol;Acc:HGNC:17441]	4925	0.40146416425704956	0.088053964	No	
row_132	TSPAN5	tetraspanin 5 [Source:HGNC Symbol;Acc:HGNC:17753]	4947	0.3971840441226959	0.08803124	No	
row_133	MED13	mediator complex subunit 13 [Source:HGNC Symbol;Acc:HGNC:22474]	4951	0.3961404860019684	0.08924104	No	
row_134	KDM5A	lysine demethylase 5A [Source:HGNC Symbol;Acc:HGNC:9886]	4987	0.38996830582618713	0.08823098	No	
row_135	SLK	STE20 like kinase [Source:HGNC Symbol;Acc:HGNC:11088]	5021	0.3852238357067108	0.08734133	No	
row_136	STK24	serine/threonine kinase 24 [Source:HGNC Symbol;Acc:HGNC:11403]	5042	0.38157543540000916	0.087331496	No	
row_137	PDS5A	PDS5 cohesin associated factor A [Source:HGNC Symbol;Acc:HGNC:29088]	5047	0.38086140155792236	0.08841801	No	
row_138	DENND5A	DENN domain containing 5A [Source:HGNC Symbol;Acc:HGNC:19344]	5059	0.3791995942592621	0.089017816	No	
row_139	ENC1	ectodermal-neural cortex 1 [Source:HGNC Symbol;Acc:HGNC:3345]	5136	0.36590251326560974	0.08510581	No	
row_140	PKP4	plakophilin 4 [Source:HGNC Symbol;Acc:HGNC:9026]	5174	0.35939326882362366	0.08384911	No	
row_141	CRADD	CASP2 and RIPK1 domain containing adaptor with death domain [Source:HGNC Symbol;Acc:HGNC:2340]	5249	0.34860458970069885	0.08001264	No	
row_142	MAP2K4	mitogen-activated protein kinase kinase 4 [Source:HGNC Symbol;Acc:HGNC:6844]	5278	0.34316688776016235	0.07931608	No	
row_143	STK3	serine/threonine kinase 3 [Source:HGNC Symbol;Acc:HGNC:11406]	5279	0.3428270220756531	0.08054137	No	
row_144	MAP1B	microtubule associated protein 1B [Source:HGNC Symbol;Acc:HGNC:6836]	5288	0.3420386016368866	0.081214406	No	
row_145	MYCBP2	MYC binding protein 2 [Source:HGNC Symbol;Acc:HGNC:23386]	5294	0.34071028232574463	0.08208874	No	
row_146	WRN	WRN RecQ like helicase [Source:HGNC Symbol;Acc:HGNC:12791]	5316	0.33577683568000793	0.08184653	No	
row_147	GAPVD1	GTPase activating protein and VPS9 domains 1 [Source:HGNC Symbol;Acc:HGNC:23375]	5320	0.33533668518066406	0.08283901	No	
row_148	NCOA1	nuclear receptor coactivator 1 [Source:HGNC Symbol;Acc:HGNC:7668]	5358	0.3273896872997284	0.081467934	No	
row_149	TAF4	TATA-box binding protein associated factor 4 [Source:HGNC Symbol;Acc:HGNC:11537]	5372	0.32421547174453735	0.08173385	No	
row_150	RAB6A	RAB6A, member RAS oncogene family [Source:HGNC Symbol;Acc:HGNC:9786]	5385	0.32293808460235596	0.08206389	No	
row_151	UVRAG	UV radiation resistance associated [Source:HGNC Symbol;Acc:HGNC:12640]	5425	0.3141824007034302	0.08050824	No	
row_152	AFAP1	actin filament associated protein 1 [Source:HGNC Symbol;Acc:HGNC:24017]	5437	0.31124991178512573	0.08086519	No	
row_153	UGCG	UDP-glucose ceramide glucosyltransferase [Source:HGNC Symbol;Acc:HGNC:12524]	5455	0.30766403675079346	0.080797225	No	
row_154	TAB2	TGF-beta activated kinase 1 (MAP3K7) binding protein 2 [Source:HGNC Symbol;Acc:HGNC:17075]	5497	0.3002988398075104	0.079054594	No	
row_155	SNX13	sorting nexin 13 [Source:HGNC Symbol;Acc:HGNC:21335]	5500	0.30004268884658813	0.07998962	No	
row_156	OPA1	OPA1 mitochondrial dynamin like GTPase [Source:HGNC Symbol;Acc:HGNC:8140]	5519	0.29746922850608826	0.079816535	No	
row_157	SMCHD1	structural maintenance of chromosomes flexible hinge domain containing 1 [Source:HGNC Symbol;Acc:HGNC:29090]	5533	0.29544883966445923	0.07997964	No	
row_158	ZNF638	zinc finger protein 638 [Source:HGNC Symbol;Acc:HGNC:17894]	5546	0.2930859625339508	0.08020299	No	
row_159	BCAR3	BCAR3 adaptor protein, NSP family member [Source:HGNC Symbol;Acc:HGNC:973]	5569	0.2900295853614807	0.079728596	No	
row_160	UBE3A	ubiquitin protein ligase E3A [Source:HGNC Symbol;Acc:HGNC:12496]	5583	0.2877814769744873	0.0798643	No	
row_161	CLEC16A	C-type lectin domain containing 16A [Source:HGNC Symbol;Acc:HGNC:29013]	5591	0.2871764004230499	0.08040993	No	
row_162	MKLN1	muskelin 1 [Source:HGNC Symbol;Acc:HGNC:7109]	5652	0.2788757085800171	0.07728578	No	
row_163	EXT1	exostosin glycosyltransferase 1 [Source:HGNC Symbol;Acc:HGNC:3512]	5661	0.2774956226348877	0.07772813	No	
row_164	YAP1	Yes1 associated transcriptional regulator [Source:HGNC Symbol;Acc:HGNC:16262]	5663	0.27723515033721924	0.07865032	No	
row_165	CBLB	Cbl proto-oncogene B [Source:HGNC Symbol;Acc:HGNC:1542]	5688	0.2737494111061096	0.07798038	No	
row_166	NFIB	nuclear factor I B [Source:HGNC Symbol;Acc:HGNC:7785]	5724	0.26671040058135986	0.07652978	No	
row_167	PARD3	par-3 family cell polarity regulator [Source:HGNC Symbol;Acc:HGNC:16051]	5742	0.26431918144226074	0.0763069	No	
row_168	AKAP9	A-kinase anchoring protein 9 [Source:HGNC Symbol;Acc:HGNC:379]	5761	0.26125550270080566	0.07600439	No	
row_169	ZHX2	zinc fingers and homeoboxes 2 [Source:HGNC Symbol;Acc:HGNC:18513]	5778	0.2578837275505066	0.075827196	No	
row_170	ZNF292	zinc finger protein 292 [Source:HGNC Symbol;Acc:HGNC:18410]	5819	0.25072571635246277	0.07397606	No	
row_171	CDK13	cyclin dependent kinase 13 [Source:HGNC Symbol;Acc:HGNC:1733]	5851	0.24511103332042694	0.072722994	No	
row_172	FOXK2	forkhead box K2 [Source:HGNC Symbol;Acc:HGNC:6036]	5875	0.23997683823108673	0.072001025	No	
row_173	GNAQ	G protein subunit alpha q [Source:HGNC Symbol;Acc:HGNC:4390]	5940	0.22905626893043518	0.06842409	No	
row_174	SMAD3	SMAD family member 3 [Source:HGNC Symbol;Acc:HGNC:6769]	5954	0.22765474021434784	0.0683449	No	
row_175	KIF2A	kinesin family member 2A [Source:HGNC Symbol;Acc:HGNC:6318]	5970	0.22503289580345154	0.06811897	No	
row_176	PALS2	protein associated with LIN7 2, MAGUK p55 family member [Source:HGNC Symbol;Acc:HGNC:18167]	5977	0.22371859848499298	0.06850648	No	
row_177	CUX1	cut like homeobox 1 [Source:HGNC Symbol;Acc:HGNC:2557]	6054	0.21135978400707245	0.06404212	No	
row_178	TRAPPC8	trafficking protein particle complex subunit 8 [Source:HGNC Symbol;Acc:HGNC:29169]	6079	0.20712196826934814	0.063134044	No	
row_179	NUP98	nucleoporin 98 and 96 precursor [Source:HGNC Symbol;Acc:HGNC:8068]	6085	0.20624235272407532	0.06352777	No	
row_180	BARD1	BRCA1 associated RING domain 1 [Source:HGNC Symbol;Acc:HGNC:952]	6122	0.1990821212530136	0.06176678	No	
row_181	USP24	ubiquitin specific peptidase 24 [Source:HGNC Symbol;Acc:HGNC:12623]	6128	0.1980130970478058	0.062131092	No	
row_182	RNF13	ring finger protein 13 [Source:HGNC Symbol;Acc:HGNC:10057]	6167	0.19308052957057953	0.060211293	No	
row_183	PHIP	pleckstrin homology domain interacting protein [Source:HGNC Symbol;Acc:HGNC:15673]	6177	0.19094446301460266	0.060275618	No	
row_184	PRKCI	protein kinase C iota [Source:HGNC Symbol;Acc:HGNC:9404]	6191	0.18912145495414734	0.0600587	No	
row_185	DNAJC13	DnaJ heat shock protein family (Hsp40) member C13 [Source:HGNC Symbol;Acc:HGNC:30343]	6196	0.18866243958473206	0.060458273	No	
row_186	PAWR	pro-apoptotic WT1 regulator [Source:HGNC Symbol;Acc:HGNC:8614]	6238	0.18036919832229614	0.058287	No	
row_187	PARN	poly(A)-specific ribonuclease [Source:HGNC Symbol;Acc:HGNC:8609]	6263	0.1767261028289795	0.057270285	No	
row_188	ZMYND11	zinc finger MYND-type containing 11 [Source:HGNC Symbol;Acc:HGNC:16966]	6273	0.17491811513900757	0.05727733	No	
row_189	SOS1	SOS Ras/Rac guanine nucleotide exchange factor 1 [Source:HGNC Symbol;Acc:HGNC:11187]	6351	0.16486726701259613	0.05257812	No	
row_190	UBR2	ubiquitin protein ligase E3 component n-recognin 2 [Source:HGNC Symbol;Acc:HGNC:21289]	6354	0.16375716030597687	0.053026043	No	
row_191	ARHGEF7	Rho guanine nucleotide exchange factor 7 [Source:HGNC Symbol;Acc:HGNC:15607]	6363	0.16346809267997742	0.053060845	No	
row_192	TLK1	tousled like kinase 1 [Source:HGNC Symbol;Acc:HGNC:11841]	6408	0.15518322587013245	0.050593507	No	
row_193	PIK3C3	phosphatidylinositol 3-kinase catalytic subunit type 3 [Source:HGNC Symbol;Acc:HGNC:8974]	6447	0.15079110860824585	0.04852256	No	
row_194	PKN2	protein kinase N2 [Source:HGNC Symbol;Acc:HGNC:9406]	6463	0.1484098732471466	0.048022773	No	
row_195	SSBP1	single stranded DNA binding protein 1 [Source:HGNC Symbol;Acc:HGNC:11317]	6466	0.14824016392230988	0.048415236	No	
row_196	EVI5	ecotropic viral integration site 5 [Source:HGNC Symbol;Acc:HGNC:3501]	6467	0.14815914630889893	0.04894477	No	
row_197	BPTF	bromodomain PHD finger transcription factor [Source:HGNC Symbol;Acc:HGNC:3581]	6481	0.14631378650665283	0.048574857	No	
row_198	TRAK1	trafficking kinesin protein 1 [Source:HGNC Symbol;Acc:HGNC:29947]	6482	0.14582321047782898	0.049096044	No	
row_199	PMS1	PMS1 homolog 1, mismatch repair system component [Source:HGNC Symbol;Acc:HGNC:9121]	6487	0.1445622593164444	0.049337998	No	
row_200	JARID2	jumonji and AT-rich interaction domain containing 2 [Source:HGNC Symbol;Acc:HGNC:6196]	6502	0.14234696328639984	0.048885226	No	
row_201	RNGTT	RNA guanylyltransferase and 5'-phosphatase [Source:HGNC Symbol;Acc:HGNC:10073]	6503	0.142142653465271	0.04939326	No	
row_202	CUL1	cullin 1 [Source:HGNC Symbol;Acc:HGNC:2551]	6522	0.1388574242591858	0.048653286	No	
row_203	ID1	inhibitor of DNA binding 1, HLH protein [Source:HGNC Symbol;Acc:HGNC:5360]	6539	0.13737131655216217	0.048045363	No	
row_204	RB1	RB transcriptional corepressor 1 [Source:HGNC Symbol;Acc:HGNC:9884]	6609	0.12869171798229218	0.04376631	No	
row_205	PRKCA	protein kinase C alpha [Source:HGNC Symbol;Acc:HGNC:9393]	6615	0.12778419256210327	0.043879617	No	
row_206	NUMB	NUMB endocytic adaptor protein [Source:HGNC Symbol;Acc:HGNC:8060]	6633	0.12591634690761566	0.043162074	No	
row_207	HIRA	histone cell cycle regulator [Source:HGNC Symbol;Acc:HGNC:4916]	6677	0.12053930014371872	0.040639598	No	
row_208	FARS2	phenylalanyl-tRNA synthetase 2, mitochondrial [Source:HGNC Symbol;Acc:HGNC:21062]	6714	0.11445486545562744	0.03857614	No	
row_209	TUT4	terminal uridylyl transferase 4 [Source:HGNC Symbol;Acc:HGNC:28981]	6728	0.11159799993038177	0.03808215	No	
row_210	PHLPP2	PH domain and leucine rich repeat protein phosphatase 2 [Source:HGNC Symbol;Acc:HGNC:29149]	6747	0.11011389642953873	0.037239444	No	
row_211	FNDC3A	fibronectin type III domain containing 3A [Source:HGNC Symbol;Acc:HGNC:20296]	6765	0.10791312903165817	0.036457554	No	
row_212	CDC42BPA	CDC42 binding protein kinase alpha [Source:HGNC Symbol;Acc:HGNC:1737]	6804	0.10148236900568008	0.034210373	No	
row_213	RBM39	RNA binding motif protein 39 [Source:HGNC Symbol;Acc:HGNC:15923]	6820	0.09954172372817993	0.033535924	No	
row_214	TASOR	transcription activation suppressor [Source:HGNC Symbol;Acc:HGNC:30314]	6834	0.09703003615140915	0.032989863	No	
row_215	USP12	ubiquitin specific peptidase 12 [Source:HGNC Symbol;Acc:HGNC:20485]	6857	0.09331882745027542	0.031812407	No	
row_216	ATAD2B	ATPase family AAA domain containing 2B [Source:HGNC Symbol;Acc:HGNC:29230]	6902	0.08756047487258911	0.029103378	No	
row_217	RABGAP1	RAB GTPase activating protein 1 [Source:HGNC Symbol;Acc:HGNC:17155]	6936	0.08343101292848587	0.027135085	No	
row_218	TRIP12	thyroid hormone receptor interactor 12 [Source:HGNC Symbol;Acc:HGNC:12306]	6969	0.07762941718101501	0.02521474	No	
row_219	MOK	MOK protein kinase [Source:HGNC Symbol;Acc:HGNC:9833]	6983	0.07551032304763794	0.024591764	No	
row_220	ATRX	ATRX chromatin remodeler [Source:HGNC Symbol;Acc:HGNC:886]	6995	0.07405628263950348	0.024100954	No	
row_221	TOPBP1	DNA topoisomerase II binding protein 1 [Source:HGNC Symbol;Acc:HGNC:17008]	7084	0.06187492236495018	0.018278144	No	
row_222	PRMT3	protein arginine methyltransferase 3 [Source:HGNC Symbol;Acc:HGNC:30163]	7096	0.05920497328042984	0.017734256	No	
row_223	PICALM	phosphatidylinositol binding clathrin assembly protein [Source:HGNC Symbol;Acc:HGNC:15514]	7100	0.05852615088224411	0.01773739	No	
row_224	HELZ	helicase with zinc finger [Source:HGNC Symbol;Acc:HGNC:16878]	7107	0.05758054181933403	0.0175311	No	
row_225	CNOT2	CCR4-NOT transcription complex subunit 2 [Source:HGNC Symbol;Acc:HGNC:7878]	7110	0.05739276856184006	0.017598866	No	
row_226	GBE1	1,4-alpha-glucan branching enzyme 1 [Source:HGNC Symbol;Acc:HGNC:4180]	7127	0.054643288254737854	0.016695267	No	
row_227	IBTK	inhibitor of Bruton tyrosine kinase [Source:HGNC Symbol;Acc:HGNC:17853]	7158	0.05113348364830017	0.014817582	No	
row_228	UBR5	ubiquitin protein ligase E3 component n-recognin 5 [Source:HGNC Symbol;Acc:HGNC:16806]	7163	0.05088382959365845	0.014724722	No	
row_229	EPS15	epidermal growth factor receptor pathway substrate 15 [Source:HGNC Symbol;Acc:HGNC:3419]	7241	0.03912967070937157	0.009576114	No	
row_230	APPBP2	amyloid beta precursor protein binding protein 2 [Source:HGNC Symbol;Acc:HGNC:622]	7242	0.03877735882997513	0.009714708	No	
row_231	MDN1	midasin AAA ATPase 1 [Source:HGNC Symbol;Acc:HGNC:18302]	7256	0.03769218921661377	0.008956566	No	
row_232	HNRNPDL	heterogeneous nuclear ribonucleoprotein D like [Source:HGNC Symbol;Acc:HGNC:5037]	7266	0.03710293769836426	0.008471045	No	
row_233	CDK17	cyclin dependent kinase 17 [Source:HGNC Symbol;Acc:HGNC:8750]	7290	0.03413960337638855	0.0070133926	No	
row_234	TRIM33	tripartite motif containing 33 [Source:HGNC Symbol;Acc:HGNC:16290]	7296	0.03316143900156021	0.0067885085	No	
row_235	PPP2R5C	protein phosphatase 2 regulatory subunit B'gamma [Source:HGNC Symbol;Acc:HGNC:9311]	7298	0.03309206664562225	0.006838102	No	
row_236	SETD2	SET domain containing 2, histone lysine methyltransferase [Source:HGNC Symbol;Acc:HGNC:18420]	7320	0.030009420588612556	0.005503051	No	
row_237	PHF3	PHD finger protein 3 [Source:HGNC Symbol;Acc:HGNC:8921]	7350	0.024956578388810158	0.00360049	No	
row_238	ANKRD17	ankyrin repeat domain 17 [Source:HGNC Symbol;Acc:HGNC:23575]	7433	0.014760381542146206	-0.0019786232	No	
row_239	CTBP2	C-terminal binding protein 2 [Source:HGNC Symbol;Acc:HGNC:2495]	7445	0.013352962210774422	-0.002686393	No	
row_240	MARK3	microtubule affinity regulating kinase 3 [Source:HGNC Symbol;Acc:HGNC:6897]	7562	0.006093124393373728	-0.010631649	No	
row_241	PPP2R2A	protein phosphatase 2 regulatory subunit Balpha [Source:HGNC Symbol;Acc:HGNC:9304]	7565	0.0060647232457995415	-0.010747336	No	
row_242	RBM6	RNA binding motif protein 6 [Source:HGNC Symbol;Acc:HGNC:9903]	7590	0.005221828352659941	-0.012377024	No	
row_243	RBPJ	recombination signal binding protein for immunoglobulin kappa J region [Source:HGNC Symbol;Acc:HGNC:5724]	7623	0.0040110815316438675	-0.01456049	No	
row_244	FOXD1	forkhead box D1 [Source:HGNC Symbol;Acc:HGNC:3802]	8186	0.0	-0.053159393	No	
row_245	SCHIP1	schwannomin interacting protein 1 [Source:HGNC Symbol;Acc:HGNC:15678]	9241	-0.002854452235624194	-0.1255393	No	
row_246	SRPK2	SRSF protein kinase 2 [Source:HGNC Symbol;Acc:HGNC:11306]	9323	-0.004621156025677919	-0.13108598	No	
row_247	NEK7	NIMA related kinase 7 [Source:HGNC Symbol;Acc:HGNC:13386]	9372	-0.006155733019113541	-0.13436067	No	
row_248	PTK2	protein tyrosine kinase 2 [Source:HGNC Symbol;Acc:HGNC:9611]	9450	-0.010194673202931881	-0.1396127	No	
row_249	ZMYM4	zinc finger MYM-type containing 4 [Source:HGNC Symbol;Acc:HGNC:13055]	9462	-0.01125654298812151	-0.14032796	No	
row_250	DNMBP	dynamin binding protein [Source:HGNC Symbol;Acc:HGNC:30373]	9485	-0.012799500487744808	-0.1417932	No	
row_251	MAN2A1	mannosidase alpha class 2A member 1 [Source:HGNC Symbol;Acc:HGNC:6824]	9522	-0.016299288719892502	-0.14420748	No	
row_252	NMT2	N-myristoyltransferase 2 [Source:HGNC Symbol;Acc:HGNC:7858]	9523	-0.016334515064954758	-0.1441491	No	
row_253	CDS2	CDP-diacylglycerol synthase 2 [Source:HGNC Symbol;Acc:HGNC:1801]	9536	-0.017348557710647583	-0.14491127	No	
row_254	PKD2	polycystin 2, transient receptor potential cation channel [Source:HGNC Symbol;Acc:HGNC:9009]	9566	-0.020860156044363976	-0.14682847	No	
row_255	TCF12	transcription factor 12 [Source:HGNC Symbol;Acc:HGNC:11623]	9610	-0.025147337466478348	-0.1496919	No	
row_256	CEP170	centrosomal protein 170 [Source:HGNC Symbol;Acc:HGNC:28920]	9612	-0.025294790044426918	-0.14967017	No	
row_257	BAZ2B	bromodomain adjacent to zinc finger domain 2B [Source:HGNC Symbol;Acc:HGNC:963]	9629	-0.027380889281630516	-0.1506712	No	
row_258	ATF2	activating transcription factor 2 [Source:HGNC Symbol;Acc:HGNC:784]	9630	-0.027436910197138786	-0.15057313	No	
row_259	MNAT1	MNAT1 component of CDK activating kinase [Source:HGNC Symbol;Acc:HGNC:7181]	9639	-0.028318069875240326	-0.15102138	No	
row_260	SPOP	speckle type BTB/POZ protein [Source:HGNC Symbol;Acc:HGNC:11254]	9681	-0.03353146091103554	-0.15371747	No	
row_261	ATXN2	ataxin 2 [Source:HGNC Symbol;Acc:HGNC:10555]	9709	-0.036825794726610184	-0.15544024	No	
row_262	FOXJ3	forkhead box J3 [Source:HGNC Symbol;Acc:HGNC:29178]	9721	-0.038157153874635696	-0.15605935	No	
row_263	KLF10	Kruppel like factor 10 [Source:HGNC Symbol;Acc:HGNC:11810]	9735	-0.04004257917404175	-0.1568091	No	
row_264	PIP4K2A	phosphatidylinositol-5-phosphate 4-kinase type 2 alpha [Source:HGNC Symbol;Acc:HGNC:8997]	9738	-0.040443383157253265	-0.15680191	No	
row_265	KAT6A	lysine acetyltransferase 6A [Source:HGNC Symbol;Acc:HGNC:13013]	9747	-0.04162796214222908	-0.15720259	No	
row_266	IRS1	insulin receptor substrate 1 [Source:HGNC Symbol;Acc:HGNC:6125]	9764	-0.04458417743444443	-0.15814213	No	
row_267	U2SURP	U2 snRNP associated SURP domain containing [Source:HGNC Symbol;Acc:HGNC:30855]	9765	-0.04479490965604782	-0.15798204	No	
row_268	FGF5	fibroblast growth factor 5 [Source:HGNC Symbol;Acc:HGNC:3683]	9813	-0.05100536718964577	-0.16102776	No	
row_269	DOP1B	DOP1 leucine zipper like protein B [Source:HGNC Symbol;Acc:HGNC:1291]	9846	-0.05624060705304146	-0.16302454	No	
row_270	PRRC2C	proline rich coiled-coil 2C [Source:HGNC Symbol;Acc:HGNC:24903]	9857	-0.05814258009195328	-0.16350356	No	
row_271	WDR7	WD repeat domain 7 [Source:HGNC Symbol;Acc:HGNC:13490]	9877	-0.06099846214056015	-0.16459048	No	
row_272	NUP153	nucleoporin 153 [Source:HGNC Symbol;Acc:HGNC:8062]	9937	-0.06912106275558472	-0.16839564	No	
row_273	OSBPL8	oxysterol binding protein like 8 [Source:HGNC Symbol;Acc:HGNC:16396]	9938	-0.06913982331752777	-0.16814852	No	
row_274	MTF2	metal response element binding transcription factor 2 [Source:HGNC Symbol;Acc:HGNC:29535]	9939	-0.0695558413863182	-0.16789992	No	
row_275	HOMER1	homer scaffold protein 1 [Source:HGNC Symbol;Acc:HGNC:17512]	9955	-0.07186608016490936	-0.16867329	No	
row_276	TIPARP	TCDD inducible poly(ADP-ribose) polymerase [Source:HGNC Symbol;Acc:HGNC:23696]	9961	-0.0730884000658989	-0.16875547	No	
row_277	FOXO3	forkhead box O3 [Source:HGNC Symbol;Acc:HGNC:3821]	10093	-0.09292391687631607	-0.1774206	No	
row_278	ITSN2	intersectin 2 [Source:HGNC Symbol;Acc:HGNC:6184]	10179	-0.10607125610113144	-0.1828794	No	
row_279	SMURF2	SMAD specific E3 ubiquitin protein ligase 2 [Source:HGNC Symbol;Acc:HGNC:16809]	10191	-0.10780929774045944	-0.18324958	No	
row_280	DLC1	DLC1 Rho GTPase activating protein [Source:HGNC Symbol;Acc:HGNC:2897]	10214	-0.1120544970035553	-0.18436007	No	
row_281	MED13L	mediator complex subunit 13L [Source:HGNC Symbol;Acc:HGNC:22962]	10251	-0.11780381947755814	-0.18641156	No	
row_282	SEC24A	SEC24 homolog A, COPII coat complex component [Source:HGNC Symbol;Acc:HGNC:10703]	10291	-0.12458203732967377	-0.18864486	No	
row_283	ZC3H4	zinc finger CCCH-type containing 4 [Source:HGNC Symbol;Acc:HGNC:17808]	10305	-0.12674304842948914	-0.18908472	No	
row_284	TLK2	tousled like kinase 2 [Source:HGNC Symbol;Acc:HGNC:11842]	10326	-0.12997539341449738	-0.1899938	No	
row_285	CHD1	chromodomain helicase DNA binding protein 1 [Source:HGNC Symbol;Acc:HGNC:1915]	10329	-0.1303083598613739	-0.18966542	No	
row_286	GMPS	guanine monophosphate synthase [Source:HGNC Symbol;Acc:HGNC:4378]	10420	-0.14856098592281342	-0.19531578	No	
row_287	MTREX	Mtr4 exosome RNA helicase [Source:HGNC Symbol;Acc:HGNC:18734]	10439	-0.15164576470851898	-0.19601004	No	
row_288	LARS2	leucyl-tRNA synthetase 2, mitochondrial [Source:HGNC Symbol;Acc:HGNC:17095]	10453	-0.15462815761566162	-0.19635025	No	
row_289	IL7R	interleukin 7 receptor [Source:HGNC Symbol;Acc:HGNC:6024]	10535	-0.16843636333942413	-0.20131142	No	
row_290	ACVR1	activin A receptor type 1 [Source:HGNC Symbol;Acc:HGNC:171]	10586	-0.17782600224018097	-0.20410992	No	
row_291	E2F3	E2F transcription factor 3 [Source:HGNC Symbol;Acc:HGNC:3115]	10605	-0.18197064101696014	-0.20469579	No	
row_292	TUBGCP3	tubulin gamma complex associated protein 3 [Source:HGNC Symbol;Acc:HGNC:18598]	10614	-0.18345235288143158	-0.20458958	No	
row_293	SEC24B	SEC24 homolog B, COPII coat complex component [Source:HGNC Symbol;Acc:HGNC:10704]	10669	-0.19193381071090698	-0.20761237	No	
row_294	WAPL	WAPL cohesin release factor [Source:HGNC Symbol;Acc:HGNC:23293]	10738	-0.20497697591781616	-0.21155009	No	
row_295	FXR1	FMR1 autosomal homolog 1 [Source:HGNC Symbol;Acc:HGNC:4023]	10773	-0.21230117976665497	-0.21312647	No	
row_296	UBE2D2	ubiquitin conjugating enzyme E2 D2 [Source:HGNC Symbol;Acc:HGNC:12475]	10775	-0.21245060861110687	-0.21243583	No	
row_297	WNT5A	Wnt family member 5A [Source:HGNC Symbol;Acc:HGNC:12784]	10801	-0.21743109822273254	-0.21337575	No	
row_298	CNOT4	CCR4-NOT transcription complex subunit 4 [Source:HGNC Symbol;Acc:HGNC:7880]	10848	-0.22498546540737152	-0.21573097	No	
row_299	PIBF1	progesterone immunomodulatory binding factor 1 [Source:HGNC Symbol;Acc:HGNC:23352]	10862	-0.22714094817638397	-0.215812	No	
row_300	GSK3B	glycogen synthase kinase 3 beta [Source:HGNC Symbol;Acc:HGNC:4617]	10871	-0.22893087565898895	-0.21554323	No	
row_301	FBXW11	F-box and WD repeat domain containing 11 [Source:HGNC Symbol;Acc:HGNC:13607]	10875	-0.2297002375125885	-0.21492828	No	
row_302	PJA2	praja ring finger ubiquitin ligase 2 [Source:HGNC Symbol;Acc:HGNC:17481]	10914	-0.2351856380701065	-0.2166976	No	
row_303	CREBBP	CREB binding protein [Source:HGNC Symbol;Acc:HGNC:2348]	10927	-0.23810537159442902	-0.21667077	No	
row_304	STAM	signal transducing adaptor molecule [Source:HGNC Symbol;Acc:HGNC:11357]	10929	-0.23824207484722137	-0.21588795	No	
row_305	UBL3	ubiquitin like 3 [Source:HGNC Symbol;Acc:HGNC:12504]	10933	-0.23910179734230042	-0.2152394	No	
row_306	FILIP1L	filamin A interacting protein 1 like [Source:HGNC Symbol;Acc:HGNC:24589]	10944	-0.24107785522937775	-0.21506459	No	
row_307	GIGYF2	GRB10 interacting GYF protein 2 [Source:HGNC Symbol;Acc:HGNC:11960]	11002	-0.2508055567741394	-0.21808302	No	
row_308	ABI1	abl interactor 1 [Source:HGNC Symbol;Acc:HGNC:11320]	11025	-0.2544378638267517	-0.21868461	No	
row_309	ASCC3	activating signal cointegrator 1 complex subunit 3 [Source:HGNC Symbol;Acc:HGNC:18697]	11202	-0.29298651218414307	-0.22972536	No	
row_310	QKI	QKI, KH domain containing RNA binding [Source:HGNC Symbol;Acc:HGNC:21100]	11212	-0.2943809926509857	-0.22929135	No	
row_311	LRPPRC	leucine rich pentatricopeptide repeat containing [Source:HGNC Symbol;Acc:HGNC:15714]	11224	-0.2973392903804779	-0.22898412	No	
row_312	ARFGEF1	ADP ribosylation factor guanine nucleotide exchange factor 1 [Source:HGNC Symbol;Acc:HGNC:15772]	11241	-0.29996708035469055	-0.22901091	No	
row_313	CEMIP	cell migration inducing hyaluronidase 1 [Source:HGNC Symbol;Acc:HGNC:29213]	11243	-0.3002377152442932	-0.22800651	No	
row_314	PUM2	pumilio RNA binding family member 2 [Source:HGNC Symbol;Acc:HGNC:14958]	11246	-0.30165183544158936	-0.22706574	No	
row_315	PUM1	pumilio RNA binding family member 1 [Source:HGNC Symbol;Acc:HGNC:14957]	11248	-0.30218741297721863	-0.22605437	No	
row_316	PPP2R5E	protein phosphatase 2 regulatory subunit B'epsilon [Source:HGNC Symbol;Acc:HGNC:9313]	11253	-0.3036595582962036	-0.22524378	No	
row_317	STAG1	stromal antigen 1 [Source:HGNC Symbol;Acc:HGNC:11354]	11258	-0.3046600818634033	-0.22442962	No	
row_318	INPP5F	inositol polyphosphate-5-phosphatase F [Source:HGNC Symbol;Acc:HGNC:17054]	11275	-0.30902570486068726	-0.22442403	No	
row_319	ARIH1	ariadne RBR E3 ubiquitin protein ligase 1 [Source:HGNC Symbol;Acc:HGNC:689]	11285	-0.3101363480091095	-0.2239337	No	
row_320	PHLPP1	PH domain and leucine rich repeat protein phosphatase 1 [Source:HGNC Symbol;Acc:HGNC:20610]	11314	-0.3175448477268219	-0.22472183	No	
row_321	FBXL7	F-box and leucine rich repeat protein 7 [Source:HGNC Symbol;Acc:HGNC:13604]	11315	-0.3178131878376007	-0.22358595	No	
row_322	STRN3	striatin 3 [Source:HGNC Symbol;Acc:HGNC:15720]	11340	-0.3233605921268463	-0.22407857	No	
row_323	E2F2	E2F transcription factor 2 [Source:HGNC Symbol;Acc:HGNC:3114]	11350	-0.3251613974571228	-0.22353454	No	
row_324	PRIM2	DNA primase subunit 2 [Source:HGNC Symbol;Acc:HGNC:9370]	11456	-0.3475015163421631	-0.22950408	No	
row_325	IGF2BP3	insulin like growth factor 2 mRNA binding protein 3 [Source:HGNC Symbol;Acc:HGNC:28868]	11460	-0.3485527038574219	-0.22846435	No	
row_326	HMGXB4	HMG-box containing 4 [Source:HGNC Symbol;Acc:HGNC:5003]	11471	-0.35141971707344055	-0.22789516	No	
row_327	PPP1R12A	protein phosphatase 1 regulatory subunit 12A [Source:HGNC Symbol;Acc:HGNC:7618]	11472	-0.35144802927970886	-0.22663905	No	
row_328	SUZ12	SUZ12 polycomb repressive complex 2 subunit [Source:HGNC Symbol;Acc:HGNC:17101]	11489	-0.3560449182987213	-0.2264654	No	
row_329	UBE2G1	ubiquitin conjugating enzyme E2 G1 [Source:HGNC Symbol;Acc:HGNC:12482]	11556	-0.3691137433052063	-0.22967912	No	
row_330	LARP4	La ribonucleoprotein 4 [Source:HGNC Symbol;Acc:HGNC:24320]	11638	-0.3857584595680237	-0.23386356	No	
row_331	MTX2	metaxin 2 [Source:HGNC Symbol;Acc:HGNC:7506]	11639	-0.38586103916168213	-0.23248446	No	
row_332	SPEN	spen family transcriptional repressor [Source:HGNC Symbol;Acc:HGNC:17575]	11659	-0.39105361700057983	-0.23239173	No	
row_333	BAZ1A	bromodomain adjacent to zinc finger domain 1A [Source:HGNC Symbol;Acc:HGNC:960]	11675	-0.39566078782081604	-0.23200782	No	
row_334	PPP2CA	protein phosphatase 2 catalytic subunit alpha [Source:HGNC Symbol;Acc:HGNC:9299]	11706	-0.40063971281051636	-0.23263633	No	
row_335	IPO7	importin 7 [Source:HGNC Symbol;Acc:HGNC:9852]	11737	-0.40729209780693054	-0.23324107	No	
row_336	RBFOX2	RNA binding fox-1 homolog 2 [Source:HGNC Symbol;Acc:HGNC:9906]	11740	-0.40799590945243835	-0.23192021	No	
row_337	CKAP5	cytoskeleton associated protein 5 [Source:HGNC Symbol;Acc:HGNC:28959]	11749	-0.41006189584732056	-0.23100406	No	
row_338	MAP2K1	mitogen-activated protein kinase kinase 1 [Source:HGNC Symbol;Acc:HGNC:6840]	11772	-0.4170989990234375	-0.23102428	No	
row_339	ATP2B1	ATPase plasma membrane Ca2+ transporting 1 [Source:HGNC Symbol;Acc:HGNC:814]	11782	-0.4194779098033905	-0.23014316	No	
row_340	CREB1	cAMP responsive element binding protein 1 [Source:HGNC Symbol;Acc:HGNC:2345]	11838	-0.43244025111198425	-0.23237504	No	
row_341	NVL	nuclear VCP like [Source:HGNC Symbol;Acc:HGNC:8070]	11866	-0.44060561060905457	-0.23265468	No	
row_342	PAFAH1B1	platelet activating factor acetylhydrolase 1b regulatory subunit 1 [Source:HGNC Symbol;Acc:HGNC:8574]	11997	-0.4737527370452881	-0.23989	No	
row_343	ITSN1	intersectin 1 [Source:HGNC Symbol;Acc:HGNC:6183]	11999	-0.47417280077934265	-0.23826393	No	
row_344	RGS7	regulator of G protein signaling 7 [Source:HGNC Symbol;Acc:HGNC:10003]	12050	-0.4887167811393738	-0.23995128	No	
row_345	DHX15	DEAH-box helicase 15 [Source:HGNC Symbol;Acc:HGNC:2738]	12097	-0.49946174025535583	-0.24132548	No	
row_346	CENPA	centromere protein A [Source:HGNC Symbol;Acc:HGNC:1851]	12105	-0.5018199682235718	-0.2400127	No	
row_347	CLOCK	clock circadian regulator [Source:HGNC Symbol;Acc:HGNC:2082]	12151	-0.5136992931365967	-0.24126734	No	
row_348	TRIO	trio Rho guanine nucleotide exchange factor [Source:HGNC Symbol;Acc:HGNC:12303]	12155	-0.5156542062759399	-0.23963039	No	
row_349	LARP4B	La ribonucleoprotein 4B [Source:HGNC Symbol;Acc:HGNC:28987]	12158	-0.516266405582428	-0.23792256	No	
row_350	PTPRK	protein tyrosine phosphatase receptor type K [Source:HGNC Symbol;Acc:HGNC:9674]	12196	-0.5277205109596252	-0.23857763	No	
row_351	HIVEP1	HIVEP zinc finger 1 [Source:HGNC Symbol;Acc:HGNC:4920]	12199	-0.528546929359436	-0.23682591	No	
row_352	GTF2F2	general transcription factor IIF subunit 2 [Source:HGNC Symbol;Acc:HGNC:4653]	12243	-0.542025625705719	-0.23784196	No	
row_353	LHFPL2	LHFPL tetraspan subfamily member 2 [Source:HGNC Symbol;Acc:HGNC:6588]	12346	-0.5696616768836975	-0.24281143	No	
row_354	PRR3	proline rich 3 [Source:HGNC Symbol;Acc:HGNC:21149]	12668	-0.6692948341369629	-0.26246598	No	
row_355	CAP2	cyclase associated actin cytoskeleton regulatory protein 2 [Source:HGNC Symbol;Acc:HGNC:20039]	12678	-0.6739043593406677	-0.26067552	No	
row_356	MAMLD1	mastermind like domain containing 1 [Source:HGNC Symbol;Acc:HGNC:2568]	12693	-0.678207278251648	-0.2592131	No	
row_357	NPEPPS	aminopeptidase puromycin sensitive [Source:HGNC Symbol;Acc:HGNC:7900]	12752	-0.6961109638214111	-0.26070863	No	
row_358	USP13	ubiquitin specific peptidase 13 [Source:HGNC Symbol;Acc:HGNC:12611]	12808	-0.7163476943969727	-0.2619258	No	
row_359	UTP18	UTP18 small subunit processome component [Source:HGNC Symbol;Acc:HGNC:24274]	12813	-0.7181884050369263	-0.25963363	No	
row_360	G6PD	glucose-6-phosphate dehydrogenase [Source:HGNC Symbol;Acc:HGNC:4057]	13017	-0.7890962958335876	-0.27075562	Yes	
row_361	ADSL	adenylosuccinate lyase [Source:HGNC Symbol;Acc:HGNC:291]	13029	-0.793933093547821	-0.2686735	Yes	
row_362	SRSF3	serine and arginine rich splicing factor 3 [Source:HGNC Symbol;Acc:HGNC:10785]	13083	-0.8166441321372986	-0.26939487	Yes	
row_363	ADGRG6	adhesion G protein-coupled receptor G6 [Source:HGNC Symbol;Acc:HGNC:13841]	13084	-0.8187638521194458	-0.26646852	Yes	
row_364	NREP	neuronal regeneration related protein [Source:HGNC Symbol;Acc:HGNC:16834]	13105	-0.825386643409729	-0.26489213	Yes	
row_365	DAPK1	death associated protein kinase 1 [Source:HGNC Symbol;Acc:HGNC:2674]	13119	-0.8321216702461243	-0.2628109	Yes	
row_366	SRSF7	serine and arginine rich splicing factor 7 [Source:HGNC Symbol;Acc:HGNC:10789]	13153	-0.842566728591919	-0.26206595	Yes	
row_367	WDR43	WD repeat domain 43 [Source:HGNC Symbol;Acc:HGNC:28945]	13154	-0.8426909446716309	-0.2590541	Yes	
row_368	NAA20	N-alpha-acetyltransferase 20, NatB catalytic subunit [Source:HGNC Symbol;Acc:HGNC:15908]	13179	-0.8563016057014465	-0.2576419	Yes	
row_369	DYRK1A	dual specificity tyrosine phosphorylation regulated kinase 1A [Source:HGNC Symbol;Acc:HGNC:3091]	13219	-0.8706885576248169	-0.25720856	Yes	
row_370	CCSER2	coiled-coil serine rich protein 2 [Source:HGNC Symbol;Acc:HGNC:29197]	13225	-0.8751359581947327	-0.25442412	Yes	
row_371	SATB2	SATB homeobox 2 [Source:HGNC Symbol;Acc:HGNC:21637]	13246	-0.8862886428833008	-0.25263008	Yes	
row_372	KLF7	Kruppel like factor 7 [Source:HGNC Symbol;Acc:HGNC:6350]	13366	-0.9354440569877625	-0.2574598	Yes	
row_373	MTCL1	microtubule crosslinking factor 1 [Source:HGNC Symbol;Acc:HGNC:29121]	13401	-0.9491844177246094	-0.25640246	Yes	
row_374	BRCA1	BRCA1 DNA repair associated [Source:HGNC Symbol;Acc:HGNC:1100]	13473	-0.9806872010231018	-0.25777376	Yes	
row_375	ATP13A3	ATPase 13A3 [Source:HGNC Symbol;Acc:HGNC:24113]	13476	-0.9817933440208435	-0.25440207	Yes	
row_376	GOLGA4	golgin A4 [Source:HGNC Symbol;Acc:HGNC:4427]	13494	-0.9903547167778015	-0.25203004	Yes	
row_377	SEMA3C	semaphorin 3C [Source:HGNC Symbol;Acc:HGNC:10725]	13663	-1.0811446905136108	-0.25970438	Yes	
row_378	FERMT2	FERM domain containing kindlin 2 [Source:HGNC Symbol;Acc:HGNC:15767]	13684	-1.09280264377594	-0.2571722	Yes	
row_379	STARD13	StAR related lipid transfer domain containing 13 [Source:HGNC Symbol;Acc:HGNC:19164]	13698	-1.101858377456665	-0.2541269	Yes	
row_380	FOXN3	forkhead box N3 [Source:HGNC Symbol;Acc:HGNC:1928]	13717	-1.1153870820999146	-0.25137666	Yes	
row_381	KIF5C	kinesin family member 5C [Source:HGNC Symbol;Acc:HGNC:6325]	13720	-1.116428017616272	-0.24752378	Yes	
row_382	PUM3	pumilio RNA binding family member 3 [Source:HGNC Symbol;Acc:HGNC:29676]	13726	-1.1199604272842407	-0.24386433	Yes	
row_383	XPO1	exportin 1 [Source:HGNC Symbol;Acc:HGNC:12825]	13740	-1.1304175853729248	-0.24071696	Yes	
row_384	BLM	BLM RecQ like helicase [Source:HGNC Symbol;Acc:HGNC:1058]	13755	-1.1381428241729736	-0.23761065	Yes	
row_385	MECP2	methyl-CpG binding protein 2 [Source:HGNC Symbol;Acc:HGNC:6990]	13799	-1.1637030839920044	-0.23640476	Yes	
row_386	UCK2	uridine-cytidine kinase 2 [Source:HGNC Symbol;Acc:HGNC:12562]	13829	-1.1851011514663696	-0.23416084	Yes	
row_387	FLNB	filamin B [Source:HGNC Symbol;Acc:HGNC:3755]	13925	-1.2565889358520508	-0.23619439	Yes	
row_388	SEMA5A	semaphorin 5A [Source:HGNC Symbol;Acc:HGNC:10736]	13939	-1.2658277750015259	-0.23256303	Yes	
row_389	ROCK2	Rho associated coiled-coil containing protein kinase 2 [Source:HGNC Symbol;Acc:HGNC:10252]	14050	-1.344454050064087	-0.23531276	Yes	
row_390	HIVEP2	HIVEP zinc finger 2 [Source:HGNC Symbol;Acc:HGNC:4921]	14054	-1.3454402685165405	-0.23071006	Yes	
row_391	FAM169A	family with sequence similarity 169 member A [Source:HGNC Symbol;Acc:HGNC:29138]	14074	-1.3589471578598022	-0.22715798	Yes	
row_392	KIF20B	kinesin family member 20B [Source:HGNC Symbol;Acc:HGNC:7212]	14109	-1.3956464529037476	-0.22450496	Yes	
row_393	FAT1	FAT atypical cadherin 1 [Source:HGNC Symbol;Acc:HGNC:3595]	14112	-1.4021251201629639	-0.21963099	Yes	
row_394	TIAM1	TIAM Rac1 associated GEF 1 [Source:HGNC Symbol;Acc:HGNC:11805]	14177	-1.4608712196350098	-0.21880528	Yes	
row_395	TGFB2	transforming growth factor beta 2 [Source:HGNC Symbol;Acc:HGNC:11768]	14185	-1.4666547775268555	-0.21404406	Yes	
row_396	EIF4E	eukaryotic translation initiation factor 4E [Source:HGNC Symbol;Acc:HGNC:3287]	14222	-1.5020039081573486	-0.21114828	Yes	
row_397	GLRB	glycine receptor beta [Source:HGNC Symbol;Acc:HGNC:4329]	14327	-1.6340135335922241	-0.212451	Yes	
row_398	SAMD4A	sterile alpha motif domain containing 4A [Source:HGNC Symbol;Acc:HGNC:23023]	14341	-1.6476749181747437	-0.20745489	Yes	
row_399	ZNF804A	zinc finger protein 804A [Source:HGNC Symbol;Acc:HGNC:21711]	14363	-1.6791127920150757	-0.20289586	Yes	
row_400	MYO10	myosin X [Source:HGNC Symbol;Acc:HGNC:7593]	14412	-1.7440484762191772	-0.19995916	Yes	
row_401	CENPE	centromere protein E [Source:HGNC Symbol;Acc:HGNC:1856]	14448	-1.7953137159347534	-0.19594637	Yes	
row_402	EHBP1	EH domain binding protein 1 [Source:HGNC Symbol;Acc:HGNC:29144]	14536	-1.9597584009170532	-0.19491726	Yes	
row_403	CRY1	cryptochrome circadian regulator 1 [Source:HGNC Symbol;Acc:HGNC:2384]	14592	-2.0984673500061035	-0.1911946	Yes	
row_404	NUAK1	NUAK family kinase 1 [Source:HGNC Symbol;Acc:HGNC:14311]	14642	-2.2286314964294434	-0.1865946	Yes	
row_405	SLC7A1	solute carrier family 7 member 1 [Source:HGNC Symbol;Acc:HGNC:11057]	14644	-2.2339346408843994	-0.17867897	Yes	
row_406	TOP2A	DNA topoisomerase II alpha [Source:HGNC Symbol;Acc:HGNC:11989]	14648	-2.242231607437134	-0.17087105	Yes	
row_407	DUSP1	dual specificity phosphatase 1 [Source:HGNC Symbol;Acc:HGNC:3064]	14665	-2.266601085662842	-0.16386887	Yes	
row_408	ARID5B	AT-rich interaction domain 5B [Source:HGNC Symbol;Acc:HGNC:17362]	14701	-2.393134117126465	-0.1577194	Yes	
row_409	CENPF	centromere protein F [Source:HGNC Symbol;Acc:HGNC:1857]	14732	-2.4922783374786377	-0.15087219	Yes	
row_410	SERPINE1	serpin family E member 1 [Source:HGNC Symbol;Acc:HGNC:8583]	14753	-2.5593323707580566	-0.14309849	Yes	
row_411	KIF11	kinesin family member 11 [Source:HGNC Symbol;Acc:HGNC:6388]	14754	-2.5594160556793213	-0.13395086	Yes	
row_412	MYC	MYC proto-oncogene, bHLH transcription factor [Source:HGNC Symbol;Acc:HGNC:7553]	14781	-2.6284778118133545	-0.12634212	Yes	
row_413	BHLHE40	basic helix-loop-helix family member e40 [Source:HGNC Symbol;Acc:HGNC:1046]	14808	-2.7275125980377197	-0.118379414	Yes	
row_414	WWC1	WW and C2 domain containing 1 [Source:HGNC Symbol;Acc:HGNC:29435]	14810	-2.747685432434082	-0.10862757	Yes	
row_415	KLF6	Kruppel like factor 6 [Source:HGNC Symbol;Acc:HGNC:2235]	14814	-2.7629661560058594	-0.098958485	Yes	
row_416	MYBL1	MYB proto-oncogene like 1 [Source:HGNC Symbol;Acc:HGNC:7547]	14862	-3.0257065296173096	-0.09137231	Yes	
row_417	BUB1B	BUB1 mitotic checkpoint serine/threonine kinase B [Source:HGNC Symbol;Acc:HGNC:1149]	14870	-3.0769665241241455	-0.08085568	Yes	
row_418	CCN2	cellular communication network factor 2 [Source:HGNC Symbol;Acc:HGNC:2500]	14873	-3.1123409271240234	-0.069869205	Yes	
row_419	NDC80	NDC80 kinetochore complex component [Source:HGNC Symbol;Acc:HGNC:16909]	14896	-3.2553904056549072	-0.05974509	Yes	
row_420	F3	coagulation factor III, tissue factor [Source:HGNC Symbol;Acc:HGNC:3541]	14921	-3.456479787826538	-0.049039617	Yes	
row_421	MELK	maternal embryonic leucine zipper kinase [Source:HGNC Symbol;Acc:HGNC:16870]	14933	-3.5859713554382324	-0.036978472	Yes	
row_422	CCN1	cellular communication network factor 1 [Source:HGNC Symbol;Acc:HGNC:2654]	14939	-3.682379722595215	-0.024160665	Yes	
row_423	CERS6	ceramide synthase 6 [Source:HGNC Symbol;Acc:HGNC:23826]	14940	-3.6907949447631836	-0.010969373	Yes	
row_424	KIF14	kinesin family member 14 [Source:HGNC Symbol;Acc:HGNC:19181]	14950	-3.8954014778137207	0.0023350702	Yes	
