NAME	SYMBOL	TITLE	RANK IN GENE LIST	RANK METRIC SCORE	RUNNING ES	CORE ENRICHMENT	
row_0	ADRA1D	adrenoceptor alpha 1D [Source:HGNC Symbol;Acc:HGNC:280]	61	3.1093978881835938	0.08285758	Yes	
row_1	THBS4	thrombospondin 4 [Source:HGNC Symbol;Acc:HGNC:11788]	63	3.101299524307251	0.1695013	Yes	
row_2	NOTCH3	notch receptor 3 [Source:HGNC Symbol;Acc:HGNC:7883]	74	3.0319809913635254	0.25360504	Yes	
row_3	ENPEP	glutamyl aminopeptidase [Source:HGNC Symbol;Acc:HGNC:3355]	139	2.7231152057647705	0.32546172	Yes	
row_4	PDGFRB	platelet derived growth factor receptor beta [Source:HGNC Symbol;Acc:HGNC:8804]	153	2.6450986862182617	0.39854783	Yes	
row_5	HIGD1B	HIG1 hypoxia inducible domain family member 1B [Source:HGNC Symbol;Acc:HGNC:24318]	216	2.430431604385376	0.46235502	Yes	
row_6	RGS16	regulator of G protein signaling 16 [Source:HGNC Symbol;Acc:HGNC:9997]	479	1.9294363260269165	0.4987794	Yes	
row_7	ARHGEF17	Rho guanine nucleotide exchange factor 17 [Source:HGNC Symbol;Acc:HGNC:21726]	521	1.878045678138733	0.5485466	Yes	
row_8	AGT	angiotensinogen [Source:HGNC Symbol;Acc:HGNC:333]	525	1.8732935190200806	0.6007222	Yes	
row_9	ABCC9	ATP binding cassette subfamily C member 9 [Source:HGNC Symbol;Acc:HGNC:60]	805	1.5813169479370117	0.6262765	Yes	
row_10	CYGB	cytoglobin [Source:HGNC Symbol;Acc:HGNC:16505]	3858	0.5934666395187378	0.43876326	No	
row_11	CCDC190	coiled-coil domain containing 190 [Source:HGNC Symbol;Acc:HGNC:28736]	4487	0.4757392406463623	0.4100664	No	
row_12	TMEM74B	transmembrane protein 74B [Source:HGNC Symbol;Acc:HGNC:15893]	4876	0.4078676998615265	0.39552218	No	
row_13	FOXS1	forkhead box S1 [Source:HGNC Symbol;Acc:HGNC:3735]	5202	0.3550528585910797	0.3837145	No	
row_14	KCNAB1	potassium voltage-gated channel subfamily A regulatory beta subunit 1 [Source:HGNC Symbol;Acc:HGNC:6228]	5284	0.3424045741558075	0.38787094	No	
row_15	KCNJ8	potassium inwardly rectifying channel subfamily J member 8 [Source:HGNC Symbol;Acc:HGNC:6269]	5549	0.2926309406757355	0.37839743	No	
row_16	ACTG2	actin gamma 2, smooth muscle [Source:HGNC Symbol;Acc:HGNC:145]	6899	0.08793110400438309	0.2906399	No	
row_17	ACTA2	actin alpha 2, smooth muscle [Source:HGNC Symbol;Acc:HGNC:130]	6912	0.08628636598587036	0.29224992	No	
row_18	CACNA1S	calcium voltage-gated channel subunit alpha1 S [Source:HGNC Symbol;Acc:HGNC:1397]	6989	0.0751059502363205	0.28926724	No	
row_19	NDUFA4L2	NDUFA4 mitochondrial complex associated like 2 [Source:HGNC Symbol;Acc:HGNC:29836]	7224	0.04202616959810257	0.27479324	No	
row_20	COX4I2	cytochrome c oxidase subunit 4I2 [Source:HGNC Symbol;Acc:HGNC:16232]	7460	0.012142283841967583	0.25941682	No	
row_21	C11orf96	chromosome 11 open reading frame 96 [Source:HGNC Symbol;Acc:HGNC:38675]	7796	8.74671502970159E-4	0.23703775	No	
row_22	GPR20	G protein-coupled receptor 20 [Source:HGNC Symbol;Acc:HGNC:4475]	8038	0.0	0.22092058	No	
row_23	FOXL1	forkhead box L1 [Source:HGNC Symbol;Acc:HGNC:3817]	8172	0.0	0.21202604	No	
row_24	ILDR1	immunoglobulin like domain containing receptor 1 [Source:HGNC Symbol;Acc:HGNC:28741]	9565	-0.0206140223890543	0.11951071	No	
row_25	SEMA5B	semaphorin 5B [Source:HGNC Symbol;Acc:HGNC:10737]	10223	-0.11346371471881866	0.07874542	No	
row_26	PLA2G5	phospholipase A2 group V [Source:HGNC Symbol;Acc:HGNC:9038]	11847	-0.4356830418109894	-0.017613225	No	
row_27	LMOD1	leiomodin 1 [Source:HGNC Symbol;Acc:HGNC:6647]	13102	-0.8246573209762573	-0.07841904	No	
row_28	TAGLN	transgelin [Source:HGNC Symbol;Acc:HGNC:11553]	13834	-1.193045973777771	-0.093948655	No	
row_29	MDFIC2	MyoD family inhibitor domain containing 2 [Source:HGNC Symbol;Acc:HGNC:53442]	14319	-1.6237263679504395	-0.08091826	No	
row_30	MYO3A	myosin IIIA [Source:HGNC Symbol;Acc:HGNC:7601]	14483	-1.8580210208892822	-0.039869856	No	
row_31	MYH11	myosin heavy chain 11 [Source:HGNC Symbol;Acc:HGNC:7569]	14778	-2.621938705444336	0.013776476	No	
