NAME	SYMBOL	TITLE	RANK IN GENE LIST	RANK METRIC SCORE	RUNNING ES	CORE ENRICHMENT	
row_0	COL12A1	collagen type XII alpha 1 chain [Source:HGNC Symbol;Acc:HGNC:2188]	284	2.2789645195007324	0.04984234	No	
row_1	AMIGO1	adhesion molecule with Ig like domain 1 [Source:HGNC Symbol;Acc:HGNC:20824]	830	1.5600357055664062	0.060505625	No	
row_2	RAB24	RAB24, member RAS oncogene family [Source:HGNC Symbol;Acc:HGNC:9765]	925	1.4932228326797485	0.099323906	No	
row_3	PDLIM7	PDZ and LIM domain 7 [Source:HGNC Symbol;Acc:HGNC:22958]	2530	0.8790240287780762	0.018564902	No	
row_4	TOR2A	torsin family 2 member A [Source:HGNC Symbol;Acc:HGNC:11996]	2592	0.863921046257019	0.040581085	No	
row_5	CHODL	chondrolectin [Source:HGNC Symbol;Acc:HGNC:17807]	2917	0.7798253297805786	0.042461403	No	
row_6	CD34	CD34 molecule [Source:HGNC Symbol;Acc:HGNC:1662]	3226	0.712899923324585	0.043390494	No	
row_7	ALG8	ALG8 alpha-1,3-glucosyltransferase [Source:HGNC Symbol;Acc:HGNC:23161]	3919	0.580057680606842	0.014615921	No	
row_8	MAP1A	microtubule associated protein 1A [Source:HGNC Symbol;Acc:HGNC:6835]	3993	0.5667220950126648	0.026851501	No	
row_9	CHST2	carbohydrate sulfotransferase 2 [Source:HGNC Symbol;Acc:HGNC:1970]	4047	0.5553500652313232	0.040081616	No	
row_10	PITPNA	phosphatidylinositol transfer protein alpha [Source:HGNC Symbol;Acc:HGNC:9001]	4531	0.46805107593536377	0.021906294	No	
row_11	KDM5A	lysine demethylase 5A [Source:HGNC Symbol;Acc:HGNC:9886]	4987	0.38996830582618713	0.0032455388	No	
row_12	MAP2K4	mitogen-activated protein kinase kinase 4 [Source:HGNC Symbol;Acc:HGNC:6844]	5278	0.34316688776016235	-0.005789986	No	
row_13	CAMTA1	calmodulin binding transcription activator 1 [Source:HGNC Symbol;Acc:HGNC:18806]	5489	0.3022969663143158	-0.010707862	No	
row_14	ESRRG	estrogen related receptor gamma [Source:HGNC Symbol;Acc:HGNC:3474]	5498	0.30026596784591675	-0.002172673	No	
row_15	LAMC2	laminin subunit gamma 2 [Source:HGNC Symbol;Acc:HGNC:6493]	5897	0.23693998157978058	-0.021642623	No	
row_16	DHX30	DExH-box helicase 30 [Source:HGNC Symbol;Acc:HGNC:16716]	6383	0.16023004055023193	-0.049250387	No	
row_17	RBCK1	RANBP2-type and C3HC4-type zinc finger containing 1 [Source:HGNC Symbol;Acc:HGNC:15864]	6573	0.13331647217273712	-0.05786785	No	
row_18	MSI2	musashi RNA binding protein 2 [Source:HGNC Symbol;Acc:HGNC:18585]	6741	0.1106584295630455	-0.0656979	No	
row_19	BTBD1	BTB domain containing 1 [Source:HGNC Symbol;Acc:HGNC:1120]	7153	0.05161627009510994	-0.09163583	No	
row_20	STX5	syntaxin 5 [Source:HGNC Symbol;Acc:HGNC:11440]	7845	0.0	-0.13786584	No	
row_21	LHX8	LIM homeobox 8 [Source:HGNC Symbol;Acc:HGNC:28838]	9456	-0.010512514039874077	-0.2452622	No	
row_22	CEP170	centrosomal protein 170 [Source:HGNC Symbol;Acc:HGNC:28920]	9612	-0.025294790044426918	-0.25486806	No	
row_23	N4BP1	NEDD4 binding protein 1 [Source:HGNC Symbol;Acc:HGNC:29850]	9860	-0.058593399822711945	-0.26962313	No	
row_24	NR3C2	nuclear receptor subfamily 3 group C member 2 [Source:HGNC Symbol;Acc:HGNC:7979]	10258	-0.11946927756071091	-0.29257473	No	
row_25	UBE2D1	ubiquitin conjugating enzyme E2 D1 [Source:HGNC Symbol;Acc:HGNC:12474]	10943	-0.24106410145759583	-0.3310544	No	
row_26	SMAD4	SMAD family member 4 [Source:HGNC Symbol;Acc:HGNC:6770]	11257	-0.3043736219406128	-0.34280053	No	
row_27	TBX15	T-box transcription factor 15 [Source:HGNC Symbol;Acc:HGNC:11594]	12218	-0.5349406599998474	-0.390868	No	
row_28	ZNF280C	zinc finger protein 280C [Source:HGNC Symbol;Acc:HGNC:25955]	12287	-0.553917407989502	-0.37868473	No	
row_29	ZNF644	zinc finger protein 644 [Source:HGNC Symbol;Acc:HGNC:29222]	12329	-0.566038191318512	-0.36432892	No	
row_30	PTPRF	protein tyrosine phosphatase receptor type F [Source:HGNC Symbol;Acc:HGNC:9670]	12462	-0.602239191532135	-0.3549677	No	
row_31	KCNJ2	potassium inwardly rectifying channel subfamily J member 2 [Source:HGNC Symbol;Acc:HGNC:6263]	12652	-0.6637111902236938	-0.34756306	No	
row_32	LAMP5	lysosomal associated membrane protein family member 5 [Source:HGNC Symbol;Acc:HGNC:16097]	14045	-1.3423452377319336	-0.40014264	Yes	
row_33	NETO1	neuropilin and tolloid like 1 [Source:HGNC Symbol;Acc:HGNC:13823]	14527	-1.9394093751907349	-0.37373745	Yes	
row_34	NRG2	neuregulin 2 [Source:HGNC Symbol;Acc:HGNC:7998]	14623	-2.1746561527252197	-0.3144014	Yes	
row_35	BICD1	BICD cargo adaptor 1 [Source:HGNC Symbol;Acc:HGNC:1049]	14826	-2.8279342651367188	-0.24248977	Yes	
row_36	NRCAM	neuronal cell adhesion molecule [Source:HGNC Symbol;Acc:HGNC:7994]	14924	-3.490960121154785	-0.14352468	Yes	
row_37	NR4A3	nuclear receptor subfamily 4 group A member 3 [Source:HGNC Symbol;Acc:HGNC:7982]	14983	-4.881898403167725	6.699702E-5	Yes	
