NAME	SYMBOL	TITLE	RANK IN GENE LIST	RANK METRIC SCORE	RUNNING ES	CORE ENRICHMENT	
row_0	SLC4A7	solute carrier family 4 member 7 [Source:HGNC Symbol;Acc:HGNC:11033]	3164	0.7265128493309021	-0.16523083	No	
row_1	STRC	stereocilin [Source:HGNC Symbol;Acc:HGNC:16035]	3432	0.6753740310668945	-0.14014024	No	
row_2	KCNQ1	potassium voltage-gated channel subfamily Q member 1 [Source:HGNC Symbol;Acc:HGNC:6294]	3637	0.6345108151435852	-0.11343764	No	
row_3	PLS1	plastin 1 [Source:HGNC Symbol;Acc:HGNC:9090]	4172	0.5313622951507568	-0.11534179	No	
row_4	TPRN	taperin [Source:HGNC Symbol;Acc:HGNC:26894]	6262	0.17704246938228607	-0.24367091	No	
row_5	WDPCP	WD repeat containing planar cell polarity effector [Source:HGNC Symbol;Acc:HGNC:28027]	6277	0.17457452416419983	-0.23350932	No	
row_6	SLITRK6	SLIT and NTRK like family member 6 [Source:HGNC Symbol;Acc:HGNC:23503]	6374	0.16186115145683289	-0.22963494	No	
row_7	SCRIB	scribble planar cell polarity protein [Source:HGNC Symbol;Acc:HGNC:30377]	7250	0.03825780376791954	-0.2856689	No	
row_8	LHFPL5	LHFPL tetraspan subfamily member 5 [Source:HGNC Symbol;Acc:HGNC:21253]	8907	0.0	-0.39631972	No	
row_9	CLRN1	clarin 1 [Source:HGNC Symbol;Acc:HGNC:12605]	9829	-0.053726132959127426	-0.45444402	No	
row_10	SOD1	superoxide dismutase 1 [Source:HGNC Symbol;Acc:HGNC:11179]	10149	-0.10134973376989365	-0.46931657	No	
row_11	SEC24B	SEC24 homolog B, COPII coat complex component [Source:HGNC Symbol;Acc:HGNC:10704]	10669	-0.19193381071090698	-0.49179468	No	
row_12	GRXCR2	glutaredoxin and cysteine rich domain containing 2 [Source:HGNC Symbol;Acc:HGNC:33862]	10867	-0.2281310260295868	-0.4904564	No	
row_13	MYO7A	myosin VIIA [Source:HGNC Symbol;Acc:HGNC:7606]	11678	-0.3958613872528076	-0.5194156	No	
row_14	PAFAH1B1	platelet activating factor acetylhydrolase 1b regulatory subunit 1 [Source:HGNC Symbol;Acc:HGNC:8574]	11997	-0.4737527370452881	-0.5105491	No	
row_15	TMC1	transmembrane channel like 1 [Source:HGNC Symbol;Acc:HGNC:16513]	14382	-1.6954094171524048	-0.56207263	Yes	
row_16	SLC9A3R1	SLC9A3 regulator 1 [Source:HGNC Symbol;Acc:HGNC:11075]	14509	-1.9107235670089722	-0.4490341	Yes	
row_17	CLRN2	clarin 2 [Source:HGNC Symbol;Acc:HGNC:33939]	14910	-3.40439772605896	-0.2593564	Yes	
row_18	WHRN	whirlin [Source:HGNC Symbol;Acc:HGNC:16361]	14964	-4.156825542449951	0.0013361921	Yes	
