NAME	SYMBOL	TITLE	RANK IN GENE LIST	RANK METRIC SCORE	RUNNING ES	CORE ENRICHMENT	
row_0	STRC	stereocilin [Source:HGNC Symbol;Acc:HGNC:16035]	3432	0.6753740310668945	-0.17390645	No	
row_1	PLS1	plastin 1 [Source:HGNC Symbol;Acc:HGNC:9090]	4172	0.5313622951507568	-0.17972262	No	
row_2	TPRN	taperin [Source:HGNC Symbol;Acc:HGNC:26894]	6262	0.17704246938228607	-0.3047584	No	
row_3	WDPCP	WD repeat containing planar cell polarity effector [Source:HGNC Symbol;Acc:HGNC:28027]	6277	0.17457452416419983	-0.2913859	No	
row_4	SLITRK6	SLIT and NTRK like family member 6 [Source:HGNC Symbol;Acc:HGNC:23503]	6374	0.16186115145683289	-0.28453293	No	
row_5	SCRIB	scribble planar cell polarity protein [Source:HGNC Symbol;Acc:HGNC:30377]	7250	0.03825780376791954	-0.33984765	No	
row_6	LHFPL5	LHFPL tetraspan subfamily member 5 [Source:HGNC Symbol;Acc:HGNC:21253]	8907	0.0	-0.4504689	No	
row_7	CLRN1	clarin 1 [Source:HGNC Symbol;Acc:HGNC:12605]	9829	-0.053726132959127426	-0.5075887	No	
row_8	SOD1	superoxide dismutase 1 [Source:HGNC Symbol;Acc:HGNC:11179]	10149	-0.10134973376989365	-0.52059156	No	
row_9	SEC24B	SEC24 homolog B, COPII coat complex component [Source:HGNC Symbol;Acc:HGNC:10704]	10669	-0.19193381071090698	-0.53953046	No	
row_10	GRXCR2	glutaredoxin and cysteine rich domain containing 2 [Source:HGNC Symbol;Acc:HGNC:33862]	10867	-0.2281310260295868	-0.53399307	No	
row_11	MYO7A	myosin VIIA [Source:HGNC Symbol;Acc:HGNC:7606]	11678	-0.3958613872528076	-0.5556574	No	
row_12	SLC9A3R1	SLC9A3 regulator 1 [Source:HGNC Symbol;Acc:HGNC:11075]	14509	-1.9107235670089722	-0.5881037	Yes	
row_13	CLRN2	clarin 2 [Source:HGNC Symbol;Acc:HGNC:33939]	14910	-3.40439772605896	-0.3358073	Yes	
row_14	WHRN	whirlin [Source:HGNC Symbol;Acc:HGNC:16361]	14964	-4.156825542449951	0.0013360113	Yes	
