NAME	SYMBOL	TITLE	RANK IN GENE LIST	RANK METRIC SCORE	RUNNING ES	CORE ENRICHMENT	
row_0	OXTR	oxytocin receptor [Source:HGNC Symbol;Acc:HGNC:8529]	5	4.622318744659424	0.10184526	Yes	
row_1	NOS3	nitric oxide synthase 3 [Source:HGNC Symbol;Acc:HGNC:7876]	55	3.1592087745666504	0.16840284	Yes	
row_2	ADRA1D	adrenoceptor alpha 1D [Source:HGNC Symbol;Acc:HGNC:280]	61	3.1093978881835938	0.23680383	Yes	
row_3	TACR1	tachykinin receptor 1 [Source:HGNC Symbol;Acc:HGNC:11526]	73	3.0339243412017822	0.3031349	Yes	
row_4	ECE1	endothelin converting enzyme 1 [Source:HGNC Symbol;Acc:HGNC:3146]	92	2.921729564666748	0.36651736	Yes	
row_5	ENPEP	glutamyl aminopeptidase [Source:HGNC Symbol;Acc:HGNC:3355]	139	2.7231152057647705	0.42363554	Yes	
row_6	ADRA1A	adrenoceptor alpha 1A [Source:HGNC Symbol;Acc:HGNC:277]	174	2.5892860889434814	0.47859836	Yes	
row_7	SERPINF2	serpin family F member 2 [Source:HGNC Symbol;Acc:HGNC:9075]	360	2.141234874725342	0.5135516	Yes	
row_8	AGT	angiotensinogen [Source:HGNC Symbol;Acc:HGNC:333]	525	1.8732935190200806	0.54398715	Yes	
row_9	EDNRB	endothelin receptor type B [Source:HGNC Symbol;Acc:HGNC:3180]	607	1.7644213438034058	0.57757044	Yes	
row_10	RASL10B	RAS like family 10 member B [Source:HGNC Symbol;Acc:HGNC:30295]	689	1.6813173294067383	0.6093166	Yes	
row_11	AGTR1	angiotensin II receptor type 1 [Source:HGNC Symbol;Acc:HGNC:336]	1767	1.119278907775879	0.56198525	No	
row_12	CYBA	cytochrome b-245 alpha chain [Source:HGNC Symbol;Acc:HGNC:2577]	2243	0.9656757116317749	0.5515448	No	
row_13	RPS6KA2	ribosomal protein S6 kinase A2 [Source:HGNC Symbol;Acc:HGNC:10431]	2325	0.9395912289619446	0.56689453	No	
row_14	F2R	coagulation factor II thrombin receptor [Source:HGNC Symbol;Acc:HGNC:3537]	2790	0.8090129494667053	0.5537271	No	
row_15	AVPR2	arginine vasopressin receptor 2 [Source:HGNC Symbol;Acc:HGNC:897]	3808	0.604769766330719	0.49903736	No	
row_16	EDN2	endothelin 2 [Source:HGNC Symbol;Acc:HGNC:3177]	4013	0.5611764788627625	0.4977907	No	
row_17	ADRB2	adrenoceptor beta 2 [Source:HGNC Symbol;Acc:HGNC:286]	4203	0.5264313220977783	0.4967798	No	
row_18	CORIN	corin, serine peptidase [Source:HGNC Symbol;Acc:HGNC:19012]	4436	0.4866054058074951	0.49201092	No	
row_19	ACE	angiotensin I converting enzyme [Source:HGNC Symbol;Acc:HGNC:2707]	4764	0.42928141355514526	0.47961736	No	
row_20	SLC2A5	solute carrier family 2 member 5 [Source:HGNC Symbol;Acc:HGNC:11010]	4956	0.3953545093536377	0.47557506	No	
row_21	HSD11B2	hydroxysteroid 11-beta dehydrogenase 2 [Source:HGNC Symbol;Acc:HGNC:5209]	5517	0.2976125180721283	0.44467828	No	
row_22	SOD2	superoxide dismutase 2 [Source:HGNC Symbol;Acc:HGNC:11180]	6691	0.11711737513542175	0.36876893	No	
row_23	CTSZ	cathepsin Z [Source:HGNC Symbol;Acc:HGNC:2547]	7064	0.0659928098320961	0.34533316	No	
row_24	OR51E2	olfactory receptor family 51 subfamily E member 2 [Source:HGNC Symbol;Acc:HGNC:15195]	7264	0.0372001975774765	0.33283824	No	
row_25	EDN1	endothelin 1 [Source:HGNC Symbol;Acc:HGNC:3176]	7424	0.015961838886141777	0.32255062	No	
row_26	AVPR1A	arginine vasopressin receptor 1A [Source:HGNC Symbol;Acc:HGNC:895]	7705	0.0020212128292769194	0.30385745	No	
row_27	AGTR2	angiotensin II receptor type 2 [Source:HGNC Symbol;Acc:HGNC:338]	7839	0.0	0.29495695	No	
row_28	AVPR1B	arginine vasopressin receptor 1B [Source:HGNC Symbol;Acc:HGNC:896]	7968	0.0	0.28639108	No	
row_29	DRD5	dopamine receptor D5 [Source:HGNC Symbol;Acc:HGNC:3026]	8129	0.0	0.27568373	No	
row_30	F2RL1	F2R like trypsin receptor 1 [Source:HGNC Symbol;Acc:HGNC:3538]	9568	-0.020993199199438095	0.17991543	No	
row_31	PDE4D	phosphodiesterase 4D [Source:HGNC Symbol;Acc:HGNC:8783]	10123	-0.09686791151762009	0.14498256	No	
row_32	ADRA1B	adrenoceptor alpha 1B [Source:HGNC Symbol;Acc:HGNC:278]	10425	-0.14937815070152283	0.12814146	No	
row_33	SUCNR1	succinate receptor 1 [Source:HGNC Symbol;Acc:HGNC:4542]	10826	-0.22120828926563263	0.10626305	No	
row_34	ACE2	angiotensin converting enzyme 2 [Source:HGNC Symbol;Acc:HGNC:13557]	11515	-0.3620830476284027	0.06822555	No	
row_35	REN	renin [Source:HGNC Symbol;Acc:HGNC:9958]	11688	-0.3978809714317322	0.0655106	No	
row_36	ADRB1	adrenoceptor beta 1 [Source:HGNC Symbol;Acc:HGNC:285]	11776	-0.4187728464603424	0.068945765	No	
row_37	PCSK5	proprotein convertase subtilisin/kexin type 5 [Source:HGNC Symbol;Acc:HGNC:8747]	12763	-0.6983442902565002	0.018399121	No	
row_38	NOX1	NADPH oxidase 1 [Source:HGNC Symbol;Acc:HGNC:7889]	13699	-1.1020188331604004	-0.019811021	No	
row_39	RHOA	ras homolog family member A [Source:HGNC Symbol;Acc:HGNC:667]	14096	-1.3861963748931885	-0.015668802	No	
row_40	ATP6AP2	ATPase H+ transporting accessory protein 2 [Source:HGNC Symbol;Acc:HGNC:18305]	14173	-1.4601455926895142	0.011522833	No	
row_41	TPM1	tropomyosin 1 [Source:HGNC Symbol;Acc:HGNC:12010]	14521	-1.9308568239212036	0.030984314	No	
