NAME	SYMBOL	TITLE	RANK IN GENE LIST	RANK METRIC SCORE	RUNNING ES	CORE ENRICHMENT	
row_0	OXTR	oxytocin receptor [Source:HGNC Symbol;Acc:HGNC:8529]	5	4.622318744659424	0.12150461	Yes	
row_1	PRLR	prolactin receptor [Source:HGNC Symbol;Acc:HGNC:9446]	158	2.6261651515960693	0.18055677	Yes	
row_2	OAS2	2'-5'-oligoadenylate synthetase 2 [Source:HGNC Symbol;Acc:HGNC:8087]	177	2.5850648880004883	0.24749179	Yes	
row_3	XDH	xanthine dehydrogenase [Source:HGNC Symbol;Acc:HGNC:12805]	534	1.8600599765777588	0.27270022	Yes	
row_4	ZBTB7B	zinc finger and BTB domain containing 7B [Source:HGNC Symbol;Acc:HGNC:18668]	670	1.7089170217514038	0.30871224	Yes	
row_5	HIF1A	hypoxia inducible factor 1 subunit alpha [Source:HGNC Symbol;Acc:HGNC:4910]	799	1.586715579032898	0.34197158	Yes	
row_6	SLC29A2	solute carrier family 29 member 2 [Source:HGNC Symbol;Acc:HGNC:11004]	825	1.5696674585342407	0.38167346	Yes	
row_7	DDR1	discoidin domain receptor tyrosine kinase 1 [Source:HGNC Symbol;Acc:HGNC:2730]	1014	1.4351954460144043	0.40692416	Yes	
row_8	STAT5A	signal transducer and activator of transcription 5A [Source:HGNC Symbol;Acc:HGNC:11366]	1212	1.341908574104309	0.4291137	Yes	
row_9	CDO1	cysteine dioxygenase type 1 [Source:HGNC Symbol;Acc:HGNC:1795]	1366	1.2751115560531616	0.45248666	Yes	
row_10	NCOR2	nuclear receptor corepressor 2 [Source:HGNC Symbol;Acc:HGNC:7673]	1520	1.2079472541809082	0.4740893	Yes	
row_11	VDR	vitamin D receptor [Source:HGNC Symbol;Acc:HGNC:12679]	1823	1.098318099975586	0.4828323	Yes	
row_12	STAT5B	signal transducer and activator of transcription 5B [Source:HGNC Symbol;Acc:HGNC:11367]	1926	1.067026972770691	0.5041329	Yes	
row_13	SLC29A1	solute carrier family 29 member 1 (Augustine blood group) [Source:HGNC Symbol;Acc:HGNC:11003]	2173	0.9863951802253723	0.5136728	Yes	
row_14	MED1	mediator complex subunit 1 [Source:HGNC Symbol;Acc:HGNC:9234]	4505	0.4730483591556549	0.37016997	No	
row_15	APRT	adenine phosphoribosyltransferase [Source:HGNC Symbol;Acc:HGNC:626]	4698	0.4393330514431	0.3689032	No	
row_16	CCND1	cyclin D1 [Source:HGNC Symbol;Acc:HGNC:1582]	5595	0.2862163782119751	0.31649438	No	
row_17	USF2	upstream transcription factor 2, c-fos interacting [Source:HGNC Symbol;Acc:HGNC:12594]	6256	0.17814324796199799	0.2770281	No	
row_18	CSN2	casein beta [Source:HGNC Symbol;Acc:HGNC:2447]	7704	0.0020310634281486273	0.18025996	No	
row_19	FOXB1	forkhead box B1 [Source:HGNC Symbol;Acc:HGNC:3799]	8190	0.0	0.14780763	No	
row_20	APLN	apelin [Source:HGNC Symbol;Acc:HGNC:16665]	8418	0.0	0.1326186	No	
row_21	GHRHR	growth hormone releasing hormone receptor [Source:HGNC Symbol;Acc:HGNC:4266]	8920	0.0	0.09909568	No	
row_22	SLC6A3	solute carrier family 6 member 3 [Source:HGNC Symbol;Acc:HGNC:11049]	9183	-0.0021789432503283024	0.08162217	No	
row_23	ERBB4	erb-b2 receptor tyrosine kinase 4 [Source:HGNC Symbol;Acc:HGNC:3432]	9867	-0.05944239720702171	0.0374881	No	
row_24	CSN3	casein kappa [Source:HGNC Symbol;Acc:HGNC:2446]	9875	-0.06066960468888283	0.0386189	No	
row_25	CAV1	caveolin 1 [Source:HGNC Symbol;Acc:HGNC:1527]	10069	-0.09033533185720444	0.02808602	No	
row_26	VEGFA	vascular endothelial growth factor A [Source:HGNC Symbol;Acc:HGNC:12680]	10152	-0.10166091471910477	0.025278904	No	
row_27	XBP1	X-box binding protein 1 [Source:HGNC Symbol;Acc:HGNC:12801]	10745	-0.20711655914783478	-0.008873647	No	
row_28	UMPS	uridine monophosphate synthetase [Source:HGNC Symbol;Acc:HGNC:12563]	10999	-0.2502862215042114	-0.01920512	No	
row_29	MT-CO2	mitochondrially encoded cytochrome c oxidase II [Source:HGNC Symbol;Acc:HGNC:7421]	11065	-0.2633918821811676	-0.016611684	No	
row_30	CREB1	cAMP responsive element binding protein 1 [Source:HGNC Symbol;Acc:HGNC:2345]	11838	-0.43244025111198425	-0.056869116	No	
row_31	NEURL1	neuralized E3 ubiquitin protein ligase 1 [Source:HGNC Symbol;Acc:HGNC:7761]	12168	-0.5181422233581543	-0.06522551	No	
row_32	MTX1	metaxin 1 [Source:HGNC Symbol;Acc:HGNC:7504]	12402	-0.5861918330192566	-0.06536465	No	
row_33	PRL	prolactin [Source:HGNC Symbol;Acc:HGNC:9445]	12651	-0.6634989380836487	-0.06446974	No	
row_34	ATP7A	ATPase copper transporting alpha [Source:HGNC Symbol;Acc:HGNC:869]	12887	-0.7437397837638855	-0.060589906	No	
row_35	PAM	peptidylglycine alpha-amidating monooxygenase [Source:HGNC Symbol;Acc:HGNC:8596]	12913	-0.7512115836143494	-0.042461608	No	
row_36	GPAT4	glycerol-3-phosphate acyltransferase 4 [Source:HGNC Symbol;Acc:HGNC:20880]	13869	-1.2217553853988647	-0.07415847	No	
row_37	RPLP0	ribosomal protein lateral stalk subunit P0 [Source:HGNC Symbol;Acc:HGNC:10371]	14068	-1.3548336029052734	-0.051695146	No	
row_38	NME1	NME/NM23 nucleoside diphosphate kinase 1 [Source:HGNC Symbol;Acc:HGNC:7849]	14069	-1.3550809621810913	-0.015976718	No	
row_39	HK2	hexokinase 2 [Source:HGNC Symbol;Acc:HGNC:4923]	14844	-2.9263062477111816	0.009367561	No	
