NAME	SYMBOL	TITLE	RANK IN GENE LIST	RANK METRIC SCORE	RUNNING ES	CORE ENRICHMENT	
row_0	DDR2	discoidin domain receptor tyrosine kinase 2 [Source:HGNC Symbol;Acc:HGNC:2731]	75	3.012058973312378	0.12172489	No	
row_1	GSN	gelsolin [Source:HGNC Symbol;Acc:HGNC:4620]	621	1.7550462484359741	0.15914364	No	
row_2	NFKBIA	NFKB inhibitor alpha [Source:HGNC Symbol;Acc:HGNC:7797]	1347	1.2822073698043823	0.16463554	No	
row_3	RELA	RELA proto-oncogene, NF-kB subunit [Source:HGNC Symbol;Acc:HGNC:9955]	2330	0.9378319382667542	0.13845922	No	
row_4	GPI	glucose-6-phosphate isomerase [Source:HGNC Symbol;Acc:HGNC:4458]	2476	0.8963022828102112	0.16648091	No	
row_5	MAPK14	mitogen-activated protein kinase 14 [Source:HGNC Symbol;Acc:HGNC:6876]	4107	0.5437067151069641	0.08040843	No	
row_6	NFKB1	nuclear factor kappa B subunit 1 [Source:HGNC Symbol;Acc:HGNC:7794]	4179	0.5304915308952332	0.097984165	No	
row_7	CTNNB1	catenin beta 1 [Source:HGNC Symbol;Acc:HGNC:2514]	4463	0.4817206561565399	0.0993376	No	
row_8	PIK3CA	phosphatidylinositol-4,5-bisphosphate 3-kinase catalytic subunit alpha [Source:HGNC Symbol;Acc:HGNC:8975]	5297	0.33994174003601074	0.057963174	No	
row_9	FOS	Fos proto-oncogene, AP-1 transcription factor subunit [Source:HGNC Symbol;Acc:HGNC:3796]	5525	0.2966257631778717	0.055271465	No	
row_10	DMD	dystrophin [Source:HGNC Symbol;Acc:HGNC:2928]	6626	0.12704630196094513	-0.012907326	No	
row_11	RYR2	ryanodine receptor 2 [Source:HGNC Symbol;Acc:HGNC:10484]	7299	0.03297598287463188	-0.056436587	No	
row_12	EDN1	endothelin 1 [Source:HGNC Symbol;Acc:HGNC:3176]	7424	0.015961838886141777	-0.06405318	No	
row_13	ANKRD23	ankyrin repeat domain 23 [Source:HGNC Symbol;Acc:HGNC:24470]	8500	0.0	-0.13590667	No	
row_14	PTK2	protein tyrosine kinase 2 [Source:HGNC Symbol;Acc:HGNC:9611]	9450	-0.010194673202931881	-0.1989093	No	
row_15	TCAP	titin-cap [Source:HGNC Symbol;Acc:HGNC:11610]	9712	-0.03702408820390701	-0.2147968	No	
row_16	CDH2	cadherin 2 [Source:HGNC Symbol;Acc:HGNC:1759]	9920	-0.06700732558965683	-0.22581331	No	
row_17	RAF1	Raf-1 proto-oncogene, serine/threonine kinase [Source:HGNC Symbol;Acc:HGNC:9829]	10491	-0.16089987754821777	-0.25714222	No	
row_18	CAV3	caveolin 3 [Source:HGNC Symbol;Acc:HGNC:1529]	10974	-0.24518735706806183	-0.2790426	No	
row_19	SLC8A1	solute carrier family 8 member A1 [Source:HGNC Symbol;Acc:HGNC:11068]	11726	-0.40511441230773926	-0.31219384	No	
row_20	CSRP3	cysteine and glycine rich protein 3 [Source:HGNC Symbol;Acc:HGNC:2472]	14522	-1.9336508512496948	-0.417651	Yes	
row_21	SLC9A1	solute carrier family 9 member A1 [Source:HGNC Symbol;Acc:HGNC:11071]	14608	-2.1419098377227783	-0.33320767	Yes	
row_22	ANKRD1	ankyrin repeat domain 1 [Source:HGNC Symbol;Acc:HGNC:15819]	14946	-3.777590036392212	-0.19678384	Yes	
row_23	NPPA	natriuretic peptide A [Source:HGNC Symbol;Acc:HGNC:7939]	14981	-4.73554801940918	2.0046634E-4	Yes	
