NAME	SYMBOL	TITLE	RANK IN GENE LIST	RANK METRIC SCORE	RUNNING ES	CORE ENRICHMENT	
row_0	TMEM38A	transmembrane protein 38A [Source:HGNC Symbol;Acc:HGNC:28462]	6	4.5999979972839355	0.15031406	Yes	
row_1	SLC1A1	solute carrier family 1 member 1 [Source:HGNC Symbol;Acc:HGNC:10939]	56	3.157099962234497	0.25047764	Yes	
row_2	EHMT2	euchromatic histone lysine methyltransferase 2 [Source:HGNC Symbol;Acc:HGNC:14129]	136	2.730769395828247	0.33466694	Yes	
row_3	ADCY8	adenylate cyclase 8 [Source:HGNC Symbol;Acc:HGNC:239]	189	2.5243043899536133	0.4138969	Yes	
row_4	CASP6	caspase 6 [Source:HGNC Symbol;Acc:HGNC:1507]	454	1.9691884517669678	0.460764	Yes	
row_5	TGM2	transglutaminase 2 [Source:HGNC Symbol;Acc:HGNC:11778]	700	1.6712727546691895	0.4991405	Yes	
row_6	CASP7	caspase 7 [Source:HGNC Symbol;Acc:HGNC:1508]	739	1.6422144174575806	0.55040556	Yes	
row_7	DDC	dopa decarboxylase [Source:HGNC Symbol;Acc:HGNC:2719]	2519	0.8821455836296082	0.46035942	No	
row_8	RECQL5	RecQ like helicase 5 [Source:HGNC Symbol;Acc:HGNC:9950]	3564	0.6505709886550903	0.41187012	No	
row_9	TMEM38B	transmembrane protein 38B [Source:HGNC Symbol;Acc:HGNC:25535]	3759	0.6123701930046082	0.41896254	No	
row_10	SLC1A2	solute carrier family 1 member 2 [Source:HGNC Symbol;Acc:HGNC:10940]	4316	0.5047838687896729	0.39832565	No	
row_11	BCL2L1	BCL2 like 1 [Source:HGNC Symbol;Acc:HGNC:992]	6213	0.185276061296463	0.27762422	No	
row_12	CRHBP	corticotropin releasing hormone binding protein [Source:HGNC Symbol;Acc:HGNC:2356]	6591	0.13121943175792694	0.25671625	No	
row_13	CACNA1S	calcium voltage-gated channel subunit alpha1 S [Source:HGNC Symbol;Acc:HGNC:1397]	6989	0.0751059502363205	0.2326325	No	
row_14	RYR2	ryanodine receptor 2 [Source:HGNC Symbol;Acc:HGNC:10484]	7299	0.03297598287463188	0.21305233	No	
row_15	SLC34A1	solute carrier family 34 member 1 [Source:HGNC Symbol;Acc:HGNC:11019]	7928	0.0	0.1710625	No	
row_16	TH	tyrosine hydroxylase [Source:HGNC Symbol;Acc:HGNC:11782]	7930	0.0	0.17099562	No	
row_17	TRPV1	transient receptor potential cation channel subfamily V member 1 [Source:HGNC Symbol;Acc:HGNC:12716]	8323	0.0	0.14478542	No	
row_18	PPP1R1B	protein phosphatase 1 regulatory inhibitor subunit 1B [Source:HGNC Symbol;Acc:HGNC:9287]	9162	-0.0019194602500647306	0.088817276	No	
row_19	AIF1	allograft inflammatory factor 1 [Source:HGNC Symbol;Acc:HGNC:352]	10336	-0.13155685365200043	0.014697569	No	
row_20	PPP1R9B	protein phosphatase 1 regulatory subunit 9B [Source:HGNC Symbol;Acc:HGNC:9298]	11401	-0.33645087480545044	-0.045420904	No	
row_21	SLC8A1	solute carrier family 8 member A1 [Source:HGNC Symbol;Acc:HGNC:11068]	11726	-0.40511441230773926	-0.053811204	No	
row_22	SLC1A3	solute carrier family 1 member 3 [Source:HGNC Symbol;Acc:HGNC:10941]	12156	-0.5159921646118164	-0.06558927	No	
row_23	CASP3	caspase 3 [Source:HGNC Symbol;Acc:HGNC:1504]	12490	-0.6116234660148621	-0.06781524	No	
row_24	CASQ2	calsequestrin 2 [Source:HGNC Symbol;Acc:HGNC:1513]	13445	-0.9693779945373535	-0.09984145	No	
row_25	BLM	BLM RecQ like helicase [Source:HGNC Symbol;Acc:HGNC:1058]	13755	-1.1381428241729736	-0.08321172	No	
row_26	SPIDR	scaffold protein involved in DNA repair [Source:HGNC Symbol;Acc:HGNC:28971]	14193	-1.4718849658966064	-0.06420563	No	
row_27	RAD51	RAD51 recombinase [Source:HGNC Symbol;Acc:HGNC:9817]	14252	-1.5306841135025024	-0.017932042	No	
row_28	OPRM1	opioid receptor mu 1 [Source:HGNC Symbol;Acc:HGNC:8156]	14575	-2.039078950881958	0.02734692	No	
