NAME	SYMBOL	TITLE	RANK IN GENE LIST	RANK METRIC SCORE	RUNNING ES	CORE ENRICHMENT	
row_0	POR	cytochrome p450 oxidoreductase [Source:HGNC Symbol;Acc:HGNC:9208]	160	2.6194467544555664	0.14211908	Yes	
row_1	ADCYAP1R1	ADCYAP receptor type I [Source:HGNC Symbol;Acc:HGNC:242]	196	2.4943931102752686	0.28529677	Yes	
row_2	ABCG1	ATP binding cassette subfamily G member 1 [Source:HGNC Symbol;Acc:HGNC:73]	456	1.9659401178359985	0.38267556	Yes	
row_3	P2RY1	purinergic receptor P2Y1 [Source:HGNC Symbol;Acc:HGNC:8539]	539	1.8531402349472046	0.48530304	Yes	
row_4	BMP6	bone morphogenetic protein 6 [Source:HGNC Symbol;Acc:HGNC:1073]	598	1.7720173597335815	0.584802	Yes	
row_5	DAB2	DAB adaptor protein 2 [Source:HGNC Symbol;Acc:HGNC:2662]	1100	1.3904763460159302	0.63243634	Yes	
row_6	P2RY6	pyrimidinergic receptor P2Y6 [Source:HGNC Symbol;Acc:HGNC:8543]	2020	1.0345975160598755	0.63137406	No	
row_7	SCAP	SREBF chaperone [Source:HGNC Symbol;Acc:HGNC:30634]	3442	0.6729007959365845	0.5756619	No	
row_8	FGF1	fibroblast growth factor 1 [Source:HGNC Symbol;Acc:HGNC:3665]	5208	0.353767454624176	0.47834218	No	
row_9	PRKAA1	protein kinase AMP-activated catalytic subunit alpha 1 [Source:HGNC Symbol;Acc:HGNC:9376]	6234	0.18171094357967377	0.42044044	No	
row_10	PTH1R	parathyroid hormone 1 receptor [Source:HGNC Symbol;Acc:HGNC:9608]	6725	0.11204175651073456	0.39422923	No	
row_11	HRH1	histamine receptor H1 [Source:HGNC Symbol;Acc:HGNC:5182]	7118	0.05645817890763283	0.37132493	No	
row_12	PTAFR	platelet activating factor receptor [Source:HGNC Symbol;Acc:HGNC:9582]	7378	0.020930171012878418	0.35523656	No	
row_13	AVPR1B	arginine vasopressin receptor 1B [Source:HGNC Symbol;Acc:HGNC:896]	7968	0.0	0.31587282	No	
row_14	MAS1	MAS1 proto-oncogene, G protein-coupled receptor [Source:HGNC Symbol;Acc:HGNC:6899]	8986	0.0	0.24790515	No	
row_15	PTH	parathyroid hormone [Source:HGNC Symbol;Acc:HGNC:9606]	9342	-0.005096076987683773	0.22447726	No	
row_16	SREBF1	sterol regulatory element binding transcription factor 1 [Source:HGNC Symbol;Acc:HGNC:11289]	9692	-0.03503311425447464	0.20319681	No	
row_17	CD244	CD244 molecule [Source:HGNC Symbol;Acc:HGNC:18171]	9749	-0.04173978045582771	0.20188923	No	
row_18	CYP7A1	cytochrome P450 family 7 subfamily A member 1 [Source:HGNC Symbol;Acc:HGNC:2651]	9934	-0.06866633892059326	0.19359806	No	
row_19	SNCA	synuclein alpha [Source:HGNC Symbol;Acc:HGNC:11138]	12074	-0.4948296844959259	0.079512596	No	
row_20	NTSR1	neurotensin receptor 1 [Source:HGNC Symbol;Acc:HGNC:8039]	12382	-0.5776680111885071	0.09269506	No	
row_21	GPER1	G protein-coupled estrogen receptor 1 [Source:HGNC Symbol;Acc:HGNC:4485]	14101	-1.390763521194458	0.059012257	No	
