NAME	SYMBOL	TITLE	RANK IN GENE LIST	RANK METRIC SCORE	RUNNING ES	CORE ENRICHMENT	
row_0	SFXN1	sideroflexin 1 [Source:HGNC Symbol;Acc:HGNC:16085]	1909	1.0718584060668945	-0.055204295	No	
row_1	SLC36A1	solute carrier family 36 member 1 [Source:HGNC Symbol;Acc:HGNC:18761]	2444	0.9054247736930847	-0.029777732	No	
row_2	SLC36A4	solute carrier family 36 member 4 [Source:HGNC Symbol;Acc:HGNC:19660]	4720	0.43679776787757874	-0.15229131	No	
row_3	SLC7A10	solute carrier family 7 member 10 [Source:HGNC Symbol;Acc:HGNC:11058]	5757	0.2616345286369324	-0.20384921	No	
row_4	SLC38A7	solute carrier family 38 member 7 [Source:HGNC Symbol;Acc:HGNC:25582]	6136	0.1970570683479309	-0.21580468	No	
row_5	SLC38A2	solute carrier family 38 member 2 [Source:HGNC Symbol;Acc:HGNC:13448]	6816	0.0998818427324295	-0.25442758	No	
row_6	SLC36A3	solute carrier family 36 member 3 [Source:HGNC Symbol;Acc:HGNC:19659]	6955	0.0800570622086525	-0.2582446	No	
row_7	SLC38A3	solute carrier family 38 member 3 [Source:HGNC Symbol;Acc:HGNC:18044]	7103	0.05810104310512543	-0.2641446	No	
row_8	SLC36A2	solute carrier family 36 member 2 [Source:HGNC Symbol;Acc:HGNC:18762]	9240	-0.002848564414307475	-0.4066568	No	
row_9	SLC6A14	solute carrier family 6 member 14 [Source:HGNC Symbol;Acc:HGNC:11047]	9356	-0.005631901789456606	-0.4139598	No	
row_10	SLC3A2	solute carrier family 3 member 2 [Source:HGNC Symbol;Acc:HGNC:11026]	9837	-0.054963964968919754	-0.44231895	No	
row_11	SLC38A5	solute carrier family 38 member 5 [Source:HGNC Symbol;Acc:HGNC:18070]	10850	-0.22526118159294128	-0.4947281	No	
row_12	SLC6A17	solute carrier family 6 member 17 [Source:HGNC Symbol;Acc:HGNC:31399]	12985	-0.7772288918495178	-0.58484757	Yes	
row_13	SLC38A1	solute carrier family 38 member 1 [Source:HGNC Symbol;Acc:HGNC:13447]	14555	-1.9984182119369507	-0.5548077	Yes	
row_14	SLC7A8	solute carrier family 7 member 8 [Source:HGNC Symbol;Acc:HGNC:11066]	14705	-2.4061851501464844	-0.4023807	Yes	
row_15	SLC1A4	solute carrier family 1 member 4 [Source:HGNC Symbol;Acc:HGNC:10942]	14723	-2.460965871810913	-0.23743793	Yes	
row_16	SLC6A6	solute carrier family 6 member 6 [Source:HGNC Symbol;Acc:HGNC:11052]	14945	-3.7757723331451416	0.0026055647	Yes	
