NAME	SYMBOL	TITLE	RANK IN GENE LIST	RANK METRIC SCORE	RUNNING ES	CORE ENRICHMENT	
row_0	OXTR	oxytocin receptor [Source:HGNC Symbol;Acc:HGNC:8529]	5	4.622318744659424	0.12840803	Yes	
row_1	NOS3	nitric oxide synthase 3 [Source:HGNC Symbol;Acc:HGNC:7876]	55	3.1592087745666504	0.21312225	Yes	
row_2	TACR1	tachykinin receptor 1 [Source:HGNC Symbol;Acc:HGNC:11526]	73	3.0339243412017822	0.29648718	Yes	
row_3	ECE1	endothelin converting enzyme 1 [Source:HGNC Symbol;Acc:HGNC:3146]	92	2.921729564666748	0.37666035	Yes	
row_4	ENPEP	glutamyl aminopeptidase [Source:HGNC Symbol;Acc:HGNC:3355]	139	2.7231152057647705	0.449429	Yes	
row_5	SERPINF2	serpin family F member 2 [Source:HGNC Symbol;Acc:HGNC:9075]	360	2.141234874725342	0.49435365	Yes	
row_6	AGT	angiotensinogen [Source:HGNC Symbol;Acc:HGNC:333]	525	1.8732935190200806	0.53556085	Yes	
row_7	EDNRB	endothelin receptor type B [Source:HGNC Symbol;Acc:HGNC:3180]	607	1.7644213438034058	0.5792868	Yes	
row_8	RASL10B	RAS like family 10 member B [Source:HGNC Symbol;Acc:HGNC:30295]	689	1.6813173294067383	0.6206981	Yes	
row_9	AGTR1	angiotensin II receptor type 1 [Source:HGNC Symbol;Acc:HGNC:336]	1767	1.119278907775879	0.57984215	No	
row_10	CYBA	cytochrome b-245 alpha chain [Source:HGNC Symbol;Acc:HGNC:2577]	2243	0.9656757116317749	0.5749701	No	
row_11	RPS6KA2	ribosomal protein S6 kinase A2 [Source:HGNC Symbol;Acc:HGNC:10431]	2325	0.9395912289619446	0.5957226	No	
row_12	F2R	coagulation factor II thrombin receptor [Source:HGNC Symbol;Acc:HGNC:3537]	2790	0.8090129494667053	0.5872229	No	
row_13	AVPR2	arginine vasopressin receptor 2 [Source:HGNC Symbol;Acc:HGNC:897]	3808	0.604769766330719	0.5360495	No	
row_14	EDN2	endothelin 2 [Source:HGNC Symbol;Acc:HGNC:3177]	4013	0.5611764788627625	0.5380359	No	
row_15	CORIN	corin, serine peptidase [Source:HGNC Symbol;Acc:HGNC:19012]	4436	0.4866054058074951	0.5233654	No	
row_16	ACE	angiotensin I converting enzyme [Source:HGNC Symbol;Acc:HGNC:2707]	4764	0.42928141355514526	0.5134519	No	
row_17	HSD11B2	hydroxysteroid 11-beta dehydrogenase 2 [Source:HGNC Symbol;Acc:HGNC:5209]	5517	0.2976125180721283	0.4714468	No	
row_18	CTSZ	cathepsin Z [Source:HGNC Symbol;Acc:HGNC:2547]	7064	0.0659928098320961	0.36988735	No	
row_19	OR51E2	olfactory receptor family 51 subfamily E member 2 [Source:HGNC Symbol;Acc:HGNC:15195]	7264	0.0372001975774765	0.3576142	No	
row_20	EDN1	endothelin 1 [Source:HGNC Symbol;Acc:HGNC:3176]	7424	0.015961838886141777	0.34742475	No	
row_21	AVPR1A	arginine vasopressin receptor 1A [Source:HGNC Symbol;Acc:HGNC:895]	7705	0.0020212128292769194	0.32875445	No	
row_22	AGTR2	angiotensin II receptor type 2 [Source:HGNC Symbol;Acc:HGNC:338]	7839	0.0	0.31985933	No	
row_23	AVPR1B	arginine vasopressin receptor 1B [Source:HGNC Symbol;Acc:HGNC:896]	7968	0.0	0.31129858	No	
row_24	DRD5	dopamine receptor D5 [Source:HGNC Symbol;Acc:HGNC:3026]	8129	0.0	0.30059767	No	
row_25	F2RL1	F2R like trypsin receptor 1 [Source:HGNC Symbol;Acc:HGNC:3538]	9568	-0.020993199199438095	0.20500797	No	
row_26	SUCNR1	succinate receptor 1 [Source:HGNC Symbol;Acc:HGNC:4542]	10826	-0.22120828926563263	0.12710012	No	
row_27	ACE2	angiotensin converting enzyme 2 [Source:HGNC Symbol;Acc:HGNC:13557]	11515	-0.3620830476284027	0.09117108	No	
row_28	REN	renin [Source:HGNC Symbol;Acc:HGNC:9958]	11688	-0.3978809714317322	0.09074952	No	
row_29	PCSK5	proprotein convertase subtilisin/kexin type 5 [Source:HGNC Symbol;Acc:HGNC:8747]	12763	-0.6983442902565002	0.038370192	No	
row_30	NOX1	NADPH oxidase 1 [Source:HGNC Symbol;Acc:HGNC:7889]	13699	-1.1020188331604004	0.006530564	No	
row_31	RHOA	ras homolog family member A [Source:HGNC Symbol;Acc:HGNC:667]	14096	-1.3861963748931885	0.018654637	No	
row_32	ATP6AP2	ATPase H+ transporting accessory protein 2 [Source:HGNC Symbol;Acc:HGNC:18305]	14173	-1.4601455926895142	0.054240186	No	
