NAME	SYMBOL	TITLE	RANK IN GENE LIST	RANK METRIC SCORE	RUNNING ES	CORE ENRICHMENT	
row_0	OR13H1	olfactory receptor family 13 subfamily H member 1 [Source:HGNC Symbol;Acc:HGNC:14755]	2691	0.8326377868652344	-0.08951895	No	
row_1	OR51F1	olfactory receptor family 51 subfamily F member 1 [Source:HGNC Symbol;Acc:HGNC:15196]	5514	0.2981071174144745	-0.24637936	No	
row_2	OR6J1	olfactory receptor family 6 subfamily J member 1 [Source:HGNC Symbol;Acc:HGNC:14707]	6866	0.09227609634399414	-0.32699883	No	
row_3	OR51E2	olfactory receptor family 51 subfamily E member 2 [Source:HGNC Symbol;Acc:HGNC:15195]	7264	0.0372001975774765	-0.34958488	No	
row_4	OR52E2	olfactory receptor family 52 subfamily E member 2 [Source:HGNC Symbol;Acc:HGNC:14769]	7640	0.0036199577152729034	-0.3743714	No	
row_5	OR51T1	olfactory receptor family 51 subfamily T member 1 [Source:HGNC Symbol;Acc:HGNC:15205]	7653	0.003160787047818303	-0.37483108	No	
row_6	OR52R1	olfactory receptor family 52 subfamily R member 1 [Source:HGNC Symbol;Acc:HGNC:15235]	7831	4.926331457681954E-4	-0.3866635	No	
row_7	OR2B11	olfactory receptor family 2 subfamily B member 11 [Source:HGNC Symbol;Acc:HGNC:31249]	8003	0.0	-0.39814696	No	
row_8	OR14A16	olfactory receptor family 14 subfamily A member 16 [Source:HGNC Symbol;Acc:HGNC:15022]	8162	0.0	-0.4087574	No	
row_9	OR52B2	olfactory receptor family 52 subfamily B member 2 [Source:HGNC Symbol;Acc:HGNC:15207]	8249	0.0	-0.4145327	No	
row_10	OR51V1	olfactory receptor family 51 subfamily V member 1 [Source:HGNC Symbol;Acc:HGNC:19597]	8257	0.0	-0.41500276	No	
row_11	OR51L1	olfactory receptor family 51 subfamily L member 1 [Source:HGNC Symbol;Acc:HGNC:14759]	8259	0.0	-0.4150699	No	
row_12	OR51I1	olfactory receptor family 51 subfamily I member 1 [Source:HGNC Symbol;Acc:HGNC:15200]	8263	0.0	-0.41527137	No	
row_13	OR51Q1	olfactory receptor family 51 subfamily Q member 1 [Source:HGNC Symbol;Acc:HGNC:14851]	8265	0.0	-0.41533855	No	
row_14	OR51M1	olfactory receptor family 51 subfamily M member 1 [Source:HGNC Symbol;Acc:HGNC:14847]	8268	0.0	-0.41547284	No	
row_15	OR51A7	olfactory receptor family 51 subfamily A member 7 [Source:HGNC Symbol;Acc:HGNC:15188]	8278	0.0	-0.41607723	No	
row_16	OR52W1	olfactory receptor family 52 subfamily W member 1 [Source:HGNC Symbol;Acc:HGNC:15239]	8290	0.0	-0.41681594	No	
row_17	OR52N5	olfactory receptor family 52 subfamily N member 5 [Source:HGNC Symbol;Acc:HGNC:15231]	8300	0.0	-0.41742033	No	
row_18	OR52K1	olfactory receptor family 52 subfamily K member 1 [Source:HGNC Symbol;Acc:HGNC:15222]	8307	0.0	-0.41782326	No	
row_19	OR52H1	olfactory receptor family 52 subfamily H member 1 [Source:HGNC Symbol;Acc:HGNC:15218]	8329	0.0	-0.4192335	No	
row_20	OR56B1	olfactory receptor family 56 subfamily B member 1 [Source:HGNC Symbol;Acc:HGNC:15245]	8413	0.0	-0.42480734	No	
row_21	OR1B1	olfactory receptor family 1 subfamily B member 1 [Source:HGNC Symbol;Acc:HGNC:8181]	8424	0.0	-0.4254789	No	
row_22	OR1G1	olfactory receptor family 1 subfamily G member 1 [Source:HGNC Symbol;Acc:HGNC:8204]	8430	0.0	-0.42581466	No	
row_23	OR2K2	olfactory receptor family 2 subfamily K member 2 [Source:HGNC Symbol;Acc:HGNC:8264]	8456	0.0	-0.42749354	No	
row_24	OR2S2	olfactory receptor family 2 subfamily S member 2 [Source:HGNC Symbol;Acc:HGNC:8276]	8461	0.0	-0.42776215	No	
row_25	OR2W3	olfactory receptor family 2 subfamily W member 3 [Source:HGNC Symbol;Acc:HGNC:15021]	8462	0.0	-0.42776215	No	
row_26	OR2Z1	olfactory receptor family 2 subfamily Z member 1 [Source:HGNC Symbol;Acc:HGNC:15391]	8474	0.0	-0.42850086	No	
row_27	OR1K1	olfactory receptor family 1 subfamily K member 1 [Source:HGNC Symbol;Acc:HGNC:8212]	8483	0.0	-0.42903808	No	
row_28	OR1I1	olfactory receptor family 1 subfamily I member 1 [Source:HGNC Symbol;Acc:HGNC:8207]	8484	0.0	-0.42903808	No	
row_29	OR2D2	olfactory receptor family 2 subfamily D member 2 [Source:HGNC Symbol;Acc:HGNC:8244]	8509	0.0	-0.4306498	No	
row_30	OR2C1	olfactory receptor family 2 subfamily C member 1 [Source:HGNC Symbol;Acc:HGNC:8242]	8510	0.0	-0.4306498	No	
row_31	OR2B6	olfactory receptor family 2 subfamily B member 6 [Source:HGNC Symbol;Acc:HGNC:8241]	8514	0.0	-0.43085125	No	
row_32	OR2G3	olfactory receptor family 2 subfamily G member 3 [Source:HGNC Symbol;Acc:HGNC:15008]	8516	0.0	-0.43091843	No	
row_33	OR2G2	olfactory receptor family 2 subfamily G member 2 [Source:HGNC Symbol;Acc:HGNC:15007]	8517	0.0	-0.43091843	No	
row_34	OR4S2	olfactory receptor family 4 subfamily S member 2 [Source:HGNC Symbol;Acc:HGNC:15183]	8526	0.0	-0.43145564	No	
row_35	OR5K4	olfactory receptor family 5 subfamily K member 4 [Source:HGNC Symbol;Acc:HGNC:31291]	8540	0.0	-0.43232867	No	
row_36	OR4E2	olfactory receptor family 4 subfamily E member 2 [Source:HGNC Symbol;Acc:HGNC:8297]	8574	0.0	-0.43454477	No	
row_37	OR4E1	olfactory receptor family 4 subfamily E member 1 [Source:HGNC Symbol;Acc:HGNC:8296]	8575	0.0	-0.43454477	No	
row_38	OR4D5	olfactory receptor family 4 subfamily D member 5 [Source:HGNC Symbol;Acc:HGNC:14852]	8577	0.0	-0.43461192	No	
row_39	OR4D1	olfactory receptor family 4 subfamily D member 1 [Source:HGNC Symbol;Acc:HGNC:8293]	8579	0.0	-0.4346791	No	
row_40	OR4B1	olfactory receptor family 4 subfamily B member 1 [Source:HGNC Symbol;Acc:HGNC:8290]	8580	0.0	-0.4346791	No	
row_41	OR6T1	olfactory receptor family 6 subfamily T member 1 [Source:HGNC Symbol;Acc:HGNC:14848]	8598	0.0	-0.4358207	No	
row_42	OR6S1	olfactory receptor family 6 subfamily S member 1 [Source:HGNC Symbol;Acc:HGNC:15363]	8600	0.0	-0.43588787	No	
row_43	OR8B12	olfactory receptor family 8 subfamily B member 12 [Source:HGNC Symbol;Acc:HGNC:15307]	8602	0.0	-0.43595502	No	
row_44	OR6Y1	olfactory receptor family 6 subfamily Y member 1 [Source:HGNC Symbol;Acc:HGNC:14823]	8605	0.0	-0.43608934	No	
row_45	OR6X1	olfactory receptor family 6 subfamily X member 1 [Source:HGNC Symbol;Acc:HGNC:14737]	8606	0.0	-0.43608934	No	
row_46	OR6V1	olfactory receptor family 6 subfamily V member 1 [Source:HGNC Symbol;Acc:HGNC:15090]	8607	0.0	-0.43608934	No	
row_47	OR6C2	olfactory receptor family 6 subfamily C member 2 [Source:HGNC Symbol;Acc:HGNC:15436]	8658	0.0	-0.43944708	No	
row_48	OR6A2	olfactory receptor family 6 subfamily A member 2 [Source:HGNC Symbol;Acc:HGNC:15301]	8659	0.0	-0.43944708	No	
row_49	OR6M1	olfactory receptor family 6 subfamily M member 1 [Source:HGNC Symbol;Acc:HGNC:14711]	8662	0.0	-0.43958136	No	
row_50	OR6K6	olfactory receptor family 6 subfamily K member 6 [Source:HGNC Symbol;Acc:HGNC:15033]	8663	0.0	-0.43958136	No	
row_51	OR6K3	olfactory receptor family 6 subfamily K member 3 [Source:HGNC Symbol;Acc:HGNC:15030]	8664	0.0	-0.43958136	No	
row_52	OR6N2	olfactory receptor family 6 subfamily N member 2 [Source:HGNC Symbol;Acc:HGNC:15035]	8667	0.0	-0.43971568	No	
row_53	OR6N1	olfactory receptor family 6 subfamily N member 1 [Source:HGNC Symbol;Acc:HGNC:15034]	8668	0.0	-0.43971568	No	
row_54	OR9A4	olfactory receptor family 9 subfamily A member 4 [Source:HGNC Symbol;Acc:HGNC:15095]	8682	0.0	-0.44058868	No	
row_55	OR12D3	olfactory receptor family 12 subfamily D member 3 [Source:HGNC Symbol;Acc:HGNC:13963]	8691	0.0	-0.44112593	No	
row_56	OR9I1	olfactory receptor family 9 subfamily I member 1 [Source:HGNC Symbol;Acc:HGNC:14718]	8696	0.0	-0.44139454	No	
row_57	OR9Q1	olfactory receptor family 9 subfamily Q member 1 [Source:HGNC Symbol;Acc:HGNC:14724]	8709	0.0	-0.4422004	No	
row_58	OR13C8	olfactory receptor family 13 subfamily C member 8 [Source:HGNC Symbol;Acc:HGNC:15103]	8738	0.0	-0.44408074	No	
row_59	OR8D4	olfactory receptor family 8 subfamily D member 4 [Source:HGNC Symbol;Acc:HGNC:14840]	8739	0.0	-0.44408074	No	
row_60	OR8D2	olfactory receptor family 8 subfamily D member 2 [Source:HGNC Symbol;Acc:HGNC:8482]	8740	0.0	-0.44408074	No	
row_61	OR8D1	olfactory receptor family 8 subfamily D member 1 [Source:HGNC Symbol;Acc:HGNC:8481]	8741	0.0	-0.44408074	No	
row_62	OR13G1	olfactory receptor family 13 subfamily G member 1 [Source:HGNC Symbol;Acc:HGNC:14999]	8742	0.0	-0.44408074	No	
row_63	OR8B8	olfactory receptor family 8 subfamily B member 8 [Source:HGNC Symbol;Acc:HGNC:8477]	8744	0.0	-0.44414788	No	
row_64	OR8B4	olfactory receptor family 8 subfamily B member 4 [Source:HGNC Symbol;Acc:HGNC:8473]	8745	0.0	-0.44414788	No	
row_65	OR8K1	olfactory receptor family 8 subfamily K member 1 [Source:HGNC Symbol;Acc:HGNC:14831]	8757	0.0	-0.4448866	No	
row_66	OR8S1	olfactory receptor family 8 subfamily S member 1 [Source:HGNC Symbol;Acc:HGNC:19628]	8766	0.0	-0.4454238	No	
row_67	OR10D3	olfactory receptor family 10 subfamily D member 3 [Source:HGNC Symbol;Acc:HGNC:8168]	8769	0.0	-0.44555813	No	
row_68	OR10J1	olfactory receptor family 10 subfamily J member 1 [Source:HGNC Symbol;Acc:HGNC:8175]	8771	0.0	-0.44562528	No	
row_69	OR10J5	olfactory receptor family 10 subfamily J member 5 [Source:HGNC Symbol;Acc:HGNC:14993]	8772	0.0	-0.44562528	No	
row_70	OR10G2	olfactory receptor family 10 subfamily G member 2 [Source:HGNC Symbol;Acc:HGNC:8170]	8775	0.0	-0.4457596	No	
row_71	OR10G3	olfactory receptor family 10 subfamily G member 3 [Source:HGNC Symbol;Acc:HGNC:8171]	8776	0.0	-0.4457596	No	
row_72	OR10G6	olfactory receptor family 10 subfamily G member 6 [Source:HGNC Symbol;Acc:HGNC:14836]	8779	0.0	-0.4458939	No	
row_73	OR11H4	olfactory receptor family 11 subfamily H member 4 [Source:HGNC Symbol;Acc:HGNC:15347]	8797	0.0	-0.44703555	No	
row_74	OR11H6	olfactory receptor family 11 subfamily H member 6 [Source:HGNC Symbol;Acc:HGNC:15349]	8801	0.0	-0.447237	No	
row_75	OR11H7	olfactory receptor family 11 subfamily H member 7 (gene/pseudogene) [Source:HGNC Symbol;Acc:HGNC:15350]	8802	0.0	-0.447237	No	
row_76	OR11L1	olfactory receptor family 11 subfamily L member 1 [Source:HGNC Symbol;Acc:HGNC:14998]	8809	0.0	-0.44763994	No	
row_77	OR10V1	olfactory receptor family 10 subfamily V member 1 [Source:HGNC Symbol;Acc:HGNC:15136]	8828	0.0	-0.44884872	No	
row_78	OR10T2	olfactory receptor family 10 subfamily T member 2 [Source:HGNC Symbol;Acc:HGNC:14816]	8829	0.0	-0.44884872	No	
row_79	OR10Z1	olfactory receptor family 10 subfamily Z member 1 [Source:HGNC Symbol;Acc:HGNC:14996]	8833	0.0	-0.4490502	No	
row_80	OR10K2	olfactory receptor family 10 subfamily K member 2 [Source:HGNC Symbol;Acc:HGNC:14826]	8842	0.0	-0.4495874	No	
row_81	OR10Q1	olfactory receptor family 10 subfamily Q member 1 [Source:HGNC Symbol;Acc:HGNC:15134]	8846	0.0	-0.44978887	No	
row_82	OR10P1	olfactory receptor family 10 subfamily P member 1 [Source:HGNC Symbol;Acc:HGNC:15378]	8851	0.0	-0.4500575	No	
row_83	OR5D18	olfactory receptor family 5 subfamily D member 18 [Source:HGNC Symbol;Acc:HGNC:15285]	8896	0.0	-0.4530123	No	
row_84	OR14K1	olfactory receptor family 14 subfamily K member 1 [Source:HGNC Symbol;Acc:HGNC:15025]	8921	0.0	-0.45462403	No	
row_85	OR5B21	olfactory receptor family 5 subfamily B member 21 [Source:HGNC Symbol;Acc:HGNC:19616]	8965	0.0	-0.45751166	No	
row_86	OR5AU1	olfactory receptor family 5 subfamily AU member 1 [Source:HGNC Symbol;Acc:HGNC:15362]	8973	0.0	-0.45798174	No	
row_87	OR5AP2	olfactory receptor family 5 subfamily AP member 2 [Source:HGNC Symbol;Acc:HGNC:15258]	8978	0.0	-0.45825037	No	
row_88	OR51F2	olfactory receptor family 51 subfamily F member 2 [Source:HGNC Symbol;Acc:HGNC:15197]	9042	-8.746503735892475E-4	-0.46238533	No	
row_89	OR51S1	olfactory receptor family 51 subfamily S member 1 [Source:HGNC Symbol;Acc:HGNC:15204]	9197	-0.0022912919521331787	-0.47247618	No	
row_90	OR10C1	olfactory receptor family 10 subfamily C member 1 [Source:HGNC Symbol;Acc:HGNC:8165]	11053	-0.26090502738952637	-0.56847256	No	
row_91	OR51B5	olfactory receptor family 51 subfamily B member 5 [Source:HGNC Symbol;Acc:HGNC:19599]	12524	-0.6208848357200623	-0.59918785	Yes	
row_92	OR2AT4	olfactory receptor family 2 subfamily AT member 4 [Source:HGNC Symbol;Acc:HGNC:19620]	14722	-2.4601783752441406	-0.4772768	Yes	
row_93	OR3A1	olfactory receptor family 3 subfamily A member 1 [Source:HGNC Symbol;Acc:HGNC:8282]	14979	-4.517749786376953	3.3585652E-4	Yes	
