NAME	SYMBOL	TITLE	RANK IN GENE LIST	RANK METRIC SCORE	RUNNING ES	CORE ENRICHMENT	
row_0	STAT2	signal transducer and activator of transcription 2 [Source:HGNC Symbol;Acc:HGNC:11363]	1	4.8171000480651855	0.3488773	Yes	
row_1	LCP2	lymphocyte cytosolic protein 2 [Source:HGNC Symbol;Acc:HGNC:6529]	247	2.3589835166931152	0.5033895	Yes	
row_2	TP63	tumor protein p63 [Source:HGNC Symbol;Acc:HGNC:15979]	1053	1.4144926071166992	0.5520684	Yes	
row_3	CXCL12	C-X-C motif chemokine ligand 12 [Source:HGNC Symbol;Acc:HGNC:10672]	1252	1.3233178853988647	0.6346986	Yes	
row_4	RHOH	ras homolog family member H [Source:HGNC Symbol;Acc:HGNC:686]	3189	0.7200037240982056	0.55750346	No	
row_5	RGS19	regulator of G protein signaling 19 [Source:HGNC Symbol;Acc:HGNC:13735]	4207	0.5257458686828613	0.5276383	No	
row_6	PRKAA1	protein kinase AMP-activated catalytic subunit alpha 1 [Source:HGNC Symbol;Acc:HGNC:9376]	6234	0.18171094357967377	0.40543672	No	
row_7	MNDA	myeloid cell nuclear differentiation antigen [Source:HGNC Symbol;Acc:HGNC:7183]	6286	0.17355768382549286	0.4146015	No	
row_8	UPK3A	uroplakin 3A [Source:HGNC Symbol;Acc:HGNC:12580]	7346	0.026024043560028076	0.345731	No	
row_9	PPP1R8	protein phosphatase 1 regulatory subunit 8 [Source:HGNC Symbol;Acc:HGNC:9296]	7396	0.018981654196977615	0.3438321	No	
row_10	IFNAR1	interferon alpha and beta receptor subunit 1 [Source:HGNC Symbol;Acc:HGNC:5432]	7535	0.007313095964491367	0.3351416	No	
row_11	NFE2	nuclear factor, erythroid 2 [Source:HGNC Symbol;Acc:HGNC:7780]	7547	0.006669094320386648	0.33488974	No	
row_12	PIK3CG	phosphatidylinositol-4,5-bisphosphate 3-kinase catalytic subunit gamma [Source:HGNC Symbol;Acc:HGNC:8978]	9574	-0.021397359669208527	0.20107526	No	
row_13	MTMR11	myotubularin related protein 11 [Source:HGNC Symbol;Acc:HGNC:24307]	10007	-0.08014211058616638	0.17801715	No	
row_14	NKG7	natural killer cell granule protein 7 [Source:HGNC Symbol;Acc:HGNC:7830]	11041	-0.2581349313259125	0.12769759	No	
row_15	DLEC1	DLEC1 cilia and flagella associated protein [Source:HGNC Symbol;Acc:HGNC:2899]	11792	-0.4225931465625763	0.1081994	No	
row_16	ARFIP1	ADP ribosylation factor interacting protein 1 [Source:HGNC Symbol;Acc:HGNC:21496]	12401	-0.5851621627807617	0.10996504	No	
row_17	DYRK2	dual specificity tyrosine phosphorylation regulated kinase 2 [Source:HGNC Symbol;Acc:HGNC:3093]	13202	-0.8634600043296814	0.11906198	No	
