NAME	SYMBOL	TITLE	RANK IN GENE LIST	RANK METRIC SCORE	RUNNING ES	CORE ENRICHMENT	
row_0	TNNT2	troponin T2, cardiac type [Source:HGNC Symbol;Acc:HGNC:11949]	39	3.3448593616485596	0.16600904	No	
row_1	PRDM16	PR/SET domain 16 [Source:HGNC Symbol;Acc:HGNC:14000]	1281	1.312082290649414	0.14924099	No	
row_2	JUP	junction plakoglobin [Source:HGNC Symbol;Acc:HGNC:6207]	2922	0.778592050075531	0.07892278	No	
row_3	SCN5A	sodium voltage-gated channel alpha subunit 5 [Source:HGNC Symbol;Acc:HGNC:10593]	3291	0.7009202837944031	0.089670435	No	
row_4	MYBPC3	myosin binding protein C3 [Source:HGNC Symbol;Acc:HGNC:7551]	4443	0.4854508340358734	0.03724466	No	
row_5	MIPEP	mitochondrial intermediate peptidase [Source:HGNC Symbol;Acc:HGNC:7104]	4755	0.43098610639572144	0.03819304	No	
row_6	MYH7	myosin heavy chain 7 [Source:HGNC Symbol;Acc:HGNC:7577]	4983	0.3913824260234833	0.042756964	No	
row_7	COA6	cytochrome c oxidase assembly factor 6 [Source:HGNC Symbol;Acc:HGNC:18025]	5682	0.2744125723838806	0.009957302	No	
row_8	NONO	non-POU domain containing octamer binding [Source:HGNC Symbol;Acc:HGNC:7871]	5847	0.2459631860256195	0.011399616	No	
row_9	DTNA	dystrobrevin alpha [Source:HGNC Symbol;Acc:HGNC:3057]	5872	0.24126841127872467	0.02195855	No	
row_10	HCN4	hyperpolarization activated cyclic nucleotide gated potassium channel 4 [Source:HGNC Symbol;Acc:HGNC:16882]	6045	0.21280695497989655	0.021194983	No	
row_11	MIB1	MIB E3 ubiquitin protein ligase 1 [Source:HGNC Symbol;Acc:HGNC:21086]	11165	-0.2843806743621826	-0.30646566	No	
row_12	SDHD	succinate dehydrogenase complex subunit D [Source:HGNC Symbol;Acc:HGNC:10683]	11719	-0.4031069576740265	-0.32309046	No	
row_13	SDHA	succinate dehydrogenase complex flavoprotein subunit A [Source:HGNC Symbol;Acc:HGNC:10680]	12068	-0.492796927690506	-0.32149816	No	
row_14	ACTN2	actinin alpha 2 [Source:HGNC Symbol;Acc:HGNC:164]	14709	-2.4156506061553955	-0.37610132	Yes	
row_15	ACTC1	actin alpha cardiac muscle 1 [Source:HGNC Symbol;Acc:HGNC:143]	14871	-3.0870988368988037	-0.23123674	Yes	
row_16	NPPA	natriuretic peptide A [Source:HGNC Symbol;Acc:HGNC:7939]	14981	-4.73554801940918	2.0035366E-4	Yes	
