NAME	SYMBOL	TITLE	RANK IN GENE LIST	RANK METRIC SCORE	RUNNING ES	CORE ENRICHMENT	
row_0	ADAMTS10	ADAM metallopeptidase with thrombospondin type 1 motif 10 [Source:HGNC Symbol;Acc:HGNC:13201]	114	2.82145094871521	0.2656033	Yes	
row_1	FBN1	fibrillin 1 [Source:HGNC Symbol;Acc:HGNC:3603]	183	2.557993173599243	0.5087672	Yes	
row_2	PRR12	proline rich 12 [Source:HGNC Symbol;Acc:HGNC:29217]	364	2.136075496673584	0.70359254	Yes	
row_3	XYLT2	xylosyltransferase 2 [Source:HGNC Symbol;Acc:HGNC:15517]	1118	1.3837701082229614	0.78729093	Yes	
row_4	LTBP2	latent transforming growth factor beta binding protein 2 [Source:HGNC Symbol;Acc:HGNC:6715]	5784	0.2561744153499603	0.50047463	No	
row_5	TONSL	tonsoku like, DNA repair protein [Source:HGNC Symbol;Acc:HGNC:7801]	5973	0.2240179032087326	0.5096092	No	
row_6	LMX1B	LIM homeobox transcription factor 1 beta [Source:HGNC Symbol;Acc:HGNC:6654]	6055	0.21097919344902039	0.5246288	No	
row_7	MT-CYB	mitochondrially encoded cytochrome b [Source:HGNC Symbol;Acc:HGNC:7427]	7466	0.01151276659220457	0.4315553	No	
row_8	COL2A1	collagen type II alpha 1 chain [Source:HGNC Symbol;Acc:HGNC:2200]	7608	0.0045949541963636875	0.42258143	No	
row_9	FOXE3	forkhead box E3 [Source:HGNC Symbol;Acc:HGNC:3808]	8181	0.0	0.38437167	No	
row_10	FGF3	fibroblast growth factor 3 [Source:HGNC Symbol;Acc:HGNC:3681]	8735	0.0	0.34743112	No	
row_11	HMX1	H6 family homeobox 1 [Source:HGNC Symbol;Acc:HGNC:5017]	9058	-9.71776491496712E-4	0.32601556	No	
row_12	NDP	norrin cystine knot growth factor NDP [Source:HGNC Symbol;Acc:HGNC:7678]	9159	-0.001894511515274644	0.31951898	No	
row_13	FBXW11	F-box and WD repeat domain containing 11 [Source:HGNC Symbol;Acc:HGNC:13607]	10875	-0.2297002375125885	0.22719981	No	
row_14	CPAMD8	C3 and PZP like alpha-2-macroglobulin domain containing 8 [Source:HGNC Symbol;Acc:HGNC:23228]	12045	-0.48758241534233093	0.19632591	No	
