NAME	SYMBOL	TITLE	RANK IN GENE LIST	RANK METRIC SCORE	RUNNING ES	CORE ENRICHMENT	
row_0	CLIC2	chloride intracellular channel 2 [Source:HGNC Symbol;Acc:HGNC:2063]	1691	1.149140477180481	-0.03872597	No	
row_1	TBX20	T-box transcription factor 20 [Source:HGNC Symbol;Acc:HGNC:11598]	3040	0.7483668923377991	-0.080429	No	
row_2	LMNA	lamin A/C [Source:HGNC Symbol;Acc:HGNC:6636]	3238	0.7109834551811218	-0.047659855	No	
row_3	SCN5A	sodium voltage-gated channel alpha subunit 5 [Source:HGNC Symbol;Acc:HGNC:10593]	3291	0.7009202837944031	-0.005854741	No	
row_4	GATA4	GATA binding protein 4 [Source:HGNC Symbol;Acc:HGNC:4173]	5908	0.23350173234939575	-0.16552027	No	
row_5	GATA6	GATA binding protein 6 [Source:HGNC Symbol;Acc:HGNC:4174]	5993	0.22127358615398407	-0.15683745	No	
row_6	NUP155	nucleoporin 155 [Source:HGNC Symbol;Acc:HGNC:8063]	7169	0.049743663519620895	-0.23211437	No	
row_7	MT-CYB	mitochondrially encoded cytochrome b [Source:HGNC Symbol;Acc:HGNC:7427]	7466	0.01151276659220457	-0.25114354	No	
row_8	NKX2-5	NK2 homeobox 5 [Source:HGNC Symbol;Acc:HGNC:2488]	10119	-0.0961456373333931	-0.42208695	No	
row_9	SCN3B	sodium voltage-gated channel beta subunit 3 [Source:HGNC Symbol;Acc:HGNC:20665]	10804	-0.21771396696567535	-0.45371422	No	
row_10	TLL1	tolloid like 1 [Source:HGNC Symbol;Acc:HGNC:11843]	11895	-0.44683295488357544	-0.4976616	No	
row_11	CITED2	Cbp/p300 interacting transactivator with Glu/Asp rich carboxy-terminal domain 2 [Source:HGNC Symbol;Acc:HGNC:1987]	14099	-1.3894771337509155	-0.5550638	Yes	
row_12	SGO1	shugoshin 1 [Source:HGNC Symbol;Acc:HGNC:25088]	14699	-2.3818373680114746	-0.4412129	Yes	
row_13	ACTC1	actin alpha cardiac muscle 1 [Source:HGNC Symbol;Acc:HGNC:143]	14871	-3.0870988368988037	-0.25321233	Yes	
row_14	PRKAG2	protein kinase AMP-activated non-catalytic subunit gamma 2 [Source:HGNC Symbol;Acc:HGNC:9386]	14961	-4.035574913024902	0.001536396	Yes	
