NAME	SYMBOL	TITLE	RANK IN GENE LIST	RANK METRIC SCORE	RUNNING ES	CORE ENRICHMENT	
row_0	POLR3K	RNA polymerase III subunit K [Source:HGNC Symbol;Acc:HGNC:14121]	1711	1.1414910554885864	-0.077738106	No	
row_1	HSD17B4	hydroxysteroid 17-beta dehydrogenase 4 [Source:HGNC Symbol;Acc:HGNC:5213]	1778	1.1160825490951538	-0.04622393	No	
row_2	PEX16	peroxisomal biogenesis factor 16 [Source:HGNC Symbol;Acc:HGNC:8857]	2079	1.0173474550247192	-0.033545777	No	
row_3	TRAPPC11	trafficking protein particle complex subunit 11 [Source:HGNC Symbol;Acc:HGNC:25751]	2749	0.8191061019897461	-0.051940195	No	
row_4	USP7	ubiquitin specific peptidase 7 [Source:HGNC Symbol;Acc:HGNC:12630]	3460	0.6702914237976074	-0.07786884	No	
row_5	ASPA	aspartoacylase [Source:HGNC Symbol;Acc:HGNC:756]	3587	0.6450563669204712	-0.065533265	No	
row_6	GFM2	GTP dependent ribosome recycling factor mitochondrial 2 [Source:HGNC Symbol;Acc:HGNC:29682]	3717	0.6190719604492188	-0.054234955	No	
row_7	HACE1	HECT domain and ankyrin repeat containing E3 ubiquitin protein ligase 1 [Source:HGNC Symbol;Acc:HGNC:21033]	3926	0.5784462094306946	-0.04953057	No	
row_8	COG5	component of oligomeric golgi complex 5 [Source:HGNC Symbol;Acc:HGNC:14857]	4435	0.4868052899837494	-0.06785001	No	
row_9	FAM126A	family with sequence similarity 126 member A [Source:HGNC Symbol;Acc:HGNC:24587]	4651	0.4470701813697815	-0.06784343	No	
row_10	NDUFA8	NADH:ubiquinone oxidoreductase subunit A8 [Source:HGNC Symbol;Acc:HGNC:7692]	4884	0.40713363885879517	-0.07026005	No	
row_11	ALG11	ALG11 alpha-1,2-mannosyltransferase [Source:HGNC Symbol;Acc:HGNC:32456]	5085	0.37331441044807434	-0.071624234	No	
row_12	PLAA	phospholipase A2 activating protein [Source:HGNC Symbol;Acc:HGNC:9043]	5125	0.3672579228878021	-0.062410563	No	
row_13	OPA1	OPA1 mitochondrial dynamin like GTPase [Source:HGNC Symbol;Acc:HGNC:8140]	5519	0.29746922850608826	-0.07913047	No	
row_14	IBA57	iron-sulfur cluster assembly factor IBA57 [Source:HGNC Symbol;Acc:HGNC:27302]	5585	0.2877529561519623	-0.07421604	No	
row_15	EMC1	ER membrane protein complex subunit 1 [Source:HGNC Symbol;Acc:HGNC:28957]	5765	0.2601233720779419	-0.077819064	No	
row_16	ERCC6	ERCC excision repair 6, chromatin remodeling factor [Source:HGNC Symbol;Acc:HGNC:3438]	6157	0.19406135380268097	-0.09773419	No	
row_17	GBA2	glucosylceramidase beta 2 [Source:HGNC Symbol;Acc:HGNC:18986]	6176	0.19114582240581512	-0.09278499	No	
row_18	SLC35A2	solute carrier family 35 member A2 [Source:HGNC Symbol;Acc:HGNC:11022]	6180	0.19057080149650574	-0.08685063	No	
row_19	VPS41	VPS41 subunit of HOPS complex [Source:HGNC Symbol;Acc:HGNC:12713]	6350	0.1649240106344223	-0.09284931	No	
row_20	DNM1L	dynamin 1 like [Source:HGNC Symbol;Acc:HGNC:2973]	6858	0.09326273947954178	-0.123771265	No	
row_21	L2HGDH	L-2-hydroxyglutarate dehydrogenase [Source:HGNC Symbol;Acc:HGNC:20499]	7265	0.037120431661605835	-0.14974251	No	
row_22	MAG	myelin associated glycoprotein [Source:HGNC Symbol;Acc:HGNC:6783]	8166	0.0	-0.20996332	No	
row_23	IRF2BPL	interferon regulatory factor 2 binding protein like [Source:HGNC Symbol;Acc:HGNC:14282]	9589	-0.022999323904514313	-0.30437177	No	
row_24	ATXN2	ataxin 2 [Source:HGNC Symbol;Acc:HGNC:10555]	9709	-0.036825794726610184	-0.31114876	No	
row_25	ALG3	ALG3 alpha-1,3- mannosyltransferase [Source:HGNC Symbol;Acc:HGNC:23056]	10477	-0.15817753970623016	-0.35737804	No	
row_26	ERCC8	ERCC excision repair 8, CSA ubiquitin ligase complex subunit [Source:HGNC Symbol;Acc:HGNC:3439]	11116	-0.2740001678466797	-0.3912469	No	
row_27	AIMP1	aminoacyl tRNA synthetase complex interacting multifunctional protein 1 [Source:HGNC Symbol;Acc:HGNC:10648]	11159	-0.2833024263381958	-0.3849368	No	
row_28	FAR1	fatty acyl-CoA reductase 1 [Source:HGNC Symbol;Acc:HGNC:26222]	12054	-0.48934003710746765	-0.42900267	No	
row_29	BCAP31	B cell receptor associated protein 31 [Source:HGNC Symbol;Acc:HGNC:16695]	12939	-0.7604804635047913	-0.46367052	No	
row_30	DPM2	dolichyl-phosphate mannosyltransferase subunit 2, regulatory [Source:HGNC Symbol;Acc:HGNC:3006]	13577	-1.0314412117004395	-0.473088	Yes	
row_31	DCX	doublecortin [Source:HGNC Symbol;Acc:HGNC:2714]	13638	-1.0652378797531128	-0.4428092	Yes	
row_32	STUB1	STIP1 homology and U-box containing protein 1 [Source:HGNC Symbol;Acc:HGNC:11427]	13830	-1.1860569715499878	-0.41740632	Yes	
row_33	PHGDH	phosphoglycerate dehydrogenase [Source:HGNC Symbol;Acc:HGNC:8923]	13987	-1.3008344173431396	-0.38596645	Yes	
row_34	LMNB1	lamin B1 [Source:HGNC Symbol;Acc:HGNC:6637]	14542	-1.9696097373962402	-0.35962752	Yes	
row_35	FA2H	fatty acid 2-hydroxylase [Source:HGNC Symbol;Acc:HGNC:21197]	14586	-2.0830349922180176	-0.29544497	Yes	
row_36	ALDH18A1	aldehyde dehydrogenase 18 family member A1 [Source:HGNC Symbol;Acc:HGNC:9722]	14686	-2.32651686668396	-0.22717103	Yes	
row_37	MYL9	myosin light chain 9 [Source:HGNC Symbol;Acc:HGNC:15754]	14739	-2.510751247406006	-0.14982112	Yes	
row_38	ATP8A2	ATPase phospholipid transporting 8A2 [Source:HGNC Symbol;Acc:HGNC:13533]	14750	-2.5540571212768555	-0.06826674	Yes	
row_39	CACNA1E	calcium voltage-gated channel subunit alpha1 E [Source:HGNC Symbol;Acc:HGNC:1392]	14768	-2.604804754257202	0.014452983	Yes	
