NAME	SYMBOL	TITLE	RANK IN GENE LIST	RANK METRIC SCORE	RUNNING ES	CORE ENRICHMENT	
row_0	STAT2	signal transducer and activator of transcription 2 [Source:HGNC Symbol;Acc:HGNC:11363]	1	4.8171000480651855	0.11423887	Yes	
row_1	EPAS1	endothelial PAS domain protein 1 [Source:HGNC Symbol;Acc:HGNC:3374]	69	3.051670551300049	0.1821661	Yes	
row_2	NOTCH3	notch receptor 3 [Source:HGNC Symbol;Acc:HGNC:7883]	74	3.0319809913635254	0.25384468	Yes	
row_3	SH2B3	SH2B adaptor protein 3 [Source:HGNC Symbol;Acc:HGNC:29605]	115	2.819831609725952	0.31807852	Yes	
row_4	USP18	ubiquitin specific peptidase 18 [Source:HGNC Symbol;Acc:HGNC:12616]	131	2.7466859817504883	0.3822507	Yes	
row_5	FN1	fibronectin 1 [Source:HGNC Symbol;Acc:HGNC:3778]	170	2.5948801040649414	0.44128054	Yes	
row_6	PROS1	protein S [Source:HGNC Symbol;Acc:HGNC:9456]	536	1.8571076393127441	0.4609073	Yes	
row_7	SMO	smoothened, frizzled class receptor [Source:HGNC Symbol;Acc:HGNC:11119]	768	1.613786220550537	0.4837331	Yes	
row_8	JAK2	Janus kinase 2 [Source:HGNC Symbol;Acc:HGNC:6192]	831	1.560015320777893	0.51659936	Yes	
row_9	CPT2	carnitine palmitoyltransferase 2 [Source:HGNC Symbol;Acc:HGNC:2330]	947	1.4743269681930542	0.5438834	Yes	
row_10	F13A1	coagulation factor XIII A chain [Source:HGNC Symbol;Acc:HGNC:3531]	1099	1.390542984008789	0.56676865	Yes	
row_11	SUFU	SUFU negative regulator of hedgehog signaling [Source:HGNC Symbol;Acc:HGNC:16466]	1749	1.1276124715805054	0.5500681	Yes	
row_12	DNMT3A	DNA methyltransferase 3 alpha [Source:HGNC Symbol;Acc:HGNC:2978]	1850	1.0905942916870117	0.5692509	Yes	
row_13	BRCC3	BRCA1/BRCA2-containing complex subunit 3 [Source:HGNC Symbol;Acc:HGNC:24185]	2002	1.0407578945159912	0.5838361	Yes	
row_14	VHL	von Hippel-Lindau tumor suppressor [Source:HGNC Symbol;Acc:HGNC:12687]	2035	1.0294231176376343	0.60612065	Yes	
row_15	CCM2	CCM2 scaffold protein [Source:HGNC Symbol;Acc:HGNC:21708]	3942	0.5753509998321533	0.49214503	No	
row_16	SLC25A11	solute carrier family 25 member 11 [Source:HGNC Symbol;Acc:HGNC:10981]	4235	0.5200767517089844	0.48493335	No	
row_17	TRAF7	TNF receptor associated factor 7 [Source:HGNC Symbol;Acc:HGNC:20456]	4586	0.45842787623405457	0.472375	No	
row_18	BAP1	BRCA1 associated protein 1 [Source:HGNC Symbol;Acc:HGNC:950]	5185	0.3574032187461853	0.44081303	No	
row_19	MDH2	malate dehydrogenase 2 [Source:HGNC Symbol;Acc:HGNC:6971]	5217	0.3532481789588928	0.44711953	No	
row_20	PIK3CA	phosphatidylinositol-4,5-bisphosphate 3-kinase catalytic subunit alpha [Source:HGNC Symbol;Acc:HGNC:8975]	5297	0.33994174003601074	0.44989613	No	
row_21	COLGALT1	collagen beta(1-O)galactosyltransferase 1 [Source:HGNC Symbol;Acc:HGNC:26182]	5879	0.2393215447664261	0.4166705	No	
row_22	NF2	NF2, moesin-ezrin-radixin like (MERLIN) tumor suppressor [Source:HGNC Symbol;Acc:HGNC:7773]	5994	0.22125191986560822	0.41428706	No	
row_23	FH	fumarate hydratase [Source:HGNC Symbol;Acc:HGNC:3700]	6011	0.21809034049510956	0.41839078	No	
row_24	NDE1	nudE neurodevelopment protein 1 [Source:HGNC Symbol;Acc:HGNC:17619]	6423	0.15362854301929474	0.39451516	No	
row_25	FGB	fibrinogen beta chain [Source:HGNC Symbol;Acc:HGNC:3662]	7550	0.006634484976530075	0.3192742	No	
row_26	GDF2	growth differentiation factor 2 [Source:HGNC Symbol;Acc:HGNC:4217]	7576	0.005609880667179823	0.31773326	No	
row_27	RET	ret proto-oncogene [Source:HGNC Symbol;Acc:HGNC:9967]	7658	0.003056744346395135	0.31238192	No	
row_28	KIF1B	kinesin family member 1B [Source:HGNC Symbol;Acc:HGNC:16636]	7794	8.858517394401133E-4	0.30336317	No	
row_29	TERT	telomerase reverse transcriptase [Source:HGNC Symbol;Acc:HGNC:11730]	8360	0.0	0.26553005	No	
row_30	CST3	cystatin C [Source:HGNC Symbol;Acc:HGNC:2475]	9305	-0.004028971306979656	0.2024142	No	
row_31	FGG	fibrinogen gamma chain [Source:HGNC Symbol;Acc:HGNC:3694]	9561	-0.020188745111227036	0.18581814	No	
row_32	PDCD10	programmed cell death 10 [Source:HGNC Symbol;Acc:HGNC:8761]	9751	-0.042067751288414	0.17416067	No	
row_33	NF1	neurofibromin 1 [Source:HGNC Symbol;Acc:HGNC:7765]	9803	-0.04997963085770607	0.17193162	No	
row_34	PDGFB	platelet derived growth factor subunit B [Source:HGNC Symbol;Acc:HGNC:8800]	9873	-0.06042712181806564	0.16874519	No	
row_35	MAX	MYC associated factor X [Source:HGNC Symbol;Acc:HGNC:6913]	9957	-0.07231827825307846	0.16490345	No	
row_36	SMARCE1	SWI/SNF related, matrix associated, actin dependent regulator of chromatin, subfamily e, member 1 [Source:HGNC Symbol;Acc:HGNC:11109]	10024	-0.08230733871459961	0.1624371	No	
row_37	SDHB	succinate dehydrogenase complex iron sulfur subunit B [Source:HGNC Symbol;Acc:HGNC:10681]	10146	-0.10101637989282608	0.15673181	No	
row_38	ENG	endoglin [Source:HGNC Symbol;Acc:HGNC:3349]	10838	-0.2237769365310669	0.1157716	No	
row_39	TMEM127	transmembrane protein 127 [Source:HGNC Symbol;Acc:HGNC:26038]	11143	-0.27951565384864807	0.10204804	No	
row_40	SMAD4	SMAD family member 4 [Source:HGNC Symbol;Acc:HGNC:6770]	11257	-0.3043736219406128	0.10170395	No	
row_41	SDHC	succinate dehydrogenase complex subunit C [Source:HGNC Symbol;Acc:HGNC:10682]	11452	-0.34704649448394775	0.096948594	No	
row_42	F13B	coagulation factor XIII B chain [Source:HGNC Symbol;Acc:HGNC:3534]	11577	-0.3734389543533325	0.09750679	No	
row_43	ADA2	adenosine deaminase 2 [Source:HGNC Symbol;Acc:HGNC:1839]	11629	-0.3849429488182068	0.10322615	No	
row_44	SDHD	succinate dehydrogenase complex subunit D [Source:HGNC Symbol;Acc:HGNC:10683]	11719	-0.4031069576740265	0.10683199	No	
row_45	SDHA	succinate dehydrogenase complex flavoprotein subunit A [Source:HGNC Symbol;Acc:HGNC:10680]	12068	-0.492796927690506	0.09522312	No	
row_46	ACVRL1	activin A receptor like type 1 [Source:HGNC Symbol;Acc:HGNC:175]	12230	-0.537434995174408	0.097195245	No	
row_47	SMARCB1	SWI/SNF related, matrix associated, actin dependent regulator of chromatin, subfamily b, member 1 [Source:HGNC Symbol;Acc:HGNC:11103]	12596	-0.6412174701690674	0.08796994	No	
row_48	APP	amyloid beta precursor protein [Source:HGNC Symbol;Acc:HGNC:620]	12702	-0.6809346079826355	0.097097024	No	
row_49	DLST	dihydrolipoamide S-succinyltransferase [Source:HGNC Symbol;Acc:HGNC:2911]	12895	-0.7462390065193176	0.1019481	No	
row_50	ABCC6	ATP binding cassette subfamily C member 6 [Source:HGNC Symbol;Acc:HGNC:57]	14301	-1.5957955121994019	0.045734394	No	
