NAME	SYMBOL	TITLE	RANK IN GENE LIST	RANK METRIC SCORE	RUNNING ES	CORE ENRICHMENT	
row_0	DDR2	discoidin domain receptor tyrosine kinase 2 [Source:HGNC Symbol;Acc:HGNC:2731]	75	3.012058973312378	0.1915918	Yes	
row_1	COL6A3	collagen type VI alpha 3 chain [Source:HGNC Symbol;Acc:HGNC:2213]	172	2.5908517837524414	0.35428765	Yes	
row_2	LRP1	LDL receptor related protein 1 [Source:HGNC Symbol;Acc:HGNC:6692]	348	2.162303924560547	0.4837335	Yes	
row_3	COL6A2	collagen type VI alpha 2 chain [Source:HGNC Symbol;Acc:HGNC:2212]	787	1.5992639064788818	0.5588579	Yes	
row_4	PLOD1	procollagen-lysine,2-oxoglutarate 5-dioxygenase 1 [Source:HGNC Symbol;Acc:HGNC:9081]	915	1.4974042177200317	0.6481114	Yes	
row_5	FKBP14	FKBP prolyl isomerase 14 [Source:HGNC Symbol;Acc:HGNC:18625]	1744	1.1292054653167725	0.66649866	Yes	
row_6	SLC27A4	solute carrier family 27 member 4 [Source:HGNC Symbol;Acc:HGNC:10998]	3609	0.6395131945610046	0.58370847	No	
row_7	DSG4	desmoglein 4 [Source:HGNC Symbol;Acc:HGNC:21307]	6818	0.099779412150383	0.37589735	No	
row_8	DSC3	desmocollin 3 [Source:HGNC Symbol;Acc:HGNC:3037]	7112	0.0570521354675293	0.36004615	No	
row_9	GJB6	gap junction protein beta 6 [Source:HGNC Symbol;Acc:HGNC:4288]	7749	0.0013421999756246805	0.3176431	No	
row_10	GJB2	gap junction protein beta 2 [Source:HGNC Symbol;Acc:HGNC:4284]	8725	0.0	0.25250414	No	
row_11	MBTPS2	membrane bound transcription factor peptidase, site 2 [Source:HGNC Symbol;Acc:HGNC:15455]	9835	-0.0547030046582222	0.1819833	No	
row_12	POFUT1	protein O-fucosyltransferase 1 [Source:HGNC Symbol;Acc:HGNC:14988]	11080	-0.26674556732177734	0.116283625	No	
row_13	TRIP4	thyroid hormone receptor interactor 4 [Source:HGNC Symbol;Acc:HGNC:12310]	11666	-0.39249786734580994	0.10281929	No	
row_14	TARS1	threonyl-tRNA synthetase 1 [Source:HGNC Symbol;Acc:HGNC:11572]	11863	-0.43991246819496155	0.11843856	No	
row_15	PKP1	plakophilin 1 [Source:HGNC Symbol;Acc:HGNC:9023]	12487	-0.6108024716377258	0.1166846	No	
row_16	PSENEN	presenilin enhancer, gamma-secretase subunit [Source:HGNC Symbol;Acc:HGNC:30100]	12961	-0.7671170234680176	0.13515495	No	
