NAME	SYMBOL	TITLE	RANK IN GENE LIST	RANK METRIC SCORE	RUNNING ES	CORE ENRICHMENT	
row_0	PLOD2	procollagen-lysine,2-oxoglutarate 5-dioxygenase 2 [Source:HGNC Symbol;Acc:HGNC:9082]	60	3.1179797649383545	0.058751203	Yes	
row_1	NOTCH3	notch receptor 3 [Source:HGNC Symbol;Acc:HGNC:7883]	74	3.0319809913635254	0.1189169	Yes	
row_2	HPGD	15-hydroxyprostaglandin dehydrogenase [Source:HGNC Symbol;Acc:HGNC:5154]	125	2.7591805458068848	0.17111453	Yes	
row_3	PDGFRB	platelet derived growth factor receptor beta [Source:HGNC Symbol;Acc:HGNC:8804]	153	2.6450986862182617	0.22255501	Yes	
row_4	BMP1	bone morphogenetic protein 1 [Source:HGNC Symbol;Acc:HGNC:1067]	366	2.1334519386291504	0.25131366	Yes	
row_5	PRKG2	protein kinase cGMP-dependent 2 [Source:HGNC Symbol;Acc:HGNC:9416]	447	1.9878206253051758	0.28597543	Yes	
row_6	DLK1	delta like non-canonical Notch ligand 1 [Source:HGNC Symbol;Acc:HGNC:2907]	482	1.926486849784851	0.32248127	Yes	
row_7	TENT5A	terminal nucleotidyltransferase 5A [Source:HGNC Symbol;Acc:HGNC:18345]	495	1.9106096029281616	0.36013994	Yes	
row_8	HSPG2	heparan sulfate proteoglycan 2 [Source:HGNC Symbol;Acc:HGNC:5273]	575	1.8004451990127563	0.39109662	Yes	
row_9	SEC24D	SEC24 homolog D, COPII coat complex component [Source:HGNC Symbol;Acc:HGNC:10706]	889	1.5134536027908325	0.40061438	Yes	
row_10	ELN	elastin [Source:HGNC Symbol;Acc:HGNC:3327]	965	1.4625771045684814	0.4250373	Yes	
row_11	P3H1	prolyl 3-hydroxylase 1 [Source:HGNC Symbol;Acc:HGNC:19316]	1030	1.426592469215393	0.449472	Yes	
row_12	CRTAP	cartilage associated protein [Source:HGNC Symbol;Acc:HGNC:2379]	1046	1.4186357259750366	0.47702616	Yes	
row_13	LEMD2	LEM domain nuclear envelope protein 2 [Source:HGNC Symbol;Acc:HGNC:21244]	1220	1.3383911848068237	0.49238998	Yes	
row_14	GORAB	golgin, RAB6 interacting [Source:HGNC Symbol;Acc:HGNC:25676]	1799	1.1060116291046143	0.47596923	Yes	
row_15	KDELR2	KDEL endoplasmic reticulum protein retention receptor 2 [Source:HGNC Symbol;Acc:HGNC:6305]	1895	1.076819658279419	0.49128798	Yes	
row_16	NOTCH2	notch receptor 2 [Source:HGNC Symbol;Acc:HGNC:7882]	2005	1.038966417312622	0.50490767	Yes	
row_17	THRA	thyroid hormone receptor alpha [Source:HGNC Symbol;Acc:HGNC:11796]	2052	1.0243715047836304	0.5224502	Yes	
row_18	BCL11B	BAF chromatin remodeling complex subunit BCL11B [Source:HGNC Symbol;Acc:HGNC:13222]	2276	0.9532039761543274	0.52671343	Yes	
row_19	COL1A1	collagen type I alpha 1 chain [Source:HGNC Symbol;Acc:HGNC:2197]	2665	0.8409504890441895	0.51767355	No	
row_20	LMNA	lamin A/C [Source:HGNC Symbol;Acc:HGNC:6636]	3238	0.7109834551811218	0.49370217	No	
row_21	SH3PXD2B	SH3 and PX domains 2B [Source:HGNC Symbol;Acc:HGNC:29242]	3678	0.6266305446624756	0.47693443	No	
row_22	COL1A2	collagen type I alpha 2 chain [Source:HGNC Symbol;Acc:HGNC:2198]	3961	0.572643518447876	0.4695879	No	
row_23	SETBP1	SET binding protein 1 [Source:HGNC Symbol;Acc:HGNC:15573]	6067	0.20994380116462708	0.3329267	No	
row_24	ARID2	AT-rich interaction domain 2 [Source:HGNC Symbol;Acc:HGNC:18037]	6875	0.09078727662563324	0.28074184	No	
row_25	RUNX2	RUNX family transcription factor 2 [Source:HGNC Symbol;Acc:HGNC:10472]	6893	0.08837890625	0.28138316	No	
row_26	TAPT1	transmembrane anterior posterior transformation 1 [Source:HGNC Symbol;Acc:HGNC:26887]	7049	0.06791972368955612	0.2723763	No	
row_27	AIFM1	apoptosis inducing factor mitochondria associated 1 [Source:HGNC Symbol;Acc:HGNC:8768]	7582	0.00542417773976922	0.23687877	No	
row_28	IFITM5	interferon induced transmembrane protein 5 [Source:HGNC Symbol;Acc:HGNC:16644]	9205	-0.002395177725702524	0.12836665	No	
row_29	P4HB	prolyl 4-hydroxylase subunit beta [Source:HGNC Symbol;Acc:HGNC:8548]	11358	-0.3267616331577301	-0.009088624	No	
row_30	FBLN5	fibulin 5 [Source:HGNC Symbol;Acc:HGNC:3602]	11361	-0.3279109001159668	-0.0026214202	No	
row_31	ATP6V0A2	ATPase H+ transporting V0 subunit a2 [Source:HGNC Symbol;Acc:HGNC:18481]	11554	-0.3689594566822052	-0.008044568	No	
row_32	MTX2	metaxin 2 [Source:HGNC Symbol;Acc:HGNC:7506]	11639	-0.38586103916168213	-0.0058990438	No	
row_33	SP7	Sp7 transcription factor [Source:HGNC Symbol;Acc:HGNC:17321]	11954	-0.46344929933547974	-0.0175855	No	
row_34	FKBP10	FKBP prolyl isomerase 10 [Source:HGNC Symbol;Acc:HGNC:18169]	12081	-0.4966084361076355	-0.016021613	No	
row_35	WNK1	WNK lysine deficient protein kinase 1 [Source:HGNC Symbol;Acc:HGNC:14540]	12583	-0.63911372423172	-0.036687724	No	
row_36	SCN9A	sodium voltage-gated channel alpha subunit 9 [Source:HGNC Symbol;Acc:HGNC:10597]	12809	-0.7164203524589539	-0.03732494	No	
row_37	ATP7A	ATPase copper transporting alpha [Source:HGNC Symbol;Acc:HGNC:869]	12887	-0.7437397837638855	-0.02750657	No	
row_38	ZMPSTE24	zinc metallopeptidase STE24 [Source:HGNC Symbol;Acc:HGNC:12877]	12897	-0.7464874982833862	-0.013081652	No	
row_39	AFF4	AF4/FMR2 family member 4 [Source:HGNC Symbol;Acc:HGNC:17869]	13421	-0.9608231782913208	-0.028743995	No	
row_40	PPIB	peptidylprolyl isomerase B [Source:HGNC Symbol;Acc:HGNC:9255]	13633	-1.0618085861206055	-0.021491302	No	
row_41	MESD	mesoderm development LRP chaperone [Source:HGNC Symbol;Acc:HGNC:13520]	13806	-1.1690459251403809	-0.009469581	No	
row_42	RETREG1	reticulophagy regulator 1 [Source:HGNC Symbol;Acc:HGNC:25964]	14580	-2.053821086883545	-0.019861637	No	
row_43	ALDH18A1	aldehyde dehydrogenase 18 family member A1 [Source:HGNC Symbol;Acc:HGNC:9722]	14686	-2.32651686668396	0.019945044	No	
