NAME	SYMBOL	TITLE	RANK IN GENE LIST	RANK METRIC SCORE	RUNNING ES	CORE ENRICHMENT	
row_0	HSD17B10	hydroxysteroid 17-beta dehydrogenase 10 [Source:HGNC Symbol;Acc:HGNC:4800]	8	4.402702331542969	0.27001283	Yes	
row_1	HSPG2	heparan sulfate proteoglycan 2 [Source:HGNC Symbol;Acc:HGNC:5273]	575	1.8004451990127563	0.3428392	Yes	
row_2	LGALS3BP	galectin 3 binding protein [Source:HGNC Symbol;Acc:HGNC:6564]	817	1.5721927881240845	0.42335096	Yes	
row_3	AXIN1	axin 1 [Source:HGNC Symbol;Acc:HGNC:903]	1095	1.3925491571426392	0.49041858	Yes	
row_4	TGFB1	transforming growth factor beta 1 [Source:HGNC Symbol;Acc:HGNC:11766]	1277	1.3137760162353516	0.55905885	Yes	
row_5	RAB31	RAB31, member RAS oncogene family [Source:HGNC Symbol;Acc:HGNC:9771]	1348	1.2816615104675293	0.633141	Yes	
row_6	GNAI2	G protein subunit alpha i2 [Source:HGNC Symbol;Acc:HGNC:4385]	1581	1.1862215995788574	0.6905359	Yes	
row_7	PPID	peptidylprolyl isomerase D [Source:HGNC Symbol;Acc:HGNC:9257]	4966	0.39383482933044434	0.48866996	No	
row_8	SMAD3	SMAD family member 3 [Source:HGNC Symbol;Acc:HGNC:6769]	5954	0.22765474021434784	0.43672314	No	
row_9	KIF22	kinesin family member 22 [Source:HGNC Symbol;Acc:HGNC:6391]	6359	0.16362375020980835	0.41978875	No	
row_10	EVX1	even-skipped homeobox 1 [Source:HGNC Symbol;Acc:HGNC:3506]	8199	0.0	0.29693487	No	
row_11	RPS6KA1	ribosomal protein S6 kinase A1 [Source:HGNC Symbol;Acc:HGNC:10430]	11242	-0.3001354932785034	0.11215829	No	
row_12	ASNS	asparagine synthetase (glutamine-hydrolyzing) [Source:HGNC Symbol;Acc:HGNC:753]	11535	-0.36452987790107727	0.11505177	No	
row_13	HSPH1	heat shock protein family H (Hsp110) member 1 [Source:HGNC Symbol;Acc:HGNC:16969]	12270	-0.5491358041763306	0.09976164	No	
row_14	LTBR	lymphotoxin beta receptor [Source:HGNC Symbol;Acc:HGNC:6718]	12305	-0.5580787658691406	0.13178438	No	
row_15	EFNA1	ephrin A1 [Source:HGNC Symbol;Acc:HGNC:3221]	12958	-0.7667748332023621	0.13534622	No	
