NAME	SYMBOL	TITLE	RANK IN GENE LIST	RANK METRIC SCORE	RUNNING ES	CORE ENRICHMENT	
row_0	KCND1	potassium voltage-gated channel subfamily D member 1 [Source:HGNC Symbol;Acc:HGNC:6237]	1965	1.0541856288909912	-0.08117054	No	
row_1	KCNB1	potassium voltage-gated channel subfamily B member 1 [Source:HGNC Symbol;Acc:HGNC:6231]	3692	0.6237232685089111	-0.16683774	No	
row_2	MAP1LC3A	microtubule associated protein 1 light chain 3 alpha [Source:HGNC Symbol;Acc:HGNC:6838]	4713	0.43796929717063904	-0.21416564	No	
row_3	KCNAB1	potassium voltage-gated channel subfamily A regulatory beta subunit 1 [Source:HGNC Symbol;Acc:HGNC:6228]	5284	0.3424045741558075	-0.23597077	No	
row_4	GABBR1	gamma-aminobutyric acid type B receptor subunit 1 [Source:HGNC Symbol;Acc:HGNC:4070]	5439	0.310994416475296	-0.23147471	No	
row_5	SYT11	synaptotagmin 11 [Source:HGNC Symbol;Acc:HGNC:19239]	6015	0.21734626591205597	-0.25955945	No	
row_6	STX3	syntaxin 3 [Source:HGNC Symbol;Acc:HGNC:11438]	6946	0.08067461103200912	-0.3178607	No	
row_7	SYNGR3	synaptogyrin 3 [Source:HGNC Symbol;Acc:HGNC:11501]	7437	0.014060853980481625	-0.3499309	No	
row_8	CNR1	cannabinoid receptor 1 [Source:HGNC Symbol;Acc:HGNC:2159]	8123	0.0	-0.39569825	No	
row_9	ANK2	ankyrin 2 [Source:HGNC Symbol;Acc:HGNC:493]	9235	-0.0027558193542063236	-0.46979722	No	
row_10	SCG5	secretogranin V [Source:HGNC Symbol;Acc:HGNC:10816]	12552	-0.6305643320083618	-0.6613729	No	
row_11	SNCAIP	synuclein alpha interacting protein [Source:HGNC Symbol;Acc:HGNC:11139]	13629	-1.0605473518371582	-0.6828436	Yes	
row_12	CHRNB1	cholinergic receptor nicotinic beta 1 subunit [Source:HGNC Symbol;Acc:HGNC:1961]	13813	-1.175353765487671	-0.6391916	Yes	
row_13	CA10	carbonic anhydrase 10 [Source:HGNC Symbol;Acc:HGNC:1369]	14688	-2.335358142852783	-0.5865587	Yes	
row_14	ASIC1	acid sensing ion channel subunit 1 [Source:HGNC Symbol;Acc:HGNC:100]	14842	-2.9122250080108643	-0.45832762	Yes	
row_15	SCN2A	sodium voltage-gated channel alpha subunit 2 [Source:HGNC Symbol;Acc:HGNC:10588]	14857	-2.9987282752990723	-0.31669688	Yes	
row_16	KCNK2	potassium two pore domain channel subfamily K member 2 [Source:HGNC Symbol;Acc:HGNC:6277]	14882	-3.1769678592681885	-0.16726041	Yes	
row_17	SYT5	synaptotagmin 5 [Source:HGNC Symbol;Acc:HGNC:11513]	14938	-3.660085916519165	0.0030733657	Yes	
