NAME	SYMBOL	TITLE	RANK IN GENE LIST	RANK METRIC SCORE	RUNNING ES	CORE ENRICHMENT	
row_0	CD163	CD163 molecule [Source:HGNC Symbol;Acc:HGNC:1631]	271	2.3087081909179688	0.31765687	Yes	
row_1	ORC2	origin recognition complex subunit 2 [Source:HGNC Symbol;Acc:HGNC:8488]	921	1.4938347339630127	0.4915547	Yes	
row_2	GADD45B	growth arrest and DNA damage inducible beta [Source:HGNC Symbol;Acc:HGNC:4096]	923	1.4937149286270142	0.70872164	Yes	
row_3	LPCAT4	lysophosphatidylcholine acyltransferase 4 [Source:HGNC Symbol;Acc:HGNC:30059]	5943	0.2288540154695511	0.40673378	No	
row_4	CAD	carbamoyl-phosphate synthetase 2, aspartate transcarbamylase, and dihydroorotase [Source:HGNC Symbol;Acc:HGNC:1424]	6278	0.1742846667766571	0.40976903	No	
row_5	EZR	ezrin [Source:HGNC Symbol;Acc:HGNC:12691]	7124	0.055036935955286026	0.36132693	No	
row_6	PREPL	prolyl endopeptidase like [Source:HGNC Symbol;Acc:HGNC:30228]	7133	0.05417828634381294	0.36867177	No	
row_7	SEC23IP	SEC23 interacting protein [Source:HGNC Symbol;Acc:HGNC:17018]	7426	0.015493976883590221	0.35141942	No	
row_8	NUP62	nucleoporin 62 [Source:HGNC Symbol;Acc:HGNC:8066]	7564	0.006066577509045601	0.34315005	No	
row_9	CXCL8	C-X-C motif chemokine ligand 8 [Source:HGNC Symbol;Acc:HGNC:6025]	8240	0.0	0.29805988	No	
row_10	DDX17	DEAD-box helicase 17 [Source:HGNC Symbol;Acc:HGNC:2740]	9275	-0.003382112132385373	0.22948027	No	
row_11	CCT4	chaperonin containing TCP1 subunit 4 [Source:HGNC Symbol;Acc:HGNC:1617]	10276	-0.12218448519706726	0.18044952	No	
row_12	JPT2	Jupiter microtubule associated homolog 2 [Source:HGNC Symbol;Acc:HGNC:14137]	10286	-0.12382011115550995	0.1978557	No	
row_13	PRDX3	peroxiredoxin 3 [Source:HGNC Symbol;Acc:HGNC:9354]	11189	-0.2900322377681732	0.17978178	No	
row_14	SHQ1	SHQ1, H/ACA ribonucleoprotein assembly factor [Source:HGNC Symbol;Acc:HGNC:25543]	12122	-0.5064804553985596	0.19118233	No	
