NAME	SYMBOL	TITLE	RANK IN GENE LIST	RANK METRIC SCORE	RUNNING ES	CORE ENRICHMENT	
row_0	LDB2	LIM domain binding 2 [Source:HGNC Symbol;Acc:HGNC:6533]	326	2.190640449523926	0.018577188	No	
row_1	PFKM	phosphofructokinase, muscle [Source:HGNC Symbol;Acc:HGNC:8877]	572	1.8069170713424683	0.035501394	No	
row_2	ZNF652	zinc finger protein 652 [Source:HGNC Symbol;Acc:HGNC:29147]	1127	1.3784832954406738	0.023817008	No	
row_3	FOXO4	forkhead box O4 [Source:HGNC Symbol;Acc:HGNC:7139]	1501	1.2136062383651733	0.02121776	No	
row_4	PACS2	phosphofurin acidic cluster sorting protein 2 [Source:HGNC Symbol;Acc:HGNC:23794]	1571	1.1900866031646729	0.038553055	No	
row_5	ETV1	ETS variant transcription factor 1 [Source:HGNC Symbol;Acc:HGNC:3490]	1975	1.0489352941513062	0.030905396	No	
row_6	RARG	retinoic acid receptor gamma [Source:HGNC Symbol;Acc:HGNC:9866]	2036	1.02895987033844	0.045870744	No	
row_7	HMGCR	3-hydroxy-3-methylglutaryl-CoA reductase [Source:HGNC Symbol;Acc:HGNC:5006]	2179	0.984433650970459	0.05452039	No	
row_8	FBXL17	F-box and leucine rich repeat protein 17 [Source:HGNC Symbol;Acc:HGNC:13615]	2682	0.8354702591896057	0.0363009	No	
row_9	DCUN1D4	defective in cullin neddylation 1 domain containing 4 [Source:HGNC Symbol;Acc:HGNC:28998]	2780	0.8107588887214661	0.044761136	No	
row_10	ERG	ETS transcription factor ERG [Source:HGNC Symbol;Acc:HGNC:3446]	2898	0.7835002541542053	0.051378384	No	
row_11	PHYHIPL	phytanoyl-CoA 2-hydroxylase interacting protein like [Source:HGNC Symbol;Acc:HGNC:29378]	2938	0.7740753293037415	0.06304786	No	
row_12	RNF14	ring finger protein 14 [Source:HGNC Symbol;Acc:HGNC:10058]	2980	0.7627583146095276	0.074374534	No	
row_13	DONSON	DNA replication fork stabilization factor DONSON [Source:HGNC Symbol;Acc:HGNC:2993]	3801	0.6051129102706909	0.03059816	No	
row_14	PBX1	PBX homeobox 1 [Source:HGNC Symbol;Acc:HGNC:8632]	3846	0.5954719185829163	0.038637202	No	
row_15	INPP5A	inositol polyphosphate-5-phosphatase A [Source:HGNC Symbol;Acc:HGNC:6076]	4100	0.5457548499107361	0.03175556	No	
row_16	TOP2B	DNA topoisomerase II beta [Source:HGNC Symbol;Acc:HGNC:11990]	4143	0.5369554758071899	0.03884891	No	
row_17	TMF1	TATA element modulatory factor 1 [Source:HGNC Symbol;Acc:HGNC:11870]	4575	0.4597126841545105	0.018453393	No	
row_18	BRWD3	bromodomain and WD repeat domain containing 3 [Source:HGNC Symbol;Acc:HGNC:17342]	5001	0.38774776458740234	-0.0028679427	No	
row_19	HNRNPLL	heterogeneous nuclear ribonucleoprotein L like [Source:HGNC Symbol;Acc:HGNC:25127]	5239	0.35018330812454224	-0.012286071	No	
row_20	PSEN1	presenilin 1 [Source:HGNC Symbol;Acc:HGNC:9508]	5269	0.3442303240299225	-0.007877689	No	
row_21	NT5C2	5'-nucleotidase, cytosolic II [Source:HGNC Symbol;Acc:HGNC:8022]	5352	0.3288324475288391	-0.0073045045	No	
row_22	EMC2	ER membrane protein complex subunit 2 [Source:HGNC Symbol;Acc:HGNC:28963]	5532	0.2956130802631378	-0.013843416	No	
row_23	NDUFS4	NADH:ubiquinone oxidoreductase subunit S4 [Source:HGNC Symbol;Acc:HGNC:7711]	5541	0.29361414909362793	-0.008961924	No	
row_24	BRWD1	bromodomain and WD repeat domain containing 1 [Source:HGNC Symbol;Acc:HGNC:12760]	5919	0.23149842023849487	-0.029950153	No	
row_25	HECTD1	HECT domain E3 ubiquitin protein ligase 1 [Source:HGNC Symbol;Acc:HGNC:20157]	6505	0.14191384613513947	-0.066527665	No	
row_26	ITGAV	integrin subunit alpha V [Source:HGNC Symbol;Acc:HGNC:6150]	6976	0.07632040232419968	-0.096610256	No	
row_27	DMTF1	cyclin D binding myb like transcription factor 1 [Source:HGNC Symbol;Acc:HGNC:14603]	7030	0.0698930025100708	-0.098871745	No	
row_28	TRIM33	tripartite motif containing 33 [Source:HGNC Symbol;Acc:HGNC:16290]	7296	0.03316143900156021	-0.11601532	No	
row_29	RSF1	remodeling and spacing factor 1 [Source:HGNC Symbol;Acc:HGNC:18118]	7312	0.030856261029839516	-0.11645102	No	
row_30	FAM110C	family with sequence similarity 110 member C [Source:HGNC Symbol;Acc:HGNC:33340]	7657	0.0030689360573887825	-0.13944297	No	
row_31	ACTBL2	actin beta like 2 [Source:HGNC Symbol;Acc:HGNC:17780]	8137	0.0	-0.17153677	No	
row_32	MSX2	msh homeobox 2 [Source:HGNC Symbol;Acc:HGNC:7392]	9138	-0.0017359323101118207	-0.2385064	No	
row_33	RSRC2	arginine and serine rich coiled-coil 2 [Source:HGNC Symbol;Acc:HGNC:30559]	9409	-0.008371185511350632	-0.2564424	No	
row_34	MAEL	maelstrom spermatogenic transposon silencer [Source:HGNC Symbol;Acc:HGNC:25929]	9582	-0.02231711708009243	-0.2675549	No	
row_35	MED13L	mediator complex subunit 13L [Source:HGNC Symbol;Acc:HGNC:22962]	10251	-0.11780381947755814	-0.31013843	No	
row_36	NIPA2	NIPA magnesium transporter 2 [Source:HGNC Symbol;Acc:HGNC:17044]	10257	-0.11942990124225616	-0.30826983	No	
row_37	MEF2C	myocyte enhancer factor 2C [Source:HGNC Symbol;Acc:HGNC:6996]	10472	-0.1575721949338913	-0.3197008	No	
row_38	FLT3	fms related receptor tyrosine kinase 3 [Source:HGNC Symbol;Acc:HGNC:3765]	11004	-0.251015305519104	-0.35064718	No	
row_39	ALS2	alsin Rho guanine nucleotide exchange factor ALS2 [Source:HGNC Symbol;Acc:HGNC:443]	11183	-0.288551926612854	-0.35724938	No	
row_40	INPP5F	inositol polyphosphate-5-phosphatase F [Source:HGNC Symbol;Acc:HGNC:17054]	11275	-0.30902570486068726	-0.35764465	No	
row_41	OGN	osteoglycin [Source:HGNC Symbol;Acc:HGNC:8126]	11691	-0.39826223254203796	-0.37810197	No	
row_42	ZNF711	zinc finger protein 711 [Source:HGNC Symbol;Acc:HGNC:13128]	12214	-0.5331690311431885	-0.40323928	No	
row_43	THSD7A	thrombospondin type 1 domain containing 7A [Source:HGNC Symbol;Acc:HGNC:22207]	12434	-0.5948845148086548	-0.40693638	No	
row_44	FBXO7	F-box protein 7 [Source:HGNC Symbol;Acc:HGNC:13586]	12565	-0.6322941780090332	-0.40398008	No	
row_45	RANBP9	RAN binding protein 9 [Source:HGNC Symbol;Acc:HGNC:13727]	12951	-0.7631121873855591	-0.41569546	No	
row_46	MED20	mediator complex subunit 20 [Source:HGNC Symbol;Acc:HGNC:16840]	13420	-0.9591110944747925	-0.4293556	Yes	
row_47	BIRC3	baculoviral IAP repeat containing 3 [Source:HGNC Symbol;Acc:HGNC:591]	13552	-1.0148688554763794	-0.41940734	Yes	
row_48	PDE4B	phosphodiesterase 4B [Source:HGNC Symbol;Acc:HGNC:8781]	13679	-1.09000563621521	-0.40773776	Yes	
row_49	NALCN	sodium leak channel, non-selective [Source:HGNC Symbol;Acc:HGNC:19082]	13759	-1.1390800476074219	-0.3920136	Yes	
row_50	LMCD1	LIM and cysteine rich domains 1 [Source:HGNC Symbol;Acc:HGNC:6633]	13786	-1.158458948135376	-0.3723808	Yes	
row_51	TOB1	transducer of ERBB2, 1 [Source:HGNC Symbol;Acc:HGNC:11979]	13995	-1.3078070878982544	-0.36218667	Yes	
row_52	GRID2	glutamate ionotropic receptor delta type subunit 2 [Source:HGNC Symbol;Acc:HGNC:4576]	14429	-1.7687615156173706	-0.35856277	Yes	
row_53	ST6GALNAC1	ST6 N-acetylgalactosaminide alpha-2,6-sialyltransferase 1 [Source:HGNC Symbol;Acc:HGNC:23614]	14696	-2.3613672256469727	-0.33281538	Yes	
row_54	TSPAN12	tetraspanin 12 [Source:HGNC Symbol;Acc:HGNC:21641]	14760	-2.578390121459961	-0.28946236	Yes	
row_55	CCDC73	coiled-coil domain containing 73 [Source:HGNC Symbol;Acc:HGNC:23261]	14855	-2.989406108856201	-0.24060266	Yes	
row_56	MYBL1	MYB proto-oncogene like 1 [Source:HGNC Symbol;Acc:HGNC:7547]	14862	-3.0257065296173096	-0.18517704	Yes	
row_57	GABRA3	gamma-aminobutyric acid type A receptor subunit alpha3 [Source:HGNC Symbol;Acc:HGNC:4077]	14889	-3.210725784301758	-0.12767765	Yes	
row_58	HTR2C	5-hydroxytryptamine receptor 2C [Source:HGNC Symbol;Acc:HGNC:5295]	14919	-3.455348253250122	-0.0658657	Yes	
row_59	SH3TC2	SH3 domain and tetratricopeptide repeats 2 [Source:HGNC Symbol;Acc:HGNC:29427]	14947	-3.8021459579467773	0.0024790487	Yes	
