NAME	SYMBOL	TITLE	RANK IN GENE LIST	RANK METRIC SCORE	RUNNING ES	CORE ENRICHMENT	
row_0	NMNAT2	nicotinamide nucleotide adenylyltransferase 2 [Source:HGNC Symbol;Acc:HGNC:16789]	246	2.359015703201294	0.027258059	No	
row_1	PITPNM2	phosphatidylinositol transfer protein membrane associated 2 [Source:HGNC Symbol;Acc:HGNC:21044]	276	2.301802635192871	0.067999385	No	
row_2	ST3GAL1	ST3 beta-galactoside alpha-2,3-sialyltransferase 1 [Source:HGNC Symbol;Acc:HGNC:10862]	500	1.902771234512329	0.08833832	No	
row_3	SCAMP4	secretory carrier membrane protein 4 [Source:HGNC Symbol;Acc:HGNC:30385]	610	1.7611124515533447	0.11369106	No	
row_4	ORAI2	ORAI calcium release-activated calcium modulator 2 [Source:HGNC Symbol;Acc:HGNC:21667]	691	1.680214762687683	0.13948733	No	
row_5	ABR	ABR activator of RhoGEF and GTPase [Source:HGNC Symbol;Acc:HGNC:81]	751	1.6274584531784058	0.16571277	No	
row_6	CDK19	cyclin dependent kinase 19 [Source:HGNC Symbol;Acc:HGNC:19338]	1643	1.1672133207321167	0.12763928	No	
row_7	BCL11B	BAF chromatin remodeling complex subunit BCL11B [Source:HGNC Symbol;Acc:HGNC:13222]	2276	0.9532039761543274	0.10295641	No	
row_8	NXF1	nuclear RNA export factor 1 [Source:HGNC Symbol;Acc:HGNC:8071]	2594	0.8623467087745667	0.09770127	No	
row_9	BCL2L11	BCL2 like 11 [Source:HGNC Symbol;Acc:HGNC:994]	2719	0.8263519406318665	0.10471429	No	
row_10	FAM102A	family with sequence similarity 102 member A [Source:HGNC Symbol;Acc:HGNC:31419]	2766	0.8140144348144531	0.1167264	No	
row_11	CWC27	CWC27 spliceosome associated cyclophilin [Source:HGNC Symbol;Acc:HGNC:10664]	2843	0.7975372076034546	0.12642224	No	
row_12	KIF21B	kinesin family member 21B [Source:HGNC Symbol;Acc:HGNC:29442]	3024	0.7516078352928162	0.12829584	No	
row_13	HEYL	hes related family bHLH transcription factor with YRPW motif like [Source:HGNC Symbol;Acc:HGNC:4882]	3049	0.747399628162384	0.14054717	No	
row_14	C2CD3	C2 domain containing 3 centriole elongation regulator [Source:HGNC Symbol;Acc:HGNC:24564]	3119	0.7343841791152954	0.14954105	No	
row_15	AGAP1	ArfGAP with GTPase domain, ankyrin repeat and PH domain 1 [Source:HGNC Symbol;Acc:HGNC:16922]	3168	0.7260506749153137	0.1597879	No	
row_16	DGKE	diacylglycerol kinase epsilon [Source:HGNC Symbol;Acc:HGNC:2852]	3814	0.6028950810432434	0.12773752	No	
row_17	DCUN1D1	defective in cullin neddylation 1 domain containing 1 [Source:HGNC Symbol;Acc:HGNC:18184]	4321	0.5042206048965454	0.10317367	No	
row_18	TET3	tet methylcytosine dioxygenase 3 [Source:HGNC Symbol;Acc:HGNC:28313]	4554	0.46368294954299927	0.09622269	No	
row_19	ETV6	ETS variant transcription factor 6 [Source:HGNC Symbol;Acc:HGNC:3495]	5045	0.381060391664505	0.07044732	No	
row_20	IRAK3	interleukin 1 receptor associated kinase 3 [Source:HGNC Symbol;Acc:HGNC:17020]	5083	0.37350985407829285	0.074893855	No	
row_21	DHX57	DExH-box helicase 57 [Source:HGNC Symbol;Acc:HGNC:20086]	5205	0.3543148636817932	0.07335441	No	
row_22	EIF2AK1	eukaryotic translation initiation factor 2 alpha kinase 1 [Source:HGNC Symbol;Acc:HGNC:24921]	5448	0.30862465500831604	0.06285776	No	
row_23	HNRNPU	heterogeneous nuclear ribonucleoprotein U [Source:HGNC Symbol;Acc:HGNC:5048]	5812	0.25212562084198	0.043203462	No	
row_24	ARID4A	AT-rich interaction domain 4A [Source:HGNC Symbol;Acc:HGNC:9885]	6418	0.15422619879245758	0.0055138627	No	
row_25	NBEA	neurobeachin [Source:HGNC Symbol;Acc:HGNC:7648]	6498	0.14277032017707825	0.002866514	No	
row_26	HECTD1	HECT domain E3 ubiquitin protein ligase 1 [Source:HGNC Symbol;Acc:HGNC:20157]	6505	0.14191384613513947	0.005096044	No	
row_27	TENM1	teneurin transmembrane protein 1 [Source:HGNC Symbol;Acc:HGNC:8117]	6672	0.12067107111215591	-0.003792216	No	
row_28	NAGA	alpha-N-acetylgalactosaminidase [Source:HGNC Symbol;Acc:HGNC:7631]	6967	0.0777357667684555	-0.022055764	No	
row_29	METAP2	methionyl aminopeptidase 2 [Source:HGNC Symbol;Acc:HGNC:16672]	7040	0.06887346506118774	-0.0256043	No	
row_30	ONECUT1	one cut homeobox 1 [Source:HGNC Symbol;Acc:HGNC:8138]	7143	0.05323056876659393	-0.031453643	No	
row_31	S100A12	S100 calcium binding protein A12 [Source:HGNC Symbol;Acc:HGNC:10489]	7648	0.0032549253664910793	-0.06517345	No	
row_32	L1CAM	L1 cell adhesion molecule [Source:HGNC Symbol;Acc:HGNC:6470]	8404	0.0	-0.11577666	No	
row_33	APOBEC4	apolipoprotein B mRNA editing enzyme catalytic polypeptide like 4 [Source:HGNC Symbol;Acc:HGNC:32152]	8878	0.0	-0.14747907	No	
row_34	GIPC3	GIPC PDZ domain containing family member 3 [Source:HGNC Symbol;Acc:HGNC:18183]	9052	-9.400860290043056E-4	-0.15905681	No	
row_35	KRT78	keratin 78 [Source:HGNC Symbol;Acc:HGNC:28926]	9136	-0.001715281861834228	-0.164588	No	
row_36	DAZL	deleted in azoospermia like [Source:HGNC Symbol;Acc:HGNC:2685]	9286	-0.003551150904968381	-0.17450875	No	
row_37	HDHD2	haloacid dehalogenase like hydrolase domain containing 2 [Source:HGNC Symbol;Acc:HGNC:25364]	9422	-0.008938759565353394	-0.18339124	No	
row_38	KCNA5	potassium voltage-gated channel subfamily A member 5 [Source:HGNC Symbol;Acc:HGNC:6224]	9436	-0.009410479106009007	-0.18408805	No	
row_39	COL10A1	collagen type X alpha 1 chain [Source:HGNC Symbol;Acc:HGNC:2185]	9654	-0.030272897332906723	-0.1980709	No	
row_40	PIP4K2A	phosphatidylinositol-5-phosphate 4-kinase type 2 alpha [Source:HGNC Symbol;Acc:HGNC:8997]	9738	-0.040443383157253265	-0.20288391	No	
row_41	KIF24	kinesin family member 24 [Source:HGNC Symbol;Acc:HGNC:19916]	9990	-0.07770594209432602	-0.21826598	No	
row_42	FOXO3	forkhead box O3 [Source:HGNC Symbol;Acc:HGNC:3821]	10093	-0.09292391687631607	-0.22337924	No	
row_43	ZBTB39	zinc finger and BTB domain containing 39 [Source:HGNC Symbol;Acc:HGNC:29014]	10109	-0.09470005333423615	-0.22262847	No	
row_44	SSR3	signal sequence receptor subunit 3 [Source:HGNC Symbol;Acc:HGNC:11325]	10194	-0.10888899862766266	-0.22623923	No	
row_45	POU2F1	POU class 2 homeobox 1 [Source:HGNC Symbol;Acc:HGNC:9212]	10509	-0.16421982645988464	-0.2442395	No	
row_46	DELE1	DAP3 binding cell death enhancer 1 [Source:HGNC Symbol;Acc:HGNC:28969]	10584	-0.17747072875499725	-0.24590823	No	
row_47	CNOT6	CCR4-NOT transcription complex subunit 6 [Source:HGNC Symbol;Acc:HGNC:14099]	10591	-0.17956773936748505	-0.24298044	No	
row_48	EXPH5	exophilin 5 [Source:HGNC Symbol;Acc:HGNC:30578]	11247	-0.3019094169139862	-0.28128257	No	
row_49	IGF2BP3	insulin like growth factor 2 mRNA binding protein 3 [Source:HGNC Symbol;Acc:HGNC:28868]	11460	-0.3485527038574219	-0.28902808	No	
row_50	MAMDC2	MAM domain containing 2 [Source:HGNC Symbol;Acc:HGNC:23673]	11499	-0.358153760433197	-0.28493333	No	
row_51	ZDHHC3	zinc finger DHHC-type palmitoyltransferase 3 [Source:HGNC Symbol;Acc:HGNC:18470]	11994	-0.47259455919265747	-0.30927938	No	
row_52	NCAM1	neural cell adhesion molecule 1 [Source:HGNC Symbol;Acc:HGNC:7656]	12113	-0.5032943487167358	-0.30785504	No	
row_53	ATCAY	ATCAY kinesin light chain interacting caytaxin [Source:HGNC Symbol;Acc:HGNC:779]	12252	-0.5440861582756042	-0.30701473	No	
row_54	RIMS4	regulating synaptic membrane exocytosis 4 [Source:HGNC Symbol;Acc:HGNC:16183]	14172	-1.4596619606018066	-0.40856582	Yes	
row_55	LEF1	lymphoid enhancer binding factor 1 [Source:HGNC Symbol;Acc:HGNC:6551]	14209	-1.48752760887146	-0.38339373	Yes	
row_56	CDH4	cadherin 4 [Source:HGNC Symbol;Acc:HGNC:1763]	14241	-1.5208123922348022	-0.35726926	Yes	
row_57	MMP24	matrix metallopeptidase 24 [Source:HGNC Symbol;Acc:HGNC:7172]	14478	-1.8491692543029785	-0.33879566	Yes	
row_58	FRMD5	FERM domain containing 5 [Source:HGNC Symbol;Acc:HGNC:28214]	14499	-1.8926392793655396	-0.3050387	Yes	
row_59	SGO1	shugoshin 1 [Source:HGNC Symbol;Acc:HGNC:25088]	14699	-2.3818373680114746	-0.2742073	Yes	
row_60	VASH2	vasohibin 2 [Source:HGNC Symbol;Acc:HGNC:25723]	14764	-2.5873212814331055	-0.23051712	Yes	
row_61	MYH11	myosin heavy chain 11 [Source:HGNC Symbol;Acc:HGNC:7569]	14778	-2.621938705444336	-0.18276675	Yes	
row_62	KCNJ6	potassium inwardly rectifying channel subfamily J member 6 [Source:HGNC Symbol;Acc:HGNC:6267]	14904	-3.360882520675659	-0.12881997	Yes	
row_63	SLC24A2	solute carrier family 24 member 2 [Source:HGNC Symbol;Acc:HGNC:10976]	14914	-3.4264285564422607	-0.065882914	Yes	
row_64	SH3TC2	SH3 domain and tetratricopeptide repeats 2 [Source:HGNC Symbol;Acc:HGNC:29427]	14947	-3.8021459579467773	0.0024799674	Yes	
