NAME	SYMBOL	TITLE	RANK IN GENE LIST	RANK METRIC SCORE	RUNNING ES	CORE ENRICHMENT	
row_0	BNC2	basonuclin 2 [Source:HGNC Symbol;Acc:HGNC:30988]	37	3.353215217590332	0.088644855	Yes	
row_1	RBMS3	RNA binding motif single stranded interacting protein 3 [Source:HGNC Symbol;Acc:HGNC:13427]	283	2.2810869216918945	0.1342379	Yes	
row_2	SPARC	secreted protein acidic and cysteine rich [Source:HGNC Symbol;Acc:HGNC:11219]	386	2.0832388401031494	0.18402301	Yes	
row_3	PFKM	phosphofructokinase, muscle [Source:HGNC Symbol;Acc:HGNC:8877]	572	1.8069170713424683	0.22074564	Yes	
row_4	MS4A7	membrane spanning 4-domains A7 [Source:HGNC Symbol;Acc:HGNC:13378]	896	1.5064465999603271	0.24006939	Yes	
row_5	ABCC3	ATP binding cassette subfamily C member 3 [Source:HGNC Symbol;Acc:HGNC:54]	991	1.4529613256454468	0.27326256	Yes	
row_6	PPP2R5B	protein phosphatase 2 regulatory subunit B'beta [Source:HGNC Symbol;Acc:HGNC:9310]	1001	1.443525791168213	0.31188688	Yes	
row_7	TRPS1	transcriptional repressor GATA binding 1 [Source:HGNC Symbol;Acc:HGNC:12340]	1214	1.341234564781189	0.33414838	Yes	
row_8	GALNT2	polypeptide N-acetylgalactosaminyltransferase 2 [Source:HGNC Symbol;Acc:HGNC:4124]	1485	1.218891978263855	0.34920442	Yes	
row_9	MEX3B	mex-3 RNA binding family member B [Source:HGNC Symbol;Acc:HGNC:25297]	1870	1.0857491493225098	0.35301447	Yes	
row_10	NRK	Nik related kinase [Source:HGNC Symbol;Acc:HGNC:25391]	1879	1.0821938514709473	0.3818868	Yes	
row_11	CLASP1	cytoplasmic linker associated protein 1 [Source:HGNC Symbol;Acc:HGNC:17088]	1961	1.0548175573349	0.40513065	Yes	
row_12	MIER3	MIER family member 3 [Source:HGNC Symbol;Acc:HGNC:26678]	3551	0.6526945233345032	0.31654385	No	
row_13	DLG1	discs large MAGUK scaffold protein 1 [Source:HGNC Symbol;Acc:HGNC:2900]	4442	0.4854862689971924	0.27018481	No	
row_14	KLHL2	kelch like family member 2 [Source:HGNC Symbol;Acc:HGNC:6353]	4846	0.414386510848999	0.25447986	No	
row_15	PRR14L	proline rich 14 like [Source:HGNC Symbol;Acc:HGNC:28738]	5118	0.3687076270580292	0.246366	No	
row_16	AHCYL1	adenosylhomocysteinase like 1 [Source:HGNC Symbol;Acc:HGNC:344]	5384	0.32344210147857666	0.23742355	No	
row_17	PLCB4	phospholipase C beta 4 [Source:HGNC Symbol;Acc:HGNC:9059]	6519	0.13952523469924927	0.1653368	No	
row_18	TAOK1	TAO kinase 1 [Source:HGNC Symbol;Acc:HGNC:29259]	6600	0.1299404799938202	0.16351487	No	
row_19	CCNL1	cyclin L1 [Source:HGNC Symbol;Acc:HGNC:20569]	7006	0.07320087403059006	0.13840467	No	
row_20	CLPX	caseinolytic mitochondrial matrix peptidase chaperone subunit X [Source:HGNC Symbol;Acc:HGNC:2088]	7104	0.058029573410749435	0.1334911	No	
row_21	PKD2	polycystin 2, transient receptor potential cation channel [Source:HGNC Symbol;Acc:HGNC:9009]	9566	-0.020860156044363976	-0.030612504	No	
row_22	DNAAF6	dynein axonemal assembly factor 6 [Source:HGNC Symbol;Acc:HGNC:28570]	9716	-0.03742228448390961	-0.039565478	No	
row_23	MPP7	MAGUK p55 scaffold protein 7 [Source:HGNC Symbol;Acc:HGNC:26542]	9756	-0.043058693408966064	-0.041004963	No	
row_24	BCLAF1	BCL2 associated transcription factor 1 [Source:HGNC Symbol;Acc:HGNC:16863]	10357	-0.136185422539711	-0.07745145	No	
row_25	CBFB	core-binding factor subunit beta [Source:HGNC Symbol;Acc:HGNC:1539]	10364	-0.13723964989185333	-0.07412356	No	
row_26	SIN3A	SIN3 transcription regulator family member A [Source:HGNC Symbol;Acc:HGNC:19353]	10993	-0.2490994781255722	-0.10937525	No	
row_27	ZEB1	zinc finger E-box binding homeobox 1 [Source:HGNC Symbol;Acc:HGNC:11642]	11323	-0.31939709186553955	-0.122709975	No	
row_28	CCNJ	cyclin J [Source:HGNC Symbol;Acc:HGNC:23434]	12129	-0.5071954727172852	-0.16279157	No	
row_29	RRAD	RRAD, Ras related glycolysis inhibitor and calcium channel regulator [Source:HGNC Symbol;Acc:HGNC:10446]	12363	-0.5730460286140442	-0.16281006	No	
row_30	CNKSR2	connector enhancer of kinase suppressor of Ras 2 [Source:HGNC Symbol;Acc:HGNC:19701]	12482	-0.6088548898696899	-0.15416059	No	
row_31	SERBP1	SERPINE1 mRNA binding protein 1 [Source:HGNC Symbol;Acc:HGNC:17860]	12520	-0.6186869740486145	-0.13982408	No	
row_32	VPS26A	VPS26, retromer complex component A [Source:HGNC Symbol;Acc:HGNC:12711]	12725	-0.6883875131607056	-0.13476782	No	
row_33	CNKSR3	CNKSR family member 3 [Source:HGNC Symbol;Acc:HGNC:23034]	12804	-0.7157803177833557	-0.12053627	No	
row_34	RANBP9	RAN binding protein 9 [Source:HGNC Symbol;Acc:HGNC:13727]	12951	-0.7631121873855591	-0.10956854	No	
row_35	ELAPOR2	endosome-lysosome associated apoptosis and autophagy regulator family member 2 [Source:HGNC Symbol;Acc:HGNC:21945]	13069	-0.8126716017723083	-0.095313616	No	
row_36	NEGR1	neuronal growth regulator 1 [Source:HGNC Symbol;Acc:HGNC:17302]	13296	-0.9075984358787537	-0.08577257	No	
row_37	SYNPR	synaptoporin [Source:HGNC Symbol;Acc:HGNC:16507]	14494	-1.8866873979568481	-0.11459721	No	
row_38	SPAG6	sperm associated antigen 6 [Source:HGNC Symbol;Acc:HGNC:11215]	14646	-2.241809844970703	-0.06378176	No	
row_39	KCNK2	potassium two pore domain channel subfamily K member 2 [Source:HGNC Symbol;Acc:HGNC:6277]	14882	-3.1769678592681885	0.0068251584	No	
