NAME	SYMBOL	TITLE	RANK IN GENE LIST	RANK METRIC SCORE	RUNNING ES	CORE ENRICHMENT	
row_0	ARGLU1	arginine and glutamate rich 1 [Source:HGNC Symbol;Acc:HGNC:25482]	1890	1.0788698196411133	-0.08016276	No	
row_1	CUL4A	cullin 4A [Source:HGNC Symbol;Acc:HGNC:2554]	3345	0.6902078986167908	-0.14783067	No	
row_2	TXNDC16	thioredoxin domain containing 16 [Source:HGNC Symbol;Acc:HGNC:19965]	3379	0.6847290992736816	-0.120658055	No	
row_3	DIS3	DIS3 homolog, exosome endoribonuclease and 3'-5' exoribonuclease [Source:HGNC Symbol;Acc:HGNC:20604]	3783	0.6078746914863586	-0.12153892	No	
row_4	SRSF6	serine and arginine rich splicing factor 6 [Source:HGNC Symbol;Acc:HGNC:10788]	3862	0.592517614364624	-0.10133379	No	
row_5	UCHL3	ubiquitin C-terminal hydrolase L3 [Source:HGNC Symbol;Acc:HGNC:12515]	5033	0.3833322525024414	-0.16316746	No	
row_6	STK24	serine/threonine kinase 24 [Source:HGNC Symbol;Acc:HGNC:11403]	5042	0.38157543540000916	-0.14732997	No	
row_7	ZBED5	zinc finger BED-type containing 5 [Source:HGNC Symbol;Acc:HGNC:30803]	5109	0.36991697549819946	-0.13587336	No	
row_8	EML4	EMAP like 4 [Source:HGNC Symbol;Acc:HGNC:1316]	5147	0.36376625299453735	-0.12274035	No	
row_9	HAUS1	HAUS augmin like complex subunit 1 [Source:HGNC Symbol;Acc:HGNC:25174]	6005	0.2196526676416397	-0.17065518	No	
row_10	WDR47	WD repeat domain 47 [Source:HGNC Symbol;Acc:HGNC:29141]	6088	0.2046186923980713	-0.16736175	No	
row_11	RB1	RB transcriptional corepressor 1 [Source:HGNC Symbol;Acc:HGNC:9884]	6609	0.12869171798229218	-0.19663173	No	
row_12	RBM39	RNA binding motif protein 39 [Source:HGNC Symbol;Acc:HGNC:15923]	6820	0.09954172372817993	-0.20641115	No	
row_13	RRM1	ribonucleotide reductase catalytic subunit M1 [Source:HGNC Symbol;Acc:HGNC:10451]	6879	0.09040339291095734	-0.20641273	No	
row_14	SUCLA2	succinate-CoA ligase ADP-forming subunit beta [Source:HGNC Symbol;Acc:HGNC:11448]	6905	0.08732776343822479	-0.20433833	No	
row_15	SUPT20H	SPT20 homolog, SAGA complex component [Source:HGNC Symbol;Acc:HGNC:20596]	6924	0.08442268520593643	-0.20192023	No	
row_16	SRSF9	serine and arginine rich splicing factor 9 [Source:HGNC Symbol;Acc:HGNC:10791]	6959	0.07872707396745682	-0.20081705	No	
row_17	TPP2	tripeptidyl peptidase 2 [Source:HGNC Symbol;Acc:HGNC:12016]	7216	0.04318084195256233	-0.21609256	No	
row_18	NUFIP2	nuclear FMR1 interacting protein 2 [Source:HGNC Symbol;Acc:HGNC:17634]	7322	0.029769401997327805	-0.22184049	No	
row_19	ISG20	interferon stimulated exonuclease gene 20 [Source:HGNC Symbol;Acc:HGNC:6130]	7539	0.007140856236219406	-0.23598611	No	
row_20	OBI1	ORC ubiquitin ligase 1 [Source:HGNC Symbol;Acc:HGNC:20308]	9246	-0.0028957936447113752	-0.3500061	No	
row_21	USPL1	ubiquitin specific peptidase like 1 [Source:HGNC Symbol;Acc:HGNC:20294]	9551	-0.018600929528474808	-0.36954787	No	
row_22	GTF3A	general transcription factor IIIA [Source:HGNC Symbol;Acc:HGNC:4662]	9564	-0.020487243309617043	-0.36947167	No	
row_23	PCBP2	poly(rC) binding protein 2 [Source:HGNC Symbol;Acc:HGNC:8648]	9663	-0.032020654529333115	-0.37465468	No	
row_24	NAA16	N-alpha-acetyltransferase 16, NatA auxiliary subunit [Source:HGNC Symbol;Acc:HGNC:26164]	10015	-0.08115717023611069	-0.3946569	No	
row_25	EWSR1	EWS RNA binding protein 1 [Source:HGNC Symbol;Acc:HGNC:3508]	10474	-0.15799523890018463	-0.41852123	No	
row_26	SNX4	sorting nexin 4 [Source:HGNC Symbol;Acc:HGNC:11175]	10674	-0.1926446110010147	-0.4235698	No	
row_27	PIBF1	progesterone immunomodulatory binding factor 1 [Source:HGNC Symbol;Acc:HGNC:23352]	10862	-0.22714094817638397	-0.42633528	No	
row_28	PUM2	pumilio RNA binding family member 2 [Source:HGNC Symbol;Acc:HGNC:14958]	11246	-0.30165183544158936	-0.43901747	No	
row_29	XPO4	exportin 4 [Source:HGNC Symbol;Acc:HGNC:17796]	11544	-0.36622104048728943	-0.4431751	No	
row_30	GTF2F2	general transcription factor IIF subunit 2 [Source:HGNC Symbol;Acc:HGNC:4653]	12243	-0.542025625705719	-0.46661916	Yes	
row_31	CASP3	caspase 3 [Source:HGNC Symbol;Acc:HGNC:1504]	12490	-0.6116234660148621	-0.45683467	Yes	
row_32	HSPBP1	HSPA (Hsp70) binding protein 1 [Source:HGNC Symbol;Acc:HGNC:24989]	12666	-0.668906033039093	-0.4398419	Yes	
row_33	ILF3	interleukin enhancer binding factor 3 [Source:HGNC Symbol;Acc:HGNC:6038]	12682	-0.6762408018112183	-0.41182914	Yes	
row_34	IPO5	importin 5 [Source:HGNC Symbol;Acc:HGNC:6402]	13395	-0.9477802515029907	-0.41879967	Yes	
row_35	MFHAS1	multifunctional ROCO family signaling regulator 1 [Source:HGNC Symbol;Acc:HGNC:16982]	14567	-2.017075777053833	-0.4105991	Yes	
row_36	MYC	MYC proto-oncogene, bHLH transcription factor [Source:HGNC Symbol;Acc:HGNC:7553]	14781	-2.6284778118133545	-0.3120669	Yes	
row_37	NR4A1	nuclear receptor subfamily 4 group A member 1 [Source:HGNC Symbol;Acc:HGNC:7980]	14831	-2.850755453109741	-0.19302431	Yes	
row_38	NPPA	natriuretic peptide A [Source:HGNC Symbol;Acc:HGNC:7939]	14981	-4.73554801940918	2.0077219E-4	Yes	
