NAME	SYMBOL	TITLE	RANK IN GENE LIST	RANK METRIC SCORE	RUNNING ES	CORE ENRICHMENT	
row_0	OXTR	oxytocin receptor [Source:HGNC Symbol;Acc:HGNC:8529]	5	4.622318744659424	0.11728925	Yes	
row_1	TACR1	tachykinin receptor 1 [Source:HGNC Symbol;Acc:HGNC:11526]	73	3.0339243412017822	0.19000906	Yes	
row_2	FBN1	fibrillin 1 [Source:HGNC Symbol;Acc:HGNC:3603]	183	2.557993173599243	0.24780682	Yes	
row_3	PDE6A	phosphodiesterase 6A [Source:HGNC Symbol;Acc:HGNC:8785]	409	2.047978639602661	0.2848624	Yes	
row_4	RGS16	regulator of G protein signaling 16 [Source:HGNC Symbol;Acc:HGNC:9997]	479	1.9294363260269165	0.32934248	Yes	
row_5	EDNRB	endothelin receptor type B [Source:HGNC Symbol;Acc:HGNC:3180]	607	1.7644213438034058	0.36574155	Yes	
row_6	MYOC	myocilin [Source:HGNC Symbol;Acc:HGNC:7610]	809	1.5803089141845703	0.39250267	Yes	
row_7	LUM	lumican [Source:HGNC Symbol;Acc:HGNC:6724]	824	1.5701903104782104	0.4315222	Yes	
row_8	EML1	EMAP like 1 [Source:HGNC Symbol;Acc:HGNC:3330]	1067	1.4079480171203613	0.45115313	Yes	
row_9	CYP1B1	cytochrome P450 family 1 subfamily B member 1 [Source:HGNC Symbol;Acc:HGNC:2597]	1170	1.359629511833191	0.4789247	Yes	
row_10	P2RY2	purinergic receptor P2Y2 [Source:HGNC Symbol;Acc:HGNC:8541]	1221	1.3378349542617798	0.50962204	Yes	
row_11	COL18A1	collagen type XVIII alpha 1 chain [Source:HGNC Symbol;Acc:HGNC:2195]	2549	0.8741022348403931	0.44304925	No	
row_12	CRYZ	crystallin zeta [Source:HGNC Symbol;Acc:HGNC:2419]	3884	0.5869388580322266	0.36870053	No	
row_13	EFEMP1	EGF containing fibulin extracellular matrix protein 1 [Source:HGNC Symbol;Acc:HGNC:3218]	4060	0.5532982349395752	0.37106752	No	
row_14	COL11A1	collagen type XI alpha 1 chain [Source:HGNC Symbol;Acc:HGNC:2186]	4084	0.5486277937889099	0.38348904	No	
row_15	HTR2B	5-hydroxytryptamine receptor 2B [Source:HGNC Symbol;Acc:HGNC:5294]	4392	0.493423193693161	0.37549767	No	
row_16	CRYM	crystallin mu [Source:HGNC Symbol;Acc:HGNC:2418]	5394	0.3197542726993561	0.3166376	No	
row_17	OPA1	OPA1 mitochondrial dynamin like GTPase [Source:HGNC Symbol;Acc:HGNC:8140]	5519	0.29746922850608826	0.31590796	No	
row_18	USH2A	usherin [Source:HGNC Symbol;Acc:HGNC:12601]	6571	0.13349153101444244	0.24896157	No	
row_19	GNAT2	G protein subunit alpha transducin 2 [Source:HGNC Symbol;Acc:HGNC:4394]	6653	0.12303866446018219	0.2466712	No	
row_20	MERTK	MER proto-oncogene, tyrosine kinase [Source:HGNC Symbol;Acc:HGNC:7027]	6738	0.11072662472724915	0.24386674	No	
row_21	RS1	retinoschisin 1 [Source:HGNC Symbol;Acc:HGNC:10457]	7140	0.053426679223775864	0.21838738	No	
row_22	OPN1SW	opsin 1, short wave sensitive [Source:HGNC Symbol;Acc:HGNC:1012]	7656	0.0030720282811671495	0.18399665	No	
row_23	CNGA1	cyclic nucleotide gated channel subunit alpha 1 [Source:HGNC Symbol;Acc:HGNC:2148]	8223	0.0	0.1461143	No	
row_24	CXCL8	C-X-C motif chemokine ligand 8 [Source:HGNC Symbol;Acc:HGNC:6025]	8240	0.0	0.14504343	No	
row_25	AOC2	amine oxidase copper containing 2 [Source:HGNC Symbol;Acc:HGNC:549]	8369	0.0	0.1364764	No	
row_26	SIX6	SIX homeobox 6 [Source:HGNC Symbol;Acc:HGNC:10892]	8591	0.0	0.12168489	No	
row_27	PHYH	phytanoyl-CoA 2-hydroxylase [Source:HGNC Symbol;Acc:HGNC:8940]	9479	-0.012430629692971706	0.062634364	No	
row_28	GUCY2F	guanylate cyclase 2F, retinal [Source:HGNC Symbol;Acc:HGNC:4691]	9572	-0.02108386531472206	0.05701333	No	
row_29	PAX2	paired box 2 [Source:HGNC Symbol;Acc:HGNC:8616]	9618	-0.02587810531258583	0.05466	No	
row_30	GUCY2D	guanylate cyclase 2D, retinal [Source:HGNC Symbol;Acc:HGNC:4689]	9890	-0.0625489354133606	0.038113672	No	
row_31	PRPH2	peripherin 2 [Source:HGNC Symbol;Acc:HGNC:9942]	10444	-0.152375265955925	0.0049789073	No	
row_32	SORD	sorbitol dehydrogenase [Source:HGNC Symbol;Acc:HGNC:11184]	10527	-0.16688765585422516	0.0037374347	No	
row_33	CRB1	crumbs cell polarity complex component 1 [Source:HGNC Symbol;Acc:HGNC:2343]	10604	-0.18177296221256256	0.0032763276	No	
row_34	PDE6B	phosphodiesterase 6B [Source:HGNC Symbol;Acc:HGNC:8786]	10663	-0.19133153557777405	0.0042631957	No	
row_35	CNGA3	cyclic nucleotide gated channel subunit alpha 3 [Source:HGNC Symbol;Acc:HGNC:2150]	11406	-0.33809033036231995	-0.03679544	No	
row_36	CDH3	cadherin 3 [Source:HGNC Symbol;Acc:HGNC:1762]	11475	-0.35209354758262634	-0.032386974	No	
row_37	PDE6H	phosphodiesterase 6H [Source:HGNC Symbol;Acc:HGNC:8790]	13185	-0.8577998876571655	-0.124941826	No	
row_38	GRM8	glutamate metabotropic receptor 8 [Source:HGNC Symbol;Acc:HGNC:4600]	13187	-0.8581230044364929	-0.103172146	No	
row_39	TYR	tyrosinase [Source:HGNC Symbol;Acc:HGNC:12442]	13499	-0.99180006980896	-0.098749064	No	
row_40	ABCC6	ATP binding cassette subfamily C member 6 [Source:HGNC Symbol;Acc:HGNC:57]	14301	-1.5957955121994019	-0.11175181	No	
row_41	KRT12	keratin 12 [Source:HGNC Symbol;Acc:HGNC:6414]	14361	-1.6759650707244873	-0.07305248	No	
row_42	CRYAB	crystallin alpha B [Source:HGNC Symbol;Acc:HGNC:2389]	14560	-2.003580093383789	-0.035319608	No	
row_43	PROM1	prominin 1 [Source:HGNC Symbol;Acc:HGNC:9454]	14735	-2.5005364418029785	0.016665606	No	
