NAME	SYMBOL	TITLE	RANK IN GENE LIST	RANK METRIC SCORE	RUNNING ES	CORE ENRICHMENT	
row_0	TFDP1	transcription factor Dp-1 [Source:HGNC Symbol;Acc:HGNC:11749]	1351	1.2800302505493164	-0.06278727	No	
row_1	EI24	EI24 autophagy associated transmembrane protein [Source:HGNC Symbol;Acc:HGNC:13276]	1473	1.2250038385391235	-0.04441247	No	
row_2	BUB3	BUB3 mitotic checkpoint protein [Source:HGNC Symbol;Acc:HGNC:1151]	2340	0.9338403344154358	-0.08221007	No	
row_3	KHSRP	KH-type splicing regulatory protein [Source:HGNC Symbol;Acc:HGNC:6316]	2837	0.7992275357246399	-0.09814471	No	
row_4	HDAC2	histone deacetylase 2 [Source:HGNC Symbol;Acc:HGNC:4853]	3629	0.6356037259101868	-0.13736668	No	
row_5	CCT5	chaperonin containing TCP1 subunit 5 [Source:HGNC Symbol;Acc:HGNC:1618]	3907	0.5832112431526184	-0.14330752	No	
row_6	ZWINT	ZW10 interacting kinetochore protein [Source:HGNC Symbol;Acc:HGNC:13195]	3970	0.571140468120575	-0.13511449	No	
row_7	USP1	ubiquitin specific peptidase 1 [Source:HGNC Symbol;Acc:HGNC:12607]	4138	0.5376368165016174	-0.13467558	No	
row_8	NSD2	nuclear receptor binding SET domain protein 2 [Source:HGNC Symbol;Acc:HGNC:12766]	4164	0.5333384275436401	-0.124822326	No	
row_9	GOT2	glutamic-oxaloacetic transaminase 2 [Source:HGNC Symbol;Acc:HGNC:4433]	4270	0.5118314027786255	-0.1207901	No	
row_10	PPP1CC	protein phosphatase 1 catalytic subunit gamma [Source:HGNC Symbol;Acc:HGNC:9283]	4313	0.5049608945846558	-0.11268837	No	
row_11	BAZ1B	bromodomain adjacent to zinc finger domain 1B [Source:HGNC Symbol;Acc:HGNC:961]	4754	0.43135616183280945	-0.13282448	No	
row_12	SRPK1	SRSF protein kinase 1 [Source:HGNC Symbol;Acc:HGNC:11305]	5219	0.3529961109161377	-0.15626104	No	
row_13	ESPL1	extra spindle pole bodies like 1, separase [Source:HGNC Symbol;Acc:HGNC:16856]	6138	0.19688571989536285	-0.21346799	No	
row_14	SSBP1	single stranded DNA binding protein 1 [Source:HGNC Symbol;Acc:HGNC:11317]	6466	0.14824016392230988	-0.23215748	No	
row_15	ATP5PO	ATP synthase peripheral stalk subunit OSCP [Source:HGNC Symbol;Acc:HGNC:850]	6649	0.12344831228256226	-0.24167472	No	
row_16	RFC3	replication factor C subunit 3 [Source:HGNC Symbol;Acc:HGNC:9971]	6713	0.11445678770542145	-0.24341896	No	
row_17	TYRO3	TYRO3 protein tyrosine kinase [Source:HGNC Symbol;Acc:HGNC:12446]	6828	0.09815449267625809	-0.24893011	No	
row_18	GARS1	glycyl-tRNA synthetase 1 [Source:HGNC Symbol;Acc:HGNC:4162]	6865	0.09242399781942368	-0.24934283	No	
row_19	RRM1	ribonucleotide reductase catalytic subunit M1 [Source:HGNC Symbol;Acc:HGNC:10451]	6879	0.09040339291095734	-0.24825932	No	
row_20	XPOT	exportin for tRNA [Source:HGNC Symbol;Acc:HGNC:12826]	7340	0.02659638412296772	-0.27848256	No	
row_21	CYCS	cytochrome c, somatic [Source:HGNC Symbol;Acc:HGNC:19986]	7372	0.021687069907784462	-0.28008935	No	
row_22	SPAG5	sperm associated antigen 5 [Source:HGNC Symbol;Acc:HGNC:13452]	8974	0.0	-0.38728005	No	
row_23	PMEL	premelanosome protein [Source:HGNC Symbol;Acc:HGNC:10880]	9094	-0.0013267268659546971	-0.3952187	No	
row_24	VBP1	VHL binding protein 1 [Source:HGNC Symbol;Acc:HGNC:12662]	10173	-0.10472529381513596	-0.46512988	No	
row_25	MTREX	Mtr4 exosome RNA helicase [Source:HGNC Symbol;Acc:HGNC:18734]	10439	-0.15164576470851898	-0.4795947	No	
row_26	MFAP1	microfibril associated protein 1 [Source:HGNC Symbol;Acc:HGNC:7032]	10803	-0.21766091883182526	-0.49919412	No	
row_27	PLK1	polo like kinase 1 [Source:HGNC Symbol;Acc:HGNC:9077]	11031	-0.25624945759773254	-0.508854	No	
row_28	IARS1	isoleucyl-tRNA synthetase 1 [Source:HGNC Symbol;Acc:HGNC:5330]	11082	-0.266933798789978	-0.50643235	No	
row_29	IMMT	inner membrane mitochondrial protein [Source:HGNC Symbol;Acc:HGNC:6047]	11342	-0.3240845501422882	-0.5167685	No	
row_30	NUDC	nuclear distribution C, dynein complex regulator [Source:HGNC Symbol;Acc:HGNC:8045]	11410	-0.33885499835014343	-0.5139307	No	
row_31	TARS1	threonyl-tRNA synthetase 1 [Source:HGNC Symbol;Acc:HGNC:11572]	11863	-0.43991246819496155	-0.53468525	No	
row_32	HAT1	histone acetyltransferase 1 [Source:HGNC Symbol;Acc:HGNC:4821]	12160	-0.5164663791656494	-0.54334074	No	
row_33	YARS1	tyrosyl-tRNA synthetase 1 [Source:HGNC Symbol;Acc:HGNC:12840]	12312	-0.5609732270240784	-0.5413262	No	
row_34	RFC4	replication factor C subunit 4 [Source:HGNC Symbol;Acc:HGNC:9972]	12749	-0.6953049302101135	-0.55548984	No	
row_35	CCNB1	cyclin B1 [Source:HGNC Symbol;Acc:HGNC:1579]	13074	-0.814491331577301	-0.5595788	No	
row_36	MRPS18B	mitochondrial ribosomal protein S18B [Source:HGNC Symbol;Acc:HGNC:14516]	13404	-0.9514687061309814	-0.56104195	Yes	
row_37	FOXM1	forkhead box M1 [Source:HGNC Symbol;Acc:HGNC:3818]	13434	-0.9638227820396423	-0.54215246	Yes	
row_38	H2AZ1	H2A.Z variant histone 1 [Source:HGNC Symbol;Acc:HGNC:4741]	14000	-1.3106589317321777	-0.5516532	Yes	
row_39	MCM6	minichromosome maintenance complex component 6 [Source:HGNC Symbol;Acc:HGNC:6949]	14306	-1.6071128845214844	-0.5373391	Yes	
row_40	HDDC2	HD domain containing 2 [Source:HGNC Symbol;Acc:HGNC:21078]	14360	-1.675459384918213	-0.5046758	Yes	
row_41	HMMR	hyaluronan mediated motility receptor [Source:HGNC Symbol;Acc:HGNC:5012]	14582	-2.061784029006958	-0.4749109	Yes	
row_42	KIF11	kinesin family member 11 [Source:HGNC Symbol;Acc:HGNC:6388]	14754	-2.5594160556793213	-0.43104306	Yes	
row_43	BUB1B	BUB1 mitotic checkpoint serine/threonine kinase B [Source:HGNC Symbol;Acc:HGNC:1149]	14870	-3.0769665241241455	-0.37224	Yes	
row_44	NDC80	NDC80 kinetochore complex component [Source:HGNC Symbol;Acc:HGNC:16909]	14896	-3.2553904056549072	-0.303555	Yes	
row_45	TPX2	TPX2 microtubule nucleation factor [Source:HGNC Symbol;Acc:HGNC:1249]	14897	-3.263293504714966	-0.23302537	Yes	
row_46	KIF2C	kinesin family member 2C [Source:HGNC Symbol;Acc:HGNC:6393]	14931	-3.5643224716186523	-0.15819901	Yes	
row_47	DLGAP5	DLG associated protein 5 [Source:HGNC Symbol;Acc:HGNC:16864]	14932	-3.5822017192840576	-0.08077682	Yes	
row_48	KIF14	kinesin family member 14 [Source:HGNC Symbol;Acc:HGNC:19181]	14950	-3.8954014778137207	0.0022763927	Yes	
