NAME	SYMBOL	TITLE	RANK IN GENE LIST	RANK METRIC SCORE	RUNNING ES	CORE ENRICHMENT	
row_0	LIMA1	LIM domain and actin binding 1 [Source:HGNC Symbol;Acc:HGNC:24636]	137	2.726609468460083	0.0647204	Yes	
row_1	EGFR	epidermal growth factor receptor [Source:HGNC Symbol;Acc:HGNC:3236]	203	2.4680166244506836	0.12725042	Yes	
row_2	ARF6	ADP ribosylation factor 6 [Source:HGNC Symbol;Acc:HGNC:659]	227	2.398780584335327	0.19071421	Yes	
row_3	HGF	hepatocyte growth factor [Source:HGNC Symbol;Acc:HGNC:4893]	248	2.3586671352386475	0.2532917	Yes	
row_4	PLEKHA7	pleckstrin homology domain containing A7 [Source:HGNC Symbol;Acc:HGNC:27049]	393	2.0700464248657227	0.29975212	Yes	
row_5	CYFIP2	cytoplasmic FMR1 interacting protein 2 [Source:HGNC Symbol;Acc:HGNC:13760]	588	1.7817398309707642	0.3350548	Yes	
row_6	ACTN1	actinin alpha 1 [Source:HGNC Symbol;Acc:HGNC:163]	732	1.6485283374786377	0.37015978	Yes	
row_7	PIP5K1C	phosphatidylinositol-4-phosphate 5-kinase type 1 gamma [Source:HGNC Symbol;Acc:HGNC:8996]	829	1.5626298189163208	0.40608147	Yes	
row_8	MYO6	myosin VI [Source:HGNC Symbol;Acc:HGNC:7605]	1092	1.3962070941925049	0.42638752	Yes	
row_9	KIFC3	kinesin family member C3 [Source:HGNC Symbol;Acc:HGNC:6326]	1096	1.3925079107284546	0.46392122	Yes	
row_10	EXOC3	exocyst complex component 3 [Source:HGNC Symbol;Acc:HGNC:30378]	3748	0.6138367056846619	0.30319506	No	
row_11	ROCK1	Rho associated coiled-coil containing protein kinase 1 [Source:HGNC Symbol;Acc:HGNC:10251]	4120	0.5413535833358765	0.29304373	No	
row_12	NCK1	NCK adaptor protein 1 [Source:HGNC Symbol;Acc:HGNC:7664]	4309	0.5051639080047607	0.29415497	No	
row_13	AFDN	afadin, adherens junction formation factor [Source:HGNC Symbol;Acc:HGNC:7137]	4387	0.49420657753944397	0.30239552	No	
row_14	CTNNB1	catenin beta 1 [Source:HGNC Symbol;Acc:HGNC:2514]	4463	0.4817206561565399	0.31043154	No	
row_15	NECTIN2	nectin cell adhesion molecule 2 [Source:HGNC Symbol;Acc:HGNC:9707]	5078	0.37549129128456116	0.2795282	No	
row_16	VASP	vasodilator stimulated phosphoprotein [Source:HGNC Symbol;Acc:HGNC:12652]	5701	0.2708815932273865	0.24525489	No	
row_17	EXOC4	exocyst complex component 4 [Source:HGNC Symbol;Acc:HGNC:30389]	6838	0.09657824039459229	0.17187011	No	
row_18	GIT1	GIT ArfGAP 1 [Source:HGNC Symbol;Acc:HGNC:4272]	6954	0.08012920618057251	0.16634761	No	
row_19	MYL2	myosin light chain 2 [Source:HGNC Symbol;Acc:HGNC:7583]	6966	0.07775700837373734	0.16771875	No	
row_20	STX4	syntaxin 4 [Source:HGNC Symbol;Acc:HGNC:11439]	7148	0.052202194929122925	0.15702388	No	
row_21	AQP5	aquaporin 5 [Source:HGNC Symbol;Acc:HGNC:638]	9096	-0.0013661192497238517	0.026800647	No	
row_22	AQP3	aquaporin 3 (Gill blood group) [Source:HGNC Symbol;Acc:HGNC:636]	10534	-0.1681668609380722	-0.06478203	No	
row_23	ABI1	abl interactor 1 [Source:HGNC Symbol;Acc:HGNC:11320]	11025	-0.2544378638267517	-0.09066973	No	
row_24	MET	MET proto-oncogene, receptor tyrosine kinase [Source:HGNC Symbol;Acc:HGNC:7029]	11379	-0.3313782811164856	-0.10530677	No	
row_25	EPHA2	EPH receptor A2 [Source:HGNC Symbol;Acc:HGNC:3386]	11560	-0.3694049119949341	-0.107339114	No	
row_26	CDH1	cadherin 1 [Source:HGNC Symbol;Acc:HGNC:1748]	11618	-0.3822847902774811	-0.10079338	No	
row_27	NCKAP1	NCK associated protein 1 [Source:HGNC Symbol;Acc:HGNC:7666]	11700	-0.3995705544948578	-0.095384896	No	
row_28	CAMSAP3	calmodulin regulated spectrin associated protein family member 3 [Source:HGNC Symbol;Acc:HGNC:29307]	12810	-0.716881275177002	-0.15015422	No	
row_29	LPP	LIM domain containing preferred translocation partner in lipoma [Source:HGNC Symbol;Acc:HGNC:6679]	12820	-0.7201042771339417	-0.13124284	No	
row_30	EFNA1	ephrin A1 [Source:HGNC Symbol;Acc:HGNC:3221]	12958	-0.7667748332023621	-0.11963037	No	
row_31	MGAT3	beta-1,4-mannosyl-glycoprotein 4-beta-N-acetylglucosaminyltransferase [Source:HGNC Symbol;Acc:HGNC:7046]	13521	-1.0011454820632935	-0.13010068	No	
row_32	VCL	vinculin [Source:HGNC Symbol;Acc:HGNC:12665]	13664	-1.0820982456207275	-0.11027803	No	
row_33	CTNNA1	catenin alpha 1 [Source:HGNC Symbol;Acc:HGNC:2509]	13937	-1.2648109197616577	-0.09420161	No	
row_34	ZYX	zyxin [Source:HGNC Symbol;Acc:HGNC:13200]	13978	-1.2925996780395508	-0.06185065	No	
row_35	RHOA	ras homolog family member A [Source:HGNC Symbol;Acc:HGNC:667]	14096	-1.3861963748931885	-0.032114927	No	
row_36	CTNND1	catenin delta 1 [Source:HGNC Symbol;Acc:HGNC:2515]	14304	-1.6017303466796875	-0.0025599068	No	
row_37	EGF	epidermal growth factor [Source:HGNC Symbol;Acc:HGNC:3229]	14431	-1.7708638906478882	0.03699747	No	
