NAME	SYMBOL	TITLE	RANK IN GENE LIST	RANK METRIC SCORE	RUNNING ES	CORE ENRICHMENT	
row_0	ZC3H10	zinc finger CCCH-type containing 10 [Source:HGNC Symbol;Acc:HGNC:25893]	396	2.065812587738037	0.008589362	No	
row_1	FEZ2	fasciculation and elongation protein zeta 2 [Source:HGNC Symbol;Acc:HGNC:3660]	810	1.580286979675293	0.007784512	No	
row_2	C12orf57	chromosome 12 open reading frame 57 [Source:HGNC Symbol;Acc:HGNC:29521]	1043	1.418750286102295	0.016361263	No	
row_3	CFLAR	CASP8 and FADD like apoptosis regulator [Source:HGNC Symbol;Acc:HGNC:1876]	1942	1.057794451713562	-0.025825212	No	
row_4	FLOT1	flotillin 1 [Source:HGNC Symbol;Acc:HGNC:3757]	2088	1.0135546922683716	-0.018308228	No	
row_5	EHD1	EH domain containing 1 [Source:HGNC Symbol;Acc:HGNC:3242]	2094	1.0119829177856445	-0.0014371054	No	
row_6	ADAMTS6	ADAM metallopeptidase with thrombospondin type 1 motif 6 [Source:HGNC Symbol;Acc:HGNC:222]	2148	0.9929854869842529	0.01189472	No	
row_7	NFE2L2	NFE2 like bZIP transcription factor 2 [Source:HGNC Symbol;Acc:HGNC:7782]	2349	0.9311517477035522	0.014325315	No	
row_8	RIN1	Ras and Rab interactor 1 [Source:HGNC Symbol;Acc:HGNC:18749]	2408	0.9159078001976013	0.026011603	No	
row_9	ZBTB4	zinc finger and BTB domain containing 4 [Source:HGNC Symbol;Acc:HGNC:23847]	2525	0.8800240159034729	0.033201423	No	
row_10	NRP1	neuropilin 1 [Source:HGNC Symbol;Acc:HGNC:8004]	2769	0.8127908110618591	0.03073833	No	
row_11	ESYT1	extended synaptotagmin 1 [Source:HGNC Symbol;Acc:HGNC:29534]	3052	0.7470166087150574	0.024543678	No	
row_12	SCN5A	sodium voltage-gated channel alpha subunit 5 [Source:HGNC Symbol;Acc:HGNC:10593]	3291	0.7009202837944031	0.02051355	No	
row_13	NCOR1	nuclear receptor corepressor 1 [Source:HGNC Symbol;Acc:HGNC:7672]	3721	0.6181438565254211	0.002277843	No	
row_14	FRMD6	FERM domain containing 6 [Source:HGNC Symbol;Acc:HGNC:19839]	3812	0.603382408618927	0.006506246	No	
row_15	HIVEP3	HIVEP zinc finger 3 [Source:HGNC Symbol;Acc:HGNC:13561]	4130	0.5397228598594666	-0.0055581154	No	
row_16	SDCCAG8	SHH signaling and ciliogenesis regulator SDCCAG8 [Source:HGNC Symbol;Acc:HGNC:10671]	4209	0.5249908566474915	-0.0018584841	No	
row_17	ZBTB38	zinc finger and BTB domain containing 38 [Source:HGNC Symbol;Acc:HGNC:26636]	4225	0.5219902992248535	0.0060115186	No	
row_18	AXL	AXL receptor tyrosine kinase [Source:HGNC Symbol;Acc:HGNC:905]	4297	0.5069478154182434	0.009873418	No	
row_19	SIN3B	SIN3 transcription regulator family member B [Source:HGNC Symbol;Acc:HGNC:19354]	4820	0.41939088702201843	-0.017973142	No	
row_20	NRAS	NRAS proto-oncogene, GTPase [Source:HGNC Symbol;Acc:HGNC:7989]	5156	0.3629246950149536	-0.03424961	No	
row_21	BAP1	BRCA1 associated protein 1 [Source:HGNC Symbol;Acc:HGNC:950]	5185	0.3574032187461853	-0.030049065	No	
row_22	AFAP1	actin filament associated protein 1 [Source:HGNC Symbol;Acc:HGNC:24017]	5437	0.31124991178512573	-0.04157561	No	
row_23	POLDIP3	DNA polymerase delta interacting protein 3 [Source:HGNC Symbol;Acc:HGNC:23782]	5499	0.30005624890327454	-0.040561307	No	
row_24	TPST2	tyrosylprotein sulfotransferase 2 [Source:HGNC Symbol;Acc:HGNC:12021]	5700	0.2708822190761566	-0.04935689	No	
row_25	FOXK2	forkhead box K2 [Source:HGNC Symbol;Acc:HGNC:6036]	5875	0.23997683823108673	-0.056935772	No	
row_26	PHF1	PHD finger protein 1 [Source:HGNC Symbol;Acc:HGNC:8919]	5998	0.22066503763198853	-0.061358687	No	
row_27	UTRN	utrophin [Source:HGNC Symbol;Acc:HGNC:12635]	6627	0.1269783228635788	-0.10127962	No	
row_28	PRR5L	proline rich 5 like [Source:HGNC Symbol;Acc:HGNC:25878]	6730	0.11146266758441925	-0.10621911	No	
row_29	SQSTM1	sequestosome 1 [Source:HGNC Symbol;Acc:HGNC:11280]	6852	0.09381046891212463	-0.11273185	No	
row_30	CD68	CD68 molecule [Source:HGNC Symbol;Acc:HGNC:1693]	6999	0.07372734695672989	-0.12126121	No	
row_31	CLDN2	claudin 2 [Source:HGNC Symbol;Acc:HGNC:2041]	8331	0.0	-0.21044642	No	
row_32	CLDN6	claudin 6 [Source:HGNC Symbol;Acc:HGNC:2048]	8335	0.0	-0.21064743	No	
row_33	H2AC12	H2A clustered histone 12 [Source:HGNC Symbol;Acc:HGNC:13671]	8798	0.0	-0.24160428	No	
row_34	RGL2	ral guanine nucleotide dissociation stimulator like 2 [Source:HGNC Symbol;Acc:HGNC:9769]	9318	-0.004388020373880863	-0.27630588	No	
row_35	MICAL2	microtubule associated monooxygenase, calponin and LIM domain containing 2 [Source:HGNC Symbol;Acc:HGNC:24693]	10176	-0.1053289920091629	-0.3319393	No	
row_36	DAAM1	dishevelled associated activator of morphogenesis 1 [Source:HGNC Symbol;Acc:HGNC:18142]	10311	-0.1273016631603241	-0.3387537	No	
row_37	SPINK4	serine peptidase inhibitor Kazal type 4 [Source:HGNC Symbol;Acc:HGNC:16646]	10388	-0.14156533777713776	-0.34143922	No	
row_38	POLR2B	RNA polymerase II subunit B [Source:HGNC Symbol;Acc:HGNC:9188]	10629	-0.18594765663146973	-0.35435912	No	
row_39	PRCP	prolylcarboxypeptidase [Source:HGNC Symbol;Acc:HGNC:9344]	11050	-0.26047277450561523	-0.37807307	No	
row_40	THADA	THADA armadillo repeat containing [Source:HGNC Symbol;Acc:HGNC:19217]	11113	-0.27332043647766113	-0.37758034	No	
row_41	PGK1	phosphoglycerate kinase 1 [Source:HGNC Symbol;Acc:HGNC:8896]	11124	-0.2751316428184509	-0.3735725	No	
row_42	EPHA2	EPH receptor A2 [Source:HGNC Symbol;Acc:HGNC:3386]	11560	-0.3694049119949341	-0.3964394	No	
row_43	NOL4L	nucleolar protein 4 like [Source:HGNC Symbol;Acc:HGNC:16106]	12267	-0.5486280918121338	-0.43441775	No	
row_44	DDAH2	dimethylarginine dimethylaminohydrolase 2 [Source:HGNC Symbol;Acc:HGNC:2716]	12384	-0.5778688788414001	-0.4323653	No	
row_45	KMT5C	lysine methyltransferase 5C [Source:HGNC Symbol;Acc:HGNC:28405]	13044	-0.8025654554367065	-0.4628768	Yes	
row_46	NREP	neuronal regeneration related protein [Source:HGNC Symbol;Acc:HGNC:16834]	13105	-0.825386643409729	-0.4528636	Yes	
row_47	TNIP1	TNFAIP3 interacting protein 1 [Source:HGNC Symbol;Acc:HGNC:16903]	13414	-0.956027090549469	-0.45724675	Yes	
row_48	TAGLN2	transgelin 2 [Source:HGNC Symbol;Acc:HGNC:11554]	13730	-1.1214100122451782	-0.459287	Yes	
row_49	ARNT2	aryl hydrocarbon receptor nuclear translocator 2 [Source:HGNC Symbol;Acc:HGNC:16876]	13733	-1.1258883476257324	-0.4402782	Yes	
row_50	NXN	nucleoredoxin [Source:HGNC Symbol;Acc:HGNC:18008]	13962	-1.284427285194397	-0.43371722	Yes	
row_51	SH3BP4	SH3 domain binding protein 4 [Source:HGNC Symbol;Acc:HGNC:10826]	14402	-1.727866530418396	-0.43375504	Yes	
row_52	GABARAP	GABA type A receptor-associated protein [Source:HGNC Symbol;Acc:HGNC:4067]	14482	-1.8518835306167603	-0.40756202	Yes	
row_53	RND3	Rho family GTPase 3 [Source:HGNC Symbol;Acc:HGNC:671]	14786	-2.6412720680236816	-0.3829569	Yes	
row_54	KLF6	Kruppel like factor 6 [Source:HGNC Symbol;Acc:HGNC:2235]	14814	-2.7629661560058594	-0.33778897	Yes	
row_55	SLC12A8	solute carrier family 12 member 8 [Source:HGNC Symbol;Acc:HGNC:15595]	14864	-3.030945062637329	-0.28953886	Yes	
row_56	PLAAT5	phospholipase A and acyltransferase 5 [Source:HGNC Symbol;Acc:HGNC:24978]	14869	-3.0767862796783447	-0.2374941	Yes	
row_57	CCN2	cellular communication network factor 2 [Source:HGNC Symbol;Acc:HGNC:2500]	14873	-3.1123409271240234	-0.18477781	Yes	
row_58	KRT80	keratin 80 [Source:HGNC Symbol;Acc:HGNC:27056]	14888	-3.2033801078796387	-0.1312507	Yes	
row_59	ANKRD1	ankyrin repeat domain 1 [Source:HGNC Symbol;Acc:HGNC:15819]	14946	-3.777590036392212	-0.07084189	Yes	
row_60	GARNL3	GTPase activating Rap/RanGAP domain like 3 [Source:HGNC Symbol;Acc:HGNC:25425]	14974	-4.312385559082031	6.699126E-4	Yes	
