NAME	SYMBOL	TITLE	RANK IN GENE LIST	RANK METRIC SCORE	RUNNING ES	CORE ENRICHMENT	
row_0	NOP10	NOP10 ribonucleoprotein [Source:HGNC Symbol;Acc:HGNC:14378]	7	4.545262336730957	0.2821685	Yes	
row_1	CDK2	cyclin dependent kinase 2 [Source:HGNC Symbol;Acc:HGNC:1771]	109	2.85437273979187	0.45291263	Yes	
row_2	RUVBL2	RuvB like AAA ATPase 2 [Source:HGNC Symbol;Acc:HGNC:10475]	327	2.1892735958099365	0.5745488	Yes	
row_3	TERF2	telomeric repeat binding factor 2 [Source:HGNC Symbol;Acc:HGNC:11729]	2904	0.7825350165367126	0.45109686	No	
row_4	RUVBL1	RuvB like AAA ATPase 1 [Source:HGNC Symbol;Acc:HGNC:10474]	5090	0.37269946932792664	0.32828444	No	
row_5	TERF2IP	TERF2 interacting protein [Source:HGNC Symbol;Acc:HGNC:19246]	5108	0.3702017068862915	0.3501687	No	
row_6	PPP6C	protein phosphatase 6 catalytic subunit [Source:HGNC Symbol;Acc:HGNC:9323]	6586	0.13158313930034637	0.25966713	No	
row_7	TERF1	telomeric repeat binding factor 1 [Source:HGNC Symbol;Acc:HGNC:11728]	7043	0.06847398728132248	0.23345798	No	
row_8	ACD	ACD shelterin complex subunit and telomerase recruitment factor [Source:HGNC Symbol;Acc:HGNC:25070]	7529	0.0075871702283620834	0.20152515	No	
row_9	TERT	telomerase reverse transcriptase [Source:HGNC Symbol;Acc:HGNC:11730]	8360	0.0	0.14606981	No	
row_10	CCNA1	cyclin A1 [Source:HGNC Symbol;Acc:HGNC:1577]	8480	0.0	0.13811898	No	
row_11	PPP6R3	protein phosphatase 6 regulatory subunit 3 [Source:HGNC Symbol;Acc:HGNC:1173]	9685	-0.0341208353638649	0.059797067	No	
row_12	ANKRD28	ankyrin repeat domain 28 [Source:HGNC Symbol;Acc:HGNC:29024]	11615	-0.3818624019622803	-0.045341283	No	
row_13	DKC1	dyskerin pseudouridine synthase 1 [Source:HGNC Symbol;Acc:HGNC:2890]	11850	-0.43666547536849976	-0.033822685	No	
row_14	SHQ1	SHQ1, H/ACA ribonucleoprotein assembly factor [Source:HGNC Symbol;Acc:HGNC:25543]	12122	-0.5064804553985596	-0.020434918	No	
row_15	PIF1	PIF1 5'-to-3' DNA helicase [Source:HGNC Symbol;Acc:HGNC:26220]	12798	-0.7129863500595093	-0.021198796	No	
row_16	GAR1	GAR1 ribonucleoprotein [Source:HGNC Symbol;Acc:HGNC:14264]	14033	-1.332292079925537	-0.020801473	No	
row_17	TINF2	TERF1 interacting nuclear factor 2 [Source:HGNC Symbol;Acc:HGNC:11824]	14070	-1.3552730083465576	0.061067622	No	
