NAME	SYMBOL	TITLE	RANK IN GENE LIST	RANK METRIC SCORE	RUNNING ES	CORE ENRICHMENT	
row_0	SERPINE2	serpin family E member 2 [Source:HGNC Symbol;Acc:HGNC:8951]	96	2.913841485977173	0.09253724	Yes	
row_1	TIMP2	TIMP metallopeptidase inhibitor 2 [Source:HGNC Symbol;Acc:HGNC:11821]	135	2.7337725162506104	0.18283702	Yes	
row_2	AK1	adenylate kinase 1 [Source:HGNC Symbol;Acc:HGNC:361]	249	2.357834577560425	0.2553554	Yes	
row_3	COL8A1	collagen type VIII alpha 1 chain [Source:HGNC Symbol;Acc:HGNC:2215]	321	2.2140953540802	0.32580033	Yes	
row_4	MFAP5	microfibril associated protein 5 [Source:HGNC Symbol;Acc:HGNC:29673]	596	1.7757254838943481	0.36778575	Yes	
row_5	S100A6	S100 calcium binding protein A6 [Source:HGNC Symbol;Acc:HGNC:10496]	871	1.5245659351348877	0.40124166	Yes	
row_6	DCN	decorin [Source:HGNC Symbol;Acc:HGNC:2705]	940	1.4791616201400757	0.4469284	Yes	
row_7	ELN	elastin [Source:HGNC Symbol;Acc:HGNC:3327]	965	1.4625771045684814	0.49499372	Yes	
row_8	IGFBP6	insulin like growth factor binding protein 6 [Source:HGNC Symbol;Acc:HGNC:5475]	1010	1.4364873170852661	0.54083586	Yes	
row_9	PRRX2	paired related homeobox 2 [Source:HGNC Symbol;Acc:HGNC:21338]	1211	1.3423134088516235	0.5730499	Yes	
row_10	CCNG1	cyclin G1 [Source:HGNC Symbol;Acc:HGNC:1592]	3233	0.7116535902023315	0.46209735	No	
row_11	CTTN	cortactin [Source:HGNC Symbol;Acc:HGNC:3338]	3328	0.6923033595085144	0.47932366	No	
row_12	IGFBP4	insulin like growth factor binding protein 4 [Source:HGNC Symbol;Acc:HGNC:5473]	3336	0.6917239427566528	0.50234693	No	
row_13	COL4A5	collagen type IV alpha 5 chain [Source:HGNC Symbol;Acc:HGNC:2207]	4014	0.5611082315444946	0.4761394	No	
row_14	GPX3	glutathione peroxidase 3 [Source:HGNC Symbol;Acc:HGNC:4555]	4986	0.39022326469421387	0.42447215	No	
row_15	CCND1	cyclin D1 [Source:HGNC Symbol;Acc:HGNC:1582]	5595	0.2862163782119751	0.39354238	No	
row_16	MDM2	MDM2 proto-oncogene [Source:HGNC Symbol;Acc:HGNC:6973]	6595	0.13063174486160278	0.33118722	No	
row_17	CCN3	cellular communication network factor 3 [Source:HGNC Symbol;Acc:HGNC:7885]	7402	0.018382128328084946	0.27792367	No	
row_18	CAV1	caveolin 1 [Source:HGNC Symbol;Acc:HGNC:1527]	10069	-0.09033533185720444	0.102747194	No	
row_19	CD81	CD81 molecule [Source:HGNC Symbol;Acc:HGNC:1701]	10157	-0.10295647382736206	0.10042698	No	
row_20	CDKN1A	cyclin dependent kinase inhibitor 1A [Source:HGNC Symbol;Acc:HGNC:1784]	11151	-0.2813407778739929	0.043591145	No	
row_21	EEF2	eukaryotic translation elongation factor 2 [Source:HGNC Symbol;Acc:HGNC:3214]	11867	-0.44082367420196533	0.010758049	No	
row_22	FST	follistatin [Source:HGNC Symbol;Acc:HGNC:3971]	11904	-0.44899049401283264	0.02359911	No	
row_23	MGP	matrix Gla protein [Source:HGNC Symbol;Acc:HGNC:7060]	12003	-0.47582003474235535	0.0332061	No	
row_24	APP	amyloid beta precursor protein [Source:HGNC Symbol;Acc:HGNC:620]	12702	-0.6809346079826355	0.009663897	No	
row_25	CCND2	cyclin D2 [Source:HGNC Symbol;Acc:HGNC:1583]	13807	-1.1694958209991455	-0.024430986	No	
row_26	TINAGL1	tubulointerstitial nephritis antigen like 1 [Source:HGNC Symbol;Acc:HGNC:19168]	13895	-1.2419489622116089	0.011929601	No	
row_27	TIMP3	TIMP metallopeptidase inhibitor 3 [Source:HGNC Symbol;Acc:HGNC:11822]	14443	-1.7906708717346191	0.03617025	No	
