NAME	SYMBOL	TITLE	RANK IN GENE LIST	RANK METRIC SCORE	RUNNING ES	CORE ENRICHMENT	
row_0	CILP	cartilage intermediate layer protein [Source:HGNC Symbol;Acc:HGNC:1980]	17	3.884506940841675	0.061006956	Yes	
row_1	SULF1	sulfatase 1 [Source:HGNC Symbol;Acc:HGNC:20391]	36	3.387620449066162	0.1139975	Yes	
row_2	ADAM12	ADAM metallopeptidase domain 12 [Source:HGNC Symbol;Acc:HGNC:190]	90	2.932844400405884	0.15736711	Yes	
row_3	IGF1	insulin like growth factor 1 [Source:HGNC Symbol;Acc:HGNC:5464]	104	2.8719563484191895	0.20244287	Yes	
row_4	ENPEP	glutamyl aminopeptidase [Source:HGNC Symbol;Acc:HGNC:3355]	139	2.7231152057647705	0.24373025	Yes	
row_5	FN1	fibronectin 1 [Source:HGNC Symbol;Acc:HGNC:3778]	170	2.5948801040649414	0.28323412	Yes	
row_6	COL6A3	collagen type VI alpha 3 chain [Source:HGNC Symbol;Acc:HGNC:2213]	172	2.5908517837524414	0.3246167	Yes	
row_7	FBN1	fibrillin 1 [Source:HGNC Symbol;Acc:HGNC:3603]	183	2.557993173599243	0.36487055	Yes	
row_8	COL12A1	collagen type XII alpha 1 chain [Source:HGNC Symbol;Acc:HGNC:2188]	284	2.2789645195007324	0.3946298	Yes	
row_9	COL5A1	collagen type V alpha 1 chain [Source:HGNC Symbol;Acc:HGNC:2209]	297	2.2551093101501465	0.42990395	Yes	
row_10	COL5A2	collagen type V alpha 2 chain [Source:HGNC Symbol;Acc:HGNC:2210]	311	2.227905511856079	0.4646759	Yes	
row_11	COL8A1	collagen type VIII alpha 1 chain [Source:HGNC Symbol;Acc:HGNC:2215]	321	2.2140953540802	0.49949494	Yes	
row_12	SPARC	secreted protein acidic and cysteine rich [Source:HGNC Symbol;Acc:HGNC:11219]	386	2.0832388401031494	0.5285351	Yes	
row_13	LAMB1	laminin subunit beta 1 [Source:HGNC Symbol;Acc:HGNC:6486]	391	2.0717170238494873	0.5614113	Yes	
row_14	PRRX1	paired related homeobox 1 [Source:HGNC Symbol;Acc:HGNC:9142]	428	2.0097246170043945	0.5911516	Yes	
row_15	SFRP2	secreted frizzled related protein 2 [Source:HGNC Symbol;Acc:HGNC:10777]	807	1.5806269645690918	0.5911108	Yes	
row_16	THBS2	thrombospondin 2 [Source:HGNC Symbol;Acc:HGNC:11786]	917	1.495728850364685	0.60773647	Yes	
row_17	AEBP1	AE binding protein 1 [Source:HGNC Symbol;Acc:HGNC:303]	1532	1.2048070430755615	0.5858697	Yes	
row_18	RGS1	regulator of G protein signaling 1 [Source:HGNC Symbol;Acc:HGNC:9991]	1695	1.1464492082595825	0.59335613	Yes	
row_19	THY1	Thy-1 cell surface antigen [Source:HGNC Symbol;Acc:HGNC:11801]	1781	1.1151248216629028	0.6055009	Yes	
row_20	AGTPBP1	ATP/GTP binding carboxypeptidase 1 [Source:HGNC Symbol;Acc:HGNC:17258]	1913	1.0708128213882446	0.6138544	Yes	
row_21	ASPN	asporin [Source:HGNC Symbol;Acc:HGNC:14872]	2158	0.9910378456115723	0.6133599	Yes	
row_22	BGN	biglycan [Source:HGNC Symbol;Acc:HGNC:1044]	2201	0.9780003428459167	0.62619215	Yes	
row_23	COL3A1	collagen type III alpha 1 chain [Source:HGNC Symbol;Acc:HGNC:2201]	2459	0.9016023874282837	0.6233958	Yes	
row_24	COL1A1	collagen type I alpha 1 chain [Source:HGNC Symbol;Acc:HGNC:2197]	2665	0.8409504890441895	0.62311345	Yes	
row_25	CCN4	cellular communication network factor 4 [Source:HGNC Symbol;Acc:HGNC:12769]	2715	0.8270912766456604	0.6330623	Yes	
row_26	INHBA	inhibin subunit beta A [Source:HGNC Symbol;Acc:HGNC:6066]	2877	0.7879118323326111	0.6348797	Yes	
row_27	COL1A2	collagen type I alpha 2 chain [Source:HGNC Symbol;Acc:HGNC:2198]	3961	0.572643518447876	0.5714734	No	
row_28	COL11A1	collagen type XI alpha 1 chain [Source:HGNC Symbol;Acc:HGNC:2186]	4084	0.5486277937889099	0.57207584	No	
row_29	UXS1	UDP-glucuronate decarboxylase 1 [Source:HGNC Symbol;Acc:HGNC:17729]	4271	0.5117994546890259	0.5678007	No	
row_30	FNDC1	fibronectin type III domain containing 1 [Source:HGNC Symbol;Acc:HGNC:21184]	4655	0.4464946389198303	0.5492806	No	
row_31	ASAP1	ArfGAP with SH3 domain, ankyrin repeat and PH domain 1 [Source:HGNC Symbol;Acc:HGNC:2720]	4834	0.41572684049606323	0.54400444	No	
row_32	PLXNC1	plexin C1 [Source:HGNC Symbol;Acc:HGNC:9106]	5483	0.3027861714363098	0.50542855	No	
row_33	SMCHD1	structural maintenance of chromosomes flexible hinge domain containing 1 [Source:HGNC Symbol;Acc:HGNC:29090]	5533	0.29544883966445923	0.506872	No	
row_34	IFI44	interferon induced protein 44 [Source:HGNC Symbol;Acc:HGNC:16938]	5568	0.2901219129562378	0.50923526	No	
row_35	CD69	CD69 molecule [Source:HGNC Symbol;Acc:HGNC:1694]	5751	0.2623777687549591	0.5012378	No	
row_36	RAP2C	RAP2C, member of RAS oncogene family [Source:HGNC Symbol;Acc:HGNC:21165]	5811	0.2521355152130127	0.5013182	No	
row_37	LOX	lysyl oxidase [Source:HGNC Symbol;Acc:HGNC:6664]	6009	0.21861900389194489	0.49161556	No	
row_38	SSR1	signal sequence receptor subunit 1 [Source:HGNC Symbol;Acc:HGNC:11323]	6510	0.14119195938110352	0.46037132	No	
row_39	COMP	cartilage oligomeric matrix protein [Source:HGNC Symbol;Acc:HGNC:2227]	6710	0.11469240486621857	0.448872	No	
row_40	PLXDC1	plexin domain containing 1 [Source:HGNC Symbol;Acc:HGNC:20945]	6796	0.10293978452682495	0.44482335	No	
row_41	DOCK1	dedicator of cytokinesis 1 [Source:HGNC Symbol;Acc:HGNC:2987]	7282	0.03553386032581329	0.41289386	No	
row_42	TAGAP	T cell activation RhoGTPase activating protein [Source:HGNC Symbol;Acc:HGNC:15669]	7425	0.015589837916195393	0.40362838	No	
row_43	LRRC15	leucine rich repeat containing 15 [Source:HGNC Symbol;Acc:HGNC:20818]	8042	0.0	0.36235258	No	
row_44	VCAN	versican [Source:HGNC Symbol;Acc:HGNC:2464]	9079	-0.0012058996362611651	0.2929535	No	
row_45	TIE1	tyrosine kinase with immunoglobulin like and EGF like domains 1 [Source:HGNC Symbol;Acc:HGNC:11809]	9844	-0.05574347823858261	0.2426526	No	
row_46	MICAL2	microtubule associated monooxygenase, calponin and LIM domain containing 2 [Source:HGNC Symbol;Acc:HGNC:24693]	10176	-0.1053289920091629	0.22215866	No	
row_47	LYZ	lysozyme [Source:HGNC Symbol;Acc:HGNC:6740]	10181	-0.10660814493894577	0.2235962	No	
row_48	C5AR1	complement C5a receptor 1 [Source:HGNC Symbol;Acc:HGNC:1338]	10285	-0.12360549718141556	0.21867205	No	
row_49	SPAG9	sperm associated antigen 9 [Source:HGNC Symbol;Acc:HGNC:14524]	10502	-0.16238799691200256	0.20679668	No	
row_50	CXCR4	C-X-C motif chemokine receptor 4 [Source:HGNC Symbol;Acc:HGNC:2561]	10644	-0.188187375664711	0.20035952	No	
row_51	EDNRA	endothelin receptor type A [Source:HGNC Symbol;Acc:HGNC:3179]	10715	-0.20077908039093018	0.19888124	No	
row_52	POSTN	periostin [Source:HGNC Symbol;Acc:HGNC:16953]	10760	-0.2092679888010025	0.19928093	No	
row_53	RAB18	RAB18, member RAS oncogene family [Source:HGNC Symbol;Acc:HGNC:14244]	10845	-0.2248607575893402	0.19724983	No	
row_54	ZEB1	zinc finger E-box binding homeobox 1 [Source:HGNC Symbol;Acc:HGNC:11642]	11323	-0.31939709186553955	0.17039774	No	
row_55	GPX8	glutathione peroxidase 8 (putative) [Source:HGNC Symbol;Acc:HGNC:33100]	11395	-0.33548739552497864	0.17100759	No	
row_56	NAA15	N-alpha-acetyltransferase 15, NatA auxiliary subunit [Source:HGNC Symbol;Acc:HGNC:30782]	12149	-0.5130122303962708	0.12875934	No	
row_57	CTHRC1	collagen triple helix repeat containing 1 [Source:HGNC Symbol;Acc:HGNC:18831]	12775	-0.7032564878463745	0.0981315	No	
row_58	UBTD2	ubiquitin domain containing 2 [Source:HGNC Symbol;Acc:HGNC:24463]	12994	-0.7799240946769714	0.09600173	No	
row_59	GNA13	G protein subunit alpha 13 [Source:HGNC Symbol;Acc:HGNC:4381]	13520	-1.0005751848220825	0.07683113	No	
row_60	SULF2	sulfatase 2 [Source:HGNC Symbol;Acc:HGNC:20392]	14022	-1.3250601291656494	0.06445995	No	
