NAME	SYMBOL	TITLE	RANK IN GENE LIST	RANK METRIC SCORE	RUNNING ES	CORE ENRICHMENT	
row_0	EHD3	EH domain containing 3 [Source:HGNC Symbol;Acc:HGNC:3244]	1357	1.2783726453781128	-0.027008822	No	
row_1	LACTB	lactamase beta [Source:HGNC Symbol;Acc:HGNC:16468]	1389	1.2641499042510986	0.033874888	No	
row_2	APPL2	adaptor protein, phosphotyrosine interacting with PH domain and leucine zipper 2 [Source:HGNC Symbol;Acc:HGNC:18242]	2115	1.005062460899353	0.035484187	No	
row_3	PPFIBP1	PPFIA binding protein 1 [Source:HGNC Symbol;Acc:HGNC:9249]	2197	0.9787012934684753	0.07881156	No	
row_4	PMEPA1	prostate transmembrane protein, androgen induced 1 [Source:HGNC Symbol;Acc:HGNC:14107]	2962	0.7674009799957275	0.06597933	No	
row_5	NMD3	NMD3 ribosome export adaptor [Source:HGNC Symbol;Acc:HGNC:24250]	3918	0.5801733732223511	0.031060847	No	
row_6	CCND1	cyclin D1 [Source:HGNC Symbol;Acc:HGNC:1582]	5595	0.2862163782119751	-0.06667266	No	
row_7	TOB2	transducer of ERBB2, 2 [Source:HGNC Symbol;Acc:HGNC:11980]	5934	0.22978854179382324	-0.07781364	No	
row_8	ZNF655	zinc finger protein 655 [Source:HGNC Symbol;Acc:HGNC:30899]	6296	0.17219208180904388	-0.09335976	No	
row_9	ZNF614	zinc finger protein 614 [Source:HGNC Symbol;Acc:HGNC:24722]	6299	0.17170308530330658	-0.08494253	No	
row_10	GPRC5A	G protein-coupled receptor class C group 5 member A [Source:HGNC Symbol;Acc:HGNC:9836]	9331	-0.004782308358699083	-0.2872301	No	
row_11	DYNLRB1	dynein light chain roadblock-type 1 [Source:HGNC Symbol;Acc:HGNC:15468]	9596	-0.02358901873230934	-0.30369535	No	
row_12	ITGB8	integrin subunit beta 8 [Source:HGNC Symbol;Acc:HGNC:6163]	11929	-0.4550391137599945	-0.43685412	No	
row_13	CITED2	Cbp/p300 interacting transactivator with Glu/Asp rich carboxy-terminal domain 2 [Source:HGNC Symbol;Acc:HGNC:1987]	14099	-1.3894771337509155	-0.51258624	Yes	
row_14	SH3BP4	SH3 domain binding protein 4 [Source:HGNC Symbol;Acc:HGNC:10826]	14402	-1.727866530418396	-0.44671696	Yes	
row_15	CLIP4	CAP-Gly domain containing linker protein family member 4 [Source:HGNC Symbol;Acc:HGNC:26108]	14457	-1.810418725013733	-0.36016572	Yes	
row_16	PRAG1	PEAK1 related, kinase-activating pseudokinase 1 [Source:HGNC Symbol;Acc:HGNC:25438]	14664	-2.2635843753814697	-0.26120302	Yes	
row_17	SERPINE1	serpin family E member 1 [Source:HGNC Symbol;Acc:HGNC:8583]	14753	-2.5593323707580566	-0.13962744	Yes	
row_18	CCN2	cellular communication network factor 2 [Source:HGNC Symbol;Acc:HGNC:2500]	14873	-3.1123409271240234	0.0074167987	Yes	
