NAME	SYMBOL	TITLE	RANK IN GENE LIST	RANK METRIC SCORE	RUNNING ES	CORE ENRICHMENT	
row_0	AP1G2	adaptor related protein complex 1 subunit gamma 2 [Source:HGNC Symbol;Acc:HGNC:556]	441	1.9922442436218262	-0.01415779	No	
row_1	SGO2	shugoshin 2 [Source:HGNC Symbol;Acc:HGNC:30812]	665	1.7112377882003784	-0.015823008	No	
row_2	DCLRE1C	DNA cross-link repair 1C [Source:HGNC Symbol;Acc:HGNC:17642]	1261	1.3208558559417725	-0.045596126	No	
row_3	DENND2B	DENN domain containing 2B [Source:HGNC Symbol;Acc:HGNC:11350]	1304	1.3018977642059326	-0.038263116	No	
row_4	S100A14	S100 calcium binding protein A14 [Source:HGNC Symbol;Acc:HGNC:18901]	1319	1.2970585823059082	-0.0290816	No	
row_5	GPSM2	G protein signaling modulator 2 [Source:HGNC Symbol;Acc:HGNC:29501]	1350	1.2804774045944214	-0.021107389	No	
row_6	CEP290	centrosomal protein 290 [Source:HGNC Symbol;Acc:HGNC:29021]	1535	1.2043803930282593	-0.024101742	No	
row_7	STIL	STIL centriolar assembly protein [Source:HGNC Symbol;Acc:HGNC:10879]	1693	1.1485213041305542	-0.025713207	No	
row_8	CENPO	centromere protein O [Source:HGNC Symbol;Acc:HGNC:28152]	1788	1.1126981973648071	-0.023360165	No	
row_9	STK4	serine/threonine kinase 4 [Source:HGNC Symbol;Acc:HGNC:11408]	1958	1.0551812648773193	-0.026508637	No	
row_10	BTBD3	BTB domain containing 3 [Source:HGNC Symbol;Acc:HGNC:15854]	2038	1.0286993980407715	-0.023800766	No	
row_11	CDC7	cell division cycle 7 [Source:HGNC Symbol;Acc:HGNC:1745]	2114	1.0057770013809204	-0.021002356	No	
row_12	SIPA1L3	signal induced proliferation associated 1 like 3 [Source:HGNC Symbol;Acc:HGNC:23801]	2154	0.9917812347412109	-0.015887974	No	
row_13	PTPRA	protein tyrosine phosphatase receptor type A [Source:HGNC Symbol;Acc:HGNC:9664]	2304	0.9460853338241577	-0.018540688	No	
row_14	CEP135	centrosomal protein 135 [Source:HGNC Symbol;Acc:HGNC:29086]	2387	0.9200460314750671	-0.016883053	No	
row_15	KIAA1958	KIAA1958 [Source:HGNC Symbol;Acc:HGNC:23427]	2606	0.8588006496429443	-0.024865443	No	
row_16	SFMBT1	Scm like with four mbt domains 1 [Source:HGNC Symbol;Acc:HGNC:20255]	2794	0.8086098432540894	-0.031151228	No	
row_17	CDC25B	cell division cycle 25B [Source:HGNC Symbol;Acc:HGNC:1726]	2931	0.7758665084838867	-0.03425687	No	
row_18	KLHL42	kelch like family member 42 [Source:HGNC Symbol;Acc:HGNC:29252]	3071	0.7435593008995056	-0.037816804	No	
row_19	TAF5	TATA-box binding protein associated factor 5 [Source:HGNC Symbol;Acc:HGNC:11539]	3099	0.7378197312355042	-0.0338764	No	
row_20	DROSHA	drosha ribonuclease III [Source:HGNC Symbol;Acc:HGNC:17904]	3203	0.717046320438385	-0.035218067	No	
row_21	PHTF2	putative homeodomain transcription factor 2 [Source:HGNC Symbol;Acc:HGNC:13411]	3206	0.7163291573524475	-0.029761234	No	
row_22	MAP3K4	mitogen-activated protein kinase kinase kinase 4 [Source:HGNC Symbol;Acc:HGNC:6856]	3222	0.7130146622657776	-0.025206052	No	
row_23	SOX9	SRY-box transcription factor 9 [Source:HGNC Symbol;Acc:HGNC:11204]	3276	0.7044767141342163	-0.023277469	No	
row_24	P3H4	prolyl 3-hydroxylase family member 4 (inactive) [Source:HGNC Symbol;Acc:HGNC:16946]	3428	0.6759388446807861	-0.028173644	No	
row_25	MRE11	MRE11 homolog, double strand break repair nuclease [Source:HGNC Symbol;Acc:HGNC:7230]	3502	0.6633788347244263	-0.027913213	No	
row_26	NR6A1	nuclear receptor subfamily 6 group A member 1 [Source:HGNC Symbol;Acc:HGNC:7985]	3622	0.6370417475700378	-0.03095726	No	
row_27	GOLGA3	golgin A3 [Source:HGNC Symbol;Acc:HGNC:4426]	3627	0.6360387206077576	-0.026261898	No	
row_28	RRP1B	ribosomal RNA processing 1B [Source:HGNC Symbol;Acc:HGNC:23818]	3691	0.6239388585090637	-0.025635658	No	
row_29	DDX4	DEAD-box helicase 4 [Source:HGNC Symbol;Acc:HGNC:18700]	3850	0.5947470664978027	-0.031637173	No	
row_30	ZWINT	ZW10 interacting kinetochore protein [Source:HGNC Symbol;Acc:HGNC:13195]	3970	0.571140468120575	-0.035195637	No	
row_31	GPD2	glycerol-3-phosphate dehydrogenase 2 [Source:HGNC Symbol;Acc:HGNC:4456]	4056	0.5535973310470581	-0.036600552	No	
row_32	C2CD5	C2 calcium dependent domain containing 5 [Source:HGNC Symbol;Acc:HGNC:29062]	4204	0.5260051488876343	-0.042397622	No	
row_33	OLA1	Obg like ATPase 1 [Source:HGNC Symbol;Acc:HGNC:28833]	4369	0.49741220474243164	-0.049563125	No	
row_34	IFT57	intraflagellar transport 57 [Source:HGNC Symbol;Acc:HGNC:17367]	4385	0.494539350271225	-0.046713326	No	
row_35	EPC1	enhancer of polycomb homolog 1 [Source:HGNC Symbol;Acc:HGNC:19876]	4454	0.48417219519615173	-0.047514923	No	
row_36	FAM126A	family with sequence similarity 126 member A [Source:HGNC Symbol;Acc:HGNC:24587]	4651	0.4470701813697815	-0.057229143	No	
row_37	RFX3	regulatory factor X3 [Source:HGNC Symbol;Acc:HGNC:9984]	4972	0.3928665518760681	-0.07572001	No	
row_38	ZBED5	zinc finger BED-type containing 5 [Source:HGNC Symbol;Acc:HGNC:30803]	5109	0.36991697549819946	-0.081994444	No	
row_39	DDX27	DEAD-box helicase 27 [Source:HGNC Symbol;Acc:HGNC:15837]	5235	0.3506391644477844	-0.08767831	No	
row_40	USP4	ubiquitin specific peptidase 4 [Source:HGNC Symbol;Acc:HGNC:12627]	5381	0.32361045479774475	-0.09492051	No	
row_41	ADAM17	ADAM metallopeptidase domain 17 [Source:HGNC Symbol;Acc:HGNC:195]	5390	0.3208673894405365	-0.0929548	No	
row_42	RIC8B	RIC8 guanine nucleotide exchange factor B [Source:HGNC Symbol;Acc:HGNC:25555]	5454	0.307947039604187	-0.094795145	No	
row_43	GNPTAB	N-acetylglucosamine-1-phosphate transferase subunits alpha and beta [Source:HGNC Symbol;Acc:HGNC:29670]	5503	0.2997049391269684	-0.09568932	No	
row_44	CCDC28B	coiled-coil domain containing 28B [Source:HGNC Symbol;Acc:HGNC:28163]	5649	0.2797243297100067	-0.103274085	No	
row_45	MAPK13	mitogen-activated protein kinase 13 [Source:HGNC Symbol;Acc:HGNC:6875]	5788	0.25525906682014465	-0.110578254	No	
row_46	ZNF292	zinc finger protein 292 [Source:HGNC Symbol;Acc:HGNC:18410]	5819	0.25072571635246277	-0.11064214	No	
row_47	NAP1L1	nucleosome assembly protein 1 like 1 [Source:HGNC Symbol;Acc:HGNC:7637]	5831	0.24882039427757263	-0.10944093	No	
row_48	SALL4	spalt like transcription factor 4 [Source:HGNC Symbol;Acc:HGNC:15924]	5968	0.2251986563205719	-0.116845004	No	
row_49	USP37	ubiquitin specific peptidase 37 [Source:HGNC Symbol;Acc:HGNC:20063]	6012	0.21791699528694153	-0.11804077	No	
row_50	DNA2	DNA replication helicase/nuclease 2 [Source:HGNC Symbol;Acc:HGNC:2939]	6080	0.2070235162973404	-0.12093838	No	
row_51	BARD1	BRCA1 associated RING domain 1 [Source:HGNC Symbol;Acc:HGNC:952]	6122	0.1990821212530136	-0.122146435	No	
row_52	STRBP	spermatid perinuclear RNA binding protein [Source:HGNC Symbol;Acc:HGNC:16462]	6149	0.19548359513282776	-0.12237207	No	
row_53	RAB34	RAB34, member RAS oncogene family [Source:HGNC Symbol;Acc:HGNC:16519]	6153	0.19502130150794983	-0.121051855	No	
row_54	CDC20	cell division cycle 20 [Source:HGNC Symbol;Acc:HGNC:1723]	6386	0.15966562926769257	-0.13543475	No	
row_55	NDE1	nudE neurodevelopment protein 1 [Source:HGNC Symbol;Acc:HGNC:17619]	6423	0.15362854301929474	-0.13666075	No	
row_56	INTS4	integrator complex subunit 4 [Source:HGNC Symbol;Acc:HGNC:25048]	6711	0.11466584354639053	-0.1551001	No	
row_57	DNM1L	dynamin 1 like [Source:HGNC Symbol;Acc:HGNC:2973]	6858	0.09326273947954178	-0.16420773	No	
row_58	ARID2	AT-rich interaction domain 2 [Source:HGNC Symbol;Acc:HGNC:18037]	6875	0.09078727662563324	-0.16457693	No	
row_59	RRM1	ribonucleotide reductase catalytic subunit M1 [Source:HGNC Symbol;Acc:HGNC:10451]	6879	0.09040339291095734	-0.16407336	No	
row_60	TENT5C	terminal nucleotidyltransferase 5C [Source:HGNC Symbol;Acc:HGNC:24712]	7132	0.05421304702758789	-0.18062674	No	
row_61	GAL3ST1	galactose-3-O-sulfotransferase 1 [Source:HGNC Symbol;Acc:HGNC:24240]	7438	0.013935662806034088	-0.20106497	No	
row_62	MEX3C	mex-3 RNA binding family member C [Source:HGNC Symbol;Acc:HGNC:28040]	7469	0.011328643187880516	-0.20299757	No	
row_63	SLC35D3	solute carrier family 35 member D3 [Source:HGNC Symbol;Acc:HGNC:15621]	7470	0.011321262456476688	-0.2029092	No	
row_64	RBPJ	recombination signal binding protein for immunoglobulin kappa J region [Source:HGNC Symbol;Acc:HGNC:5724]	7623	0.0040110815316438675	-0.2131177	No	
row_65	TAC1	tachykinin precursor 1 [Source:HGNC Symbol;Acc:HGNC:11517]	8198	0.0	-0.25178653	No	
row_66	FZD10	frizzled class receptor 10 [Source:HGNC Symbol;Acc:HGNC:4039]	8596	0.0	-0.27853134	No	
row_67	TROAP	trophinin associated protein [Source:HGNC Symbol;Acc:HGNC:12327]	9332	-0.004795729648321867	-0.32800886	No	
row_68	POGLUT2	protein O-glucosyltransferase 2 [Source:HGNC Symbol;Acc:HGNC:19350]	9400	-0.007721917703747749	-0.3324622	No	
row_69	CDCA3	cell division cycle associated 3 [Source:HGNC Symbol;Acc:HGNC:14624]	9694	-0.03528812900185585	-0.35192534	No	
row_70	RAE1	ribonucleic acid export 1 [Source:HGNC Symbol;Acc:HGNC:9828]	9734	-0.03996733948588371	-0.3542407	No	
row_71	NCOA6	nuclear receptor coactivator 6 [Source:HGNC Symbol;Acc:HGNC:15936]	9839	-0.055362239480018616	-0.36081475	No	
row_72	ARX	aristaless related homeobox [Source:HGNC Symbol;Acc:HGNC:18060]	9843	-0.05566588044166565	-0.36058232	No	
row_73	ZNF532	zinc finger protein 532 [Source:HGNC Symbol;Acc:HGNC:30940]	9972	-0.0753685012459755	-0.36861703	No	
row_74	GLMN	glomulin, FKBP associated protein [Source:HGNC Symbol;Acc:HGNC:14373]	9996	-0.07864552736282349	-0.36955258	No	
row_75	UPF3B	UPF3B regulator of nonsense mediated mRNA decay [Source:HGNC Symbol;Acc:HGNC:20439]	10209	-0.11120200902223587	-0.3829664	No	
row_76	ZNF263	zinc finger protein 263 [Source:HGNC Symbol;Acc:HGNC:13056]	10216	-0.11222709715366364	-0.3824946	No	
row_77	RAD54L	RAD54 like [Source:HGNC Symbol;Acc:HGNC:9826]	10331	-0.13038870692253113	-0.38915667	No	
row_78	CWC22	CWC22 spliceosome associated protein homolog [Source:HGNC Symbol;Acc:HGNC:29322]	10377	-0.13926219940185547	-0.39110112	No	
row_79	POLD3	DNA polymerase delta 3, accessory subunit [Source:HGNC Symbol;Acc:HGNC:20932]	10695	-0.19732409715652466	-0.41091627	No	
row_80	ALMS1	ALMS1 centrosome and basal body associated protein [Source:HGNC Symbol;Acc:HGNC:428]	10863	-0.22715899348258972	-0.42039344	No	
row_81	THOC1	THO complex 1 [Source:HGNC Symbol;Acc:HGNC:19070]	10959	-0.24336795508861542	-0.42489362	No	
row_82	DHRS13	dehydrogenase/reductase 13 [Source:HGNC Symbol;Acc:HGNC:28326]	11194	-0.2908955216407776	-0.4383869	No	
row_83	FANCI	FA complementation group I [Source:HGNC Symbol;Acc:HGNC:25568]	11226	-0.2975483536720276	-0.43815264	No	
row_84	ARID3A	AT-rich interaction domain 3A [Source:HGNC Symbol;Acc:HGNC:3031]	11354	-0.3255923092365265	-0.44416678	No	
row_85	HMGXB4	HMG-box containing 4 [Source:HGNC Symbol;Acc:HGNC:5003]	11471	-0.35141971707344055	-0.44923824	No	
row_86	TDG	thymine DNA glycosylase [Source:HGNC Symbol;Acc:HGNC:11700]	11593	-0.37612107396125793	-0.45445374	No	
row_87	MACROH2A2	macroH2A.2 histone [Source:HGNC Symbol;Acc:HGNC:14453]	11619	-0.38288888335227966	-0.45314914	No	
row_88	USP28	ubiquitin specific peptidase 28 [Source:HGNC Symbol;Acc:HGNC:12625]	11694	-0.3985397219657898	-0.45502338	No	
row_89	CENPM	centromere protein M [Source:HGNC Symbol;Acc:HGNC:18352]	11746	-0.40957415103912354	-0.45526204	No	
row_90	TRMT6	tRNA methyltransferase 6 non-catalytic subunit [Source:HGNC Symbol;Acc:HGNC:20900]	11770	-0.4156855046749115	-0.4535667	No	
row_91	CDC25A	cell division cycle 25A [Source:HGNC Symbol;Acc:HGNC:1725]	11803	-0.42595571279525757	-0.4523975	No	
row_92	WDR75	WD repeat domain 75 [Source:HGNC Symbol;Acc:HGNC:25725]	12343	-0.5692755579948425	-0.48426476	No	
row_93	SUMO2	small ubiquitin like modifier 2 [Source:HGNC Symbol;Acc:HGNC:11125]	12518	-0.6175097823143005	-0.49116647	Yes	
row_94	SANBR	SANT and BTB domain regulator of CSR [Source:HGNC Symbol;Acc:HGNC:29387]	12519	-0.6186056733131409	-0.48633772	Yes	
row_95	METTL8	methyltransferase 8, methylcytidine [Source:HGNC Symbol;Acc:HGNC:25856]	12571	-0.6340202689170837	-0.4848244	Yes	
row_96	ECT2	epithelial cell transforming 2 [Source:HGNC Symbol;Acc:HGNC:3155]	12665	-0.6674524545669556	-0.4858795	Yes	
row_97	KIF20A	kinesin family member 20A [Source:HGNC Symbol;Acc:HGNC:9787]	12780	-0.7049515843391418	-0.48805663	Yes	
row_98	TTK	TTK protein kinase [Source:HGNC Symbol;Acc:HGNC:12401]	12860	-0.7347092628479004	-0.4876436	Yes	
row_99	POLA1	DNA polymerase alpha 1, catalytic subunit [Source:HGNC Symbol;Acc:HGNC:9173]	12866	-0.7356603741645813	-0.48223796	Yes	
row_100	SOX4	SRY-box transcription factor 4 [Source:HGNC Symbol;Acc:HGNC:11200]	12932	-0.7551363706588745	-0.48072234	Yes	
row_101	CDS1	CDP-diacylglycerol synthase 1 [Source:HGNC Symbol;Acc:HGNC:1800]	12979	-0.7738997936248779	-0.47778028	Yes	
row_102	MCM8	minichromosome maintenance 8 homologous recombination repair factor [Source:HGNC Symbol;Acc:HGNC:16147]	13066	-0.8088124394416809	-0.4772604	Yes	
row_103	EZH2	enhancer of zeste 2 polycomb repressive complex 2 subunit [Source:HGNC Symbol;Acc:HGNC:3527]	13122	-0.8330672979354858	-0.47446278	Yes	
row_104	NCAPG	non-SMC condensin I complex subunit G [Source:HGNC Symbol;Acc:HGNC:24304]	13243	-0.8847095966339111	-0.47564095	Yes	
row_105	PIGA	phosphatidylinositol glycan anchor biosynthesis class A [Source:HGNC Symbol;Acc:HGNC:8957]	13318	-0.9171288013458252	-0.47346714	Yes	
row_106	GPR157	G protein-coupled receptor 157 [Source:HGNC Symbol;Acc:HGNC:23687]	13620	-1.0556622743606567	-0.48550433	Yes	
row_107	ZNF397	zinc finger protein 397 [Source:HGNC Symbol;Acc:HGNC:18818]	13656	-1.0786678791046143	-0.47944227	Yes	
row_108	BLM	BLM RecQ like helicase [Source:HGNC Symbol;Acc:HGNC:1058]	13755	-1.1381428241729736	-0.47716007	Yes	
row_109	NCAPH	non-SMC condensin I complex subunit H [Source:HGNC Symbol;Acc:HGNC:1112]	13810	-1.173505425453186	-0.4716377	Yes	
row_110	MCM10	minichromosome maintenance 10 replication initiation factor [Source:HGNC Symbol;Acc:HGNC:18043]	13818	-1.1795371770858765	-0.46290195	Yes	
row_111	CDCA8	cell division cycle associated 8 [Source:HGNC Symbol;Acc:HGNC:14629]	13994	-1.3076554536819458	-0.46448386	Yes	
row_112	GABRB3	gamma-aminobutyric acid type A receptor subunit beta3 [Source:HGNC Symbol;Acc:HGNC:4083]	14067	-1.3537930250167847	-0.4587668	Yes	
row_113	DCLRE1B	DNA cross-link repair 1B [Source:HGNC Symbol;Acc:HGNC:17641]	14079	-1.3621081113815308	-0.4488754	Yes	
row_114	KIF20B	kinesin family member 20B [Source:HGNC Symbol;Acc:HGNC:7212]	14109	-1.3956464529037476	-0.43993482	Yes	
row_115	PCYOX1L	prenylcysteine oxidase 1 like [Source:HGNC Symbol;Acc:HGNC:28477]	14143	-1.43761146068573	-0.43093613	Yes	
row_116	KIF18A	kinesin family member 18A [Source:HGNC Symbol;Acc:HGNC:29441]	14180	-1.463278889656067	-0.42193922	Yes	
row_117	ANLN	anillin actin binding protein [Source:HGNC Symbol;Acc:HGNC:14082]	14291	-1.574148178100586	-0.417062	Yes	
row_118	MCM6	minichromosome maintenance complex component 6 [Source:HGNC Symbol;Acc:HGNC:6949]	14306	-1.6071128845214844	-0.40546027	Yes	
row_119	NEMP1	nuclear envelope integral membrane protein 1 [Source:HGNC Symbol;Acc:HGNC:29001]	14322	-1.628154993057251	-0.39376163	Yes	
row_120	HJURP	Holliday junction recognition protein [Source:HGNC Symbol;Acc:HGNC:25444]	14357	-1.6726933717727661	-0.3829953	Yes	
row_121	CENPE	centromere protein E [Source:HGNC Symbol;Acc:HGNC:1856]	14448	-1.7953137159347534	-0.37504438	Yes	
row_122	KNTC1	kinetochore associated 1 [Source:HGNC Symbol;Acc:HGNC:17255]	14450	-1.7968876361846924	-0.3610855	Yes	
row_123	CKAP2L	cytoskeleton associated protein 2 like [Source:HGNC Symbol;Acc:HGNC:26877]	14526	-1.9393779039382935	-0.35099953	Yes	
row_124	LMNB1	lamin B1 [Source:HGNC Symbol;Acc:HGNC:6637]	14542	-1.9696097373962402	-0.33663553	Yes	
row_125	STMN1	stathmin 1 [Source:HGNC Symbol;Acc:HGNC:6510]	14606	-2.1393916606903076	-0.3241799	Yes	
row_126	KIF4A	kinesin family member 4A [Source:HGNC Symbol;Acc:HGNC:13339]	14617	-2.15352463722229	-0.30804345	Yes	
row_127	NUAK1	NUAK family kinase 1 [Source:HGNC Symbol;Acc:HGNC:14311]	14642	-2.2286314964294434	-0.29226387	Yes	
row_128	TOP2A	DNA topoisomerase II alpha [Source:HGNC Symbol;Acc:HGNC:11989]	14648	-2.242231607437134	-0.27509815	Yes	
row_129	CEP55	centrosomal protein 55 [Source:HGNC Symbol;Acc:HGNC:1161]	14678	-2.301323652267456	-0.25908798	Yes	
row_130	TDRD9	tudor domain containing 9 [Source:HGNC Symbol;Acc:HGNC:20122]	14745	-2.540802240371704	-0.24370107	Yes	
row_131	PCLAF	PCNA clamp associated factor [Source:HGNC Symbol;Acc:HGNC:28961]	14788	-2.644463539123535	-0.2258882	Yes	
row_132	KIF15	kinesin family member 15 [Source:HGNC Symbol;Acc:HGNC:17273]	14825	-2.8203647136688232	-0.20629804	Yes	
row_133	HK2	hexokinase 2 [Source:HGNC Symbol;Acc:HGNC:4923]	14844	-2.9263062477111816	-0.1846683	Yes	
row_134	NDC80	NDC80 kinetochore complex component [Source:HGNC Symbol;Acc:HGNC:16909]	14896	-3.2553904056549072	-0.1626929	Yes	
row_135	TPX2	TPX2 microtubule nucleation factor [Source:HGNC Symbol;Acc:HGNC:1249]	14897	-3.263293504714966	-0.13722008	Yes	
row_136	KIF2C	kinesin family member 2C [Source:HGNC Symbol;Acc:HGNC:6393]	14931	-3.5643224716186523	-0.1116206	Yes	
row_137	DLGAP5	DLG associated protein 5 [Source:HGNC Symbol;Acc:HGNC:16864]	14932	-3.5822017192840576	-0.08365843	Yes	
row_138	MELK	maternal embryonic leucine zipper kinase [Source:HGNC Symbol;Acc:HGNC:16870]	14933	-3.5859713554382324	-0.055666834	Yes	
row_139	CTNND2	catenin delta 2 [Source:HGNC Symbol;Acc:HGNC:2516]	14937	-3.657520055770874	-0.027318839	Yes	
row_140	DEPDC1B	DEP domain containing 1B [Source:HGNC Symbol;Acc:HGNC:24902]	14951	-3.896806001663208	0.0022233138	Yes	
